# WaveFront *.obj file (generated by Autodesk ATF)

mtllib ibon.mtl

g customized 3D sample - URDANETA.obj

v 0.249985 -0.722684 -0.364789
v -0.172769 -3.035390 1.240104
v -0.688647 0.841028 -3.854329
v -0.656136 0.833389 -3.905712
v -0.667838 0.837477 -3.847662
v 0.227206 1.080648 -4.346200
v 0.173863 1.077083 -4.363627
v 0.198050 1.094613 -4.355739
v 0.283130 1.107800 -4.326369
v 0.300351 1.092266 -4.319747
v 0.332164 1.105279 -4.306401
v 0.178418 1.066209 -4.360384
v 0.369778 1.085054 -4.286261
v 0.347267 1.074594 -4.295620
v 0.206632 1.063720 -4.350102
v 0.467252 1.044321 -4.226678
v 0.370293 1.054163 -4.278392
v 0.409876 1.034177 -4.251187
v 0.452213 1.016726 -4.227237
v 0.515554 0.980493 -4.189633
v 0.190861 1.052642 -4.350410
v 0.208826 1.042213 -4.337158
v 0.408242 1.020229 -4.243945
v 0.487207 0.980890 -4.196890
v 0.144458 1.046793 -4.359152
v 0.077704 1.064387 -4.382252
v 0.046772 1.085024 -4.392756
v 0.014266 1.077304 -4.396189
v 0.014201 1.065291 -4.392078
v 0.059691 1.051278 -4.377553
v 0.557385 0.936193 -4.146875
v 0.162897 1.032370 -4.342006
v 0.528937 0.940535 -4.156760
v 0.014431 1.042751 -4.373568
v 0.280608 1.019802 -4.285760
v 0.360552 1.005425 -4.244753
v 0.418551 0.987435 -4.209826
v -0.009556 1.048537 -4.377485
v -0.487466 1.012731 -4.196025
v -0.509823 1.023067 -4.177616
v -0.467489 1.041515 -4.209055
v -0.605630 0.903097 -4.094465
v -0.367424 1.098131 -4.267646
v -0.328886 1.097498 -4.293440
v -0.485392 0.978352 -4.188428
v -0.595450 0.884489 -4.093944
v -0.291749 1.097529 -4.312134
v -0.227898 1.060440 -4.326608
v -0.151307 1.070409 -4.358972
v -0.566730 0.890005 -4.110446
v -0.138374 1.051010 -4.354652
v -0.485142 0.940725 -4.162242
v -0.120979 1.078747 -4.369150
v -0.043559 1.076607 -4.386568
v -0.010379 1.063293 -4.388681
v -0.364131 1.017519 -4.247714
v -0.589578 0.866738 -4.083619
v -0.396627 1.004062 -4.228568
v -0.242145 1.107894 -4.330322
v -0.612574 0.871286 -4.072643
v -0.563587 0.874742 -4.098802
v -0.141316 1.095310 -4.362802
v 0.007477 1.088036 -4.395901
v -0.274229 1.109100 -4.318425
v -0.079649 1.099494 -4.378510
v -0.309732 1.114679 -4.298329
v -0.400773 1.095246 -4.243365
v -0.528974 1.027076 -4.155043
v -0.497711 1.051769 -4.176992
v -0.452811 1.077765 -4.206519
v -0.379699 1.115360 -4.247532
v -0.000005 1.025649 -4.352762
v -0.091185 1.007295 -4.316254
v 0.101719 1.017978 -4.338038
v 0.026032 0.671956 -3.736239
v 0.090447 0.893778 -4.137771
v -0.107576 1.021323 -4.333829
v -0.067259 1.030405 -4.352110
v -0.190114 1.012922 -4.291839
v -0.243137 1.012002 -4.275003
v -0.211935 1.003048 -4.260857
v -0.351571 0.996295 -4.226689
v -0.296156 0.991033 -4.222528
v -0.355521 0.987008 -4.212237
v -0.352146 0.976404 -4.189391
v -0.394348 0.975405 -4.196187
v -0.167039 0.995074 -4.258734
v -0.395538 0.956418 -4.163714
v -0.454872 0.950520 -4.171581
v -0.449030 0.935272 -4.150835
v 0.148923 1.004062 -4.302578
v -0.236489 0.936858 -4.034015
v -0.204199 0.946606 -4.082474
v -0.218938 0.919059 -3.981213
v -0.232425 0.901496 -3.903316
v -0.409796 0.914477 -4.018440
v 0.238976 1.012002 -4.283888
v 0.288728 1.008975 -4.266681
v 0.381303 0.977576 -4.192712
v 0.441314 0.963692 -4.178618
v 0.518528 0.926492 -4.142648
v 0.513784 0.917965 -4.130015
v 0.508180 0.910864 -4.113501
v 0.414521 0.956574 -4.145377
v 0.436705 0.938585 -4.102039
v 0.459078 0.917615 -4.047755
v 0.206019 1.008722 -4.288163
v 0.189670 0.987832 -4.249076
v 0.208595 0.982443 -4.218422
v 0.236066 0.927284 -4.027108
v 0.272677 0.858891 -3.764481
v 0.410479 0.915460 -3.998499
v 0.391826 0.908138 -3.955108
v 0.431524 0.899658 -3.894338
v -0.456901 0.919327 -4.120752
v -0.379081 0.911735 -3.970294
v -0.533007 0.881651 -4.107135
v -0.509469 0.886930 -4.104281
v -0.545307 0.866547 -4.089151
v -0.571262 0.854263 -4.071534
v -0.563841 0.848366 -4.057001
v -0.590173 0.846861 -4.054219
v -0.537368 0.861173 -4.070896
v -0.554425 0.846830 -4.042154
v -0.584745 0.837748 -4.026415
v 0.261331 0.824623 -3.681065
v -0.439685 0.902590 -3.995457
v 0.549144 0.883157 -4.096512
v 0.471463 0.919186 -4.070357
v -0.450869 0.914668 -4.080911
v -0.530093 0.859811 -4.050192
v 0.223075 0.896202 -3.953101
v 0.497146 0.908962 -4.082273
v -0.162380 0.935575 -4.102461
v -0.186337 0.904429 -3.988451
v 0.568117 0.868147 -4.081314
v -0.126333 0.908058 -4.112397
v -0.471309 0.902764 -4.075126
v -0.551504 0.845466 -4.011666
v -0.576607 0.836353 -3.995769
v -0.166747 0.964453 -4.185658
v -0.530732 0.857593 -4.021510
v 0.206338 0.854390 -3.889858
v -0.489011 0.891225 -4.002164
v 0.561047 0.861950 -4.043580
v 0.574086 0.855864 -4.053521
v -0.155247 0.916839 -4.064957
v -0.536410 0.857893 -3.969395
v 0.469509 1.079080 -4.221230
v 0.428876 1.086133 -4.250017
v 0.416575 1.104170 -4.252005
v 0.363662 1.105850 -4.288547
v 0.338121 1.131639 -4.289333
v 0.305780 1.127042 -4.309230
v 0.279735 1.151388 -4.304855
v 0.364733 1.139516 -4.260922
v 0.232100 1.149121 -4.325536
v 0.239735 1.139055 -4.329737
v 0.317874 1.152894 -4.278816
v 0.414401 1.122795 -4.235236
v 0.215941 1.109179 -4.347338
v 0.139043 1.125886 -4.356242
v 0.099550 1.098560 -4.379278
v 0.041969 1.105153 -4.389501
v 0.016429 1.097735 -4.394401
v 0.530569 1.029770 -4.187598
v 0.039215 1.131590 -4.379429
v 0.024212 1.154256 -4.370294
v -0.002649 1.110035 -4.388553
v 0.028730 1.175052 -4.355376
v 0.153133 1.151673 -4.335062
v -0.000645 1.141117 -4.374956
v 0.103109 1.150611 -4.347251
v 0.012781 1.171057 -4.359272
v 0.133304 1.168775 -4.319846
v 0.034581 1.190997 -4.334979
v 0.132621 1.175384 -4.308707
v 0.231489 1.159121 -4.314060
v 0.014012 1.184973 -4.345982
v 0.275208 1.161880 -4.292604
v -0.080776 1.130466 -4.359665
v -0.182037 1.140055 -4.336240
v -0.136023 1.146109 -4.338059
v -0.068031 1.151197 -4.347652
v -0.188754 1.155223 -4.322664
v -0.210946 1.121051 -4.336355
v -0.246807 1.133175 -4.319081
v -0.223782 1.147679 -4.319123
v 0.272179 1.170107 -4.277245
v 0.285215 1.173863 -4.258935
v 0.147005 1.181755 -4.278339
v 0.155210 1.186606 -4.242985
v 0.297251 1.174513 -4.235436
v 0.090975 1.202424 -4.261427
v 0.321668 1.168505 -4.231282
v 0.046825 1.202789 -4.307843
v 0.053222 1.216055 -4.263447
v 0.378701 1.145428 -4.233903
v 0.390745 1.148297 -4.204366
v 0.072648 1.210810 -4.245406
v 0.044342 1.227008 -4.219167
v -0.075138 1.164686 -4.331911
v -0.237040 1.158647 -4.301302
v 0.412946 1.142464 -4.161487
v 0.055906 1.222300 -4.194811
v -0.272787 1.142638 -4.300195
v -0.287979 1.148726 -4.283811
v 0.073580 1.208274 -4.188761
v 0.100215 1.198477 -4.220646
v 0.049181 1.239815 -4.134094
v 0.026426 1.250736 -4.128837
v 0.039493 1.248563 -4.104154
v -0.331194 1.127819 -4.275202
v 0.053876 1.236280 -4.112157
v 0.064779 1.211760 -4.166068
v 0.076896 1.196576 -4.154845
v 0.095110 1.192265 -4.166743
v 0.069289 1.201045 -4.137629
v 0.072306 1.199618 -4.103750
v 0.090315 1.189015 -4.086571
v 0.101316 1.189396 -4.145511
v 0.079012 1.202060 -4.056267
v 0.062003 1.223235 -4.072280
v -0.120458 1.182517 -4.273447
v -0.122079 1.187208 -4.245724
v -0.042373 1.207575 -4.234923
v -0.248556 1.174751 -4.243175
v -0.243432 1.168125 -4.278058
v -0.190727 1.161342 -4.314206
v -0.118013 1.164147 -4.319989
v -0.020675 1.213805 -4.259383
v -0.310008 1.158188 -4.238941
v -0.276412 1.159804 -4.274947
v -0.218757 1.180711 -4.225330
v 0.003169 1.221714 -4.260449
v 0.010661 1.212378 -4.292163
v 0.012522 1.198303 -4.326035
v 0.028738 1.220699 -4.266177
v -0.002007 1.231921 -4.205280
v 0.013733 1.240956 -4.187035
v 0.001872 1.250545 -4.122388
v -0.284131 1.167919 -4.220909
v -0.337635 1.143431 -4.248308
v -0.365962 1.141243 -4.216081
v -0.362677 1.147044 -4.182390
v -0.193289 1.182866 -4.218942
v -0.247565 1.178649 -4.179631
v -0.027405 1.216372 -4.196093
v 0.013303 1.253746 -4.092480
v -0.001458 1.251227 -4.091336
v -0.320117 1.159486 -4.113920
v -0.381479 1.140673 -4.151180
v -0.011896 1.245268 -4.107271
v -0.013507 1.235756 -4.157846
v 0.005009 1.246504 -4.020465
v -0.390290 1.127881 -4.215129
v 0.028148 1.252875 -4.096431
v -0.013627 1.238404 -4.010947
v -0.007976 1.236518 -3.966779
v -0.514163 1.071076 -4.118274
v -0.411018 1.127834 -4.106167
v -0.056723 1.199794 -4.203545
v -0.078958 1.195197 -4.227757
v -0.097877 1.182755 -4.209187
v -0.129208 1.170075 -4.168527
v -0.099684 1.175116 -4.164937
v -0.046382 1.195783 -4.160558
v -0.077504 1.184673 -4.148339
v -0.057836 1.193548 -4.098551
v -0.040872 1.197956 -4.142568
v -0.145298 1.183484 -4.230410
v -0.216763 1.175654 -4.157283
v -0.037826 1.207386 -4.178613
v -0.423968 1.105217 -4.208395
v -0.025762 1.218560 -4.166870
v -0.064034 1.188049 -4.093296
v -0.072050 1.184720 -4.124315
v -0.089590 1.175511 -4.145689
v -0.108929 1.167063 -4.152014
v -0.018754 1.238039 -4.110531
v -0.021577 1.231541 -4.026979
v -0.034306 1.218766 -3.957434
v -0.052847 1.197685 -3.994020
v -0.541821 1.050898 -4.101967
v -0.526993 1.047078 -4.139286
v -0.095434 1.156539 -4.111206
v -0.081358 1.159724 -4.070500
v -0.086245 1.152180 -4.056287
v -0.097967 1.145253 -4.069977
v -0.068056 1.163101 -3.937630
v -0.581948 1.026156 -4.051419
v -0.560937 1.063975 -4.025148
v -0.766840 1.013525 -3.728381
v -0.859321 1.049330 -3.607596
v -0.832970 1.053260 -3.614746
v -0.772246 0.993965 -3.758090
v -0.751841 1.006218 -3.754741
v -0.725685 1.024635 -3.736371
v -0.729124 0.985676 -3.816707
v -0.748795 1.036127 -3.684903
v -0.877727 1.060472 -3.568414
v -0.705204 1.074562 -3.602777
v -0.853755 1.066955 -3.558364
v -0.833896 1.062675 -3.583558
v -0.799211 1.056034 -3.606284
v -0.770982 1.083042 -3.519401
v -0.796066 1.071821 -3.540603
v -0.821544 1.067667 -3.540255
v -0.885935 1.068841 -3.525342
v -0.905525 1.065211 -3.512619
v -0.822922 1.072756 -3.492145
v -0.872102 1.071773 -3.507755
v -0.845241 1.070124 -3.502207
v -0.900593 1.072106 -3.471598
v -0.734395 1.096023 -3.516604
v -0.695196 1.087892 -3.581390
v -0.700700 1.096752 -3.543579
v -0.685237 1.080854 -3.615427
v -0.665562 1.075609 -3.657760
v -0.668993 1.066670 -3.694815
v -0.649566 1.071915 -3.701559
v -0.908910 1.058808 -3.528744
v -0.690630 1.035635 -3.751668
v -0.724983 1.098876 -3.503060
v -0.763965 1.093281 -3.467510
v -0.696023 1.017011 -3.799505
v -0.932896 1.061929 -3.466119
v -0.659571 1.062152 -3.761841
v -0.932382 1.066209 -3.428253
v -0.634076 1.067320 -3.802196
v -0.609369 1.064782 -3.877623
v -0.590642 1.063308 -3.955710
v -0.636582 1.058269 -3.845207
v -0.915790 1.070282 -3.423089
v -0.535083 1.071186 -4.031999
v -0.529493 1.070711 -4.075588
v -0.519039 1.077194 -4.021503
v -0.840411 1.068794 -3.443351
v -0.963005 1.054766 -3.408865
v -0.783823 1.085880 -3.425300
v -0.649605 1.076559 -3.649876
v -0.825382 1.070124 -3.414018
v -0.549633 1.067588 -3.939813
v -0.528110 1.071868 -3.978125
v -0.856114 1.061423 -3.391253
v -0.976918 1.045716 -3.273290
v -0.998039 1.039074 -3.279359
v -0.739832 1.095072 -3.457719
v -0.587571 1.057255 -3.986446
v -0.447242 1.103505 -3.999402
v -0.607193 1.054655 -3.950782
v -0.634266 1.046428 -3.891504
v -0.985880 1.043180 -3.378703
v -0.407867 1.113697 -3.957181
v -0.682182 1.058458 -3.688206
v -1.000413 1.031720 -3.230874
v -0.841682 1.056557 -3.355194
v -0.285725 1.169425 -4.135396
v -0.964361 1.046539 -3.440817
v -1.020650 1.024667 -3.258664
v -0.709912 1.001083 -3.816523
v -0.888027 1.049472 -3.578811
v -0.695563 1.003444 -3.836302
v -0.934166 1.047904 -3.506137
v -0.516528 1.070917 -3.945157
v -0.526092 1.065529 -3.922454
v -1.018934 1.025238 -3.298202
v -0.802670 1.070315 -3.364589
v -1.025263 1.014237 -3.199738
v -0.903997 1.069585 -3.401561
v -0.288690 1.165018 -4.108672
v -0.637353 1.072248 -3.689440
v -0.947368 1.050090 -3.276435
v -0.927744 1.060408 -3.329164
v -0.463223 1.078842 -3.908556
v -0.444470 1.060741 -3.764786
v -0.767415 1.083913 -3.404086
v -0.871803 1.041627 -3.304359
v -0.865488 1.066670 -3.422606
v -0.714845 1.097498 -3.488083
v -0.542834 1.061661 -3.881169
v -0.985218 1.028503 -3.205486
v -0.846751 1.041942 -3.303147
v -0.495417 1.045986 -3.826025
v -0.693898 1.095928 -3.522464
v -0.880323 1.053260 -3.341117
v -1.004950 1.019102 -3.186893
v -0.519129 1.031815 -3.767321
v -0.678568 1.091348 -3.562432
v -0.399541 1.049901 -3.680660
v -0.807092 1.054734 -3.314976
v -0.445467 1.044068 -3.704177
v -0.960233 1.033653 -3.219929
v -0.781542 1.060741 -3.328172
v -0.499417 1.027853 -3.754503
v -0.483928 1.025285 -3.730842
v -0.735948 1.086165 -3.421460
v -0.492416 0.977751 -3.587421
v -0.481001 0.978226 -3.584795
v -0.625619 1.068032 -3.666375
v -0.395818 1.011543 -3.572801
v -0.752194 1.065735 -3.349778
v -0.485842 0.958097 -3.530794
v -0.646737 1.076291 -3.632722
v -1.000046 1.004948 -3.146130
v -0.371370 1.013064 -3.575906
v -0.847704 1.028614 -3.267258
v -0.880695 1.009974 -3.219229
v -0.713384 1.086386 -3.442857
v -0.527050 1.051628 -3.850592
v -0.149720 1.133334 -4.077648
v -0.382021 0.987165 -3.512444
v -0.595649 1.057999 -3.656653
v -0.617094 1.061249 -3.635591
v -0.977154 1.003856 -3.145403
v -0.793146 1.033273 -3.262664
v -0.686649 1.092013 -3.510707
v -0.480622 0.936984 -3.477504
v -0.360858 0.988227 -3.518337
v -0.222046 1.014111 -3.701821
v -0.193995 0.989338 -3.638767
v -0.167514 0.980699 -3.605726
v -0.196357 0.957336 -3.560903
v -0.227601 0.988544 -3.629884
v -0.214689 0.929219 -3.498233
v -0.731740 1.045780 -3.313265
v -0.385662 0.952217 -3.437879
v -0.541313 1.056984 -3.848841
v -0.505479 0.954800 -3.495592
v -0.775413 0.997326 -3.192245
v -0.595344 1.049330 -3.621708
v -0.614034 1.043924 -3.579830
v -0.539648 1.042101 -3.774715
v -1.008068 0.980540 -3.095942
v -0.401403 0.975278 -3.490205
v -0.724703 1.002430 -3.224401
v -0.864663 0.987008 -3.177195
v -0.843139 0.977561 -3.161438
v -0.898988 0.981332 -3.152123
v -0.953868 0.989733 -3.128490
v -0.659546 1.082186 -3.557924
v -0.488546 0.904223 -3.391226
v -0.469156 0.896170 -3.389728
v -0.468641 0.970001 -3.550692
v -1.020996 0.945005 -3.034451
v -1.025753 0.970634 -3.081846
v -1.026890 0.997959 -3.145337
v -0.696412 1.070156 -3.423351
v -0.458536 0.835688 -3.279162
v -0.458930 0.894522 -3.387360
v -0.459440 0.928569 -3.454589
v -0.464655 0.796792 -3.204834
v -0.730898 0.946558 -3.121049
v -0.954765 0.963501 -3.083857
v -0.588536 0.926333 -3.333027
v -0.524030 0.832121 -3.196434
v -0.445336 0.759322 -3.150955
v -0.446940 0.857608 -3.316151
v -0.527363 0.923259 -3.373714
v -0.702690 0.980920 -3.202238
v -0.563064 1.011116 -3.565509
v -0.583942 1.045684 -3.628903
v -0.574581 1.047380 -3.664157
v -0.734606 0.903526 -3.055068
v -0.528597 0.954150 -3.446969
v -0.878010 0.911180 -3.049493
v -0.832679 0.901608 -3.048134
v -0.980086 0.899626 -2.976457
v -1.003329 0.902035 -2.971949
v -0.760813 0.894537 -3.038835
v -0.490789 0.726354 -3.052636
v -1.019488 0.907250 -2.978068
v -0.445024 0.730951 -3.105889
v -1.014489 0.847796 -2.902104
v -0.797992 0.853137 -2.989081
v -0.828374 0.661067 -2.766826
v -0.997053 0.752680 -2.793572
v -0.821628 0.539561 -2.640849
v -0.909178 0.548706 -2.606487
v -0.963155 0.644140 -2.686670
v -0.494950 -0.253161 -2.011772
v -0.490905 -0.284401 -1.980776
v -0.789437 0.560357 -2.662670
v -0.758919 0.499223 -2.608310
v -0.526942 0.077566 -2.269102
v -0.539566 0.139746 -2.324643
v -0.447665 -0.166858 -2.058356
v -0.799657 0.557647 -2.658300
v -0.995756 0.694813 -2.735551
v -1.032173 0.891622 -2.959809
v -1.034159 0.916157 -2.993902
v -0.975603 0.577205 -2.631565
v -1.039062 0.949617 -3.050110
v -1.019261 0.715021 -2.761822
v -1.045209 0.871904 -2.941082
v -1.033470 0.777122 -2.828786
v -1.048647 0.916824 -3.003479
v -0.949397 0.481978 -2.551893
v -1.047261 0.978781 -3.118496
v -0.433114 0.987735 -3.542742
v -1.007722 0.632506 -2.687801
v -0.689976 -0.000860 -2.173206
v -0.833089 0.245196 -2.360850
v -0.474795 0.995186 -3.623321
v -0.442754 1.022670 -3.639591
v -1.035305 0.725498 -2.780057
v -0.921247 0.381568 -2.475248
v -1.057424 0.941914 -3.054730
v -1.055674 0.800342 -2.868455
v -1.061350 0.863044 -2.943609
v -1.046927 0.993665 -3.165773
v -0.953762 0.422635 -2.516973
v -0.979908 0.492472 -2.576144
v -0.719539 0.018429 -2.197375
v -1.067266 0.909770 -3.013742
v -1.014543 0.593215 -2.665016
v -1.056887 0.744535 -2.817013
v -1.070191 0.840221 -2.927369
v -0.950394 0.385309 -2.495606
v -1.075578 0.876786 -2.979845
v -0.921086 0.325934 -2.448242
v -1.058995 0.976926 -3.141116
v -1.042573 1.004489 -3.214851
v -1.039626 0.638609 -2.718266
v -1.050214 0.688378 -2.764527
v -1.073236 0.924828 -3.050831
v -0.973691 0.438392 -2.541215
v -1.074835 0.804527 -2.897315
v -0.783615 0.069783 -2.260818
v -0.707134 -0.015806 -2.173230
v -1.059563 0.982617 -3.174792
v -1.081469 0.893270 -3.017850
v -1.035737 1.010655 -3.267171
v -0.913432 1.045906 -3.548826
v -0.880345 1.037506 -3.604601
v -0.648131 1.068255 -3.540761
v -0.616434 1.035112 -3.548474
v -0.585805 0.817111 -3.131908
v -0.626339 1.060202 -3.604952
v -0.062427 1.159756 -3.873618
v -0.141482 1.089366 -3.894621
v -0.136394 1.109479 -3.966019
v -0.140582 1.041974 -3.731842
v -0.056600 1.188888 -3.953321
v -0.045781 1.202156 -3.935341
v -0.016811 1.222649 -3.915425
v -0.158727 1.002286 -3.652333
v -0.800296 0.043125 -2.276523
v -0.753150 -0.036681 -2.220015
v -0.893316 0.233847 -2.402066
v -0.744428 -0.064054 -2.218627
v -0.707673 -0.139691 -2.144621
v -0.729393 -0.096864 -2.213921
v -1.002970 0.439057 -2.607612
v -1.011385 0.453781 -2.653371
v -0.998576 0.429991 -2.653874
v -0.675806 -0.217355 -2.122500
v -1.023527 0.490093 -2.657653
v -0.645056 -0.294402 -2.059416
v -0.645299 -0.294878 -2.045706
v -0.600034 -0.437178 -1.944571
v -1.032641 0.535996 -2.757261
v -0.587623 -0.464615 -1.947103
v -1.065764 0.642619 -2.790957
v -1.065089 0.665347 -2.859914
v -0.631543 -0.317527 -2.058837
v -1.083963 0.764395 -2.939232
v -0.581580 -0.497140 -1.917635
v -0.587444 -0.485189 -1.902396
v -1.089561 0.852155 -3.037101
v -1.082678 0.885583 -3.103717
v -1.089780 0.815257 -2.973069
v -1.049201 0.578314 -2.719030
v -1.082355 0.917742 -3.122872
v -1.088650 0.891431 -3.063762
v -1.032646 0.529101 -2.665853
v -1.090663 0.860967 -3.025658
v -0.972638 0.390477 -2.529002
v -0.934885 0.316330 -2.460409
v -0.999173 0.454241 -2.585578
v -1.050352 0.598571 -2.720064
v -1.089218 0.848827 -2.985645
v -0.806668 0.063380 -2.281513
v -1.079847 0.766343 -2.876994
v -1.087018 0.894173 -3.044835
v -0.969785 0.396737 -2.520731
v -1.024335 0.526961 -2.644728
v -0.590154 -0.441204 -1.884313
v -0.585124 -0.484078 -1.868310
v -0.578335 -0.472398 -1.847705
v -1.081095 0.931040 -3.112488
v -0.735310 -0.058506 -2.189977
v -0.792686 0.054426 -2.265155
v -1.078317 0.930439 -3.079516
v -0.999136 0.476527 -2.588372
v -1.067761 0.724057 -2.816709
v -1.073382 0.955276 -3.133272
v -0.925264 0.309991 -2.447120
v -0.575456 -0.445342 -1.856608
v -0.864127 0.193730 -2.362337
v -0.750899 0.008935 -2.218571
v -1.054435 0.968654 -3.243359
v -1.070056 0.930042 -3.180832
v -1.070464 0.954118 -3.182275
v -1.042523 0.950299 -3.268059
v -1.074243 0.892954 -3.138003
v -1.054383 0.922942 -3.215915
v -0.968533 0.980588 -3.459333
v -0.947971 0.993774 -3.512075
v -0.911882 0.968525 -3.568959
v -0.926074 0.993648 -3.556637
v -1.065092 0.846687 -3.103218
v -1.016231 0.934640 -3.305958
v -1.060546 0.771543 -3.012589
v -1.034079 0.899864 -3.226126
v -0.985067 0.927078 -3.347393
v -0.850073 0.940472 -3.651914
v -0.995349 0.437645 -2.682518
v -0.840004 0.949680 -3.683210
v -0.816356 0.926318 -3.704881
v -0.762974 0.890022 -3.780258
v -0.743084 0.893381 -3.838386
v -0.710766 0.867609 -3.889290
v -0.679189 0.868909 -3.969576
v -0.675202 0.855405 -3.957746
v -0.661519 0.872047 -4.006870
v -0.646049 0.856023 -4.014511
v -0.627439 0.866594 -4.053202
v -0.981728 0.442781 -2.713931
v -1.041067 0.862664 -3.160962
v -0.911327 0.915477 -3.470776
v -0.846810 0.893207 -3.574753
v -0.889576 0.877974 -3.481219
v -0.810467 0.886439 -3.635718
v -0.917225 0.868038 -3.413020
v -0.910485 0.834197 -3.382170
v -0.930533 0.831170 -3.334047
v -0.924998 0.803289 -3.304806
v -0.968945 0.857449 -3.245976
v -0.939909 0.845372 -3.327647
v -0.889470 0.848605 -3.440028
v -0.943385 0.806857 -3.255454
v -0.973022 0.894046 -3.300823
v -0.980455 0.842551 -3.196128
v -0.962435 0.755042 -3.084584
v -0.959606 0.778452 -3.134134
v -0.955923 0.871794 -3.304283
v -0.829373 0.881636 -3.588247
v -0.858131 0.857544 -3.499866
v -0.850215 0.165834 -2.467437
v -0.741102 -0.054100 -2.278469
v -0.669012 -0.194389 -2.175347
v -0.642093 -0.277648 -2.099741
v -0.649388 0.843501 -3.984715
v -0.703951 0.852393 -3.870637
v -0.593700 -0.382274 -2.037203
v -0.574016 -0.474537 -1.962866
v -0.509801 -0.170455 -2.300873
v -0.484320 -0.249055 -2.236728
v -0.486992 -0.310474 -2.151926
v -0.630061 0.850316 -4.029123
v -0.785291 0.879116 -3.675141
v -0.477610 -0.231525 -2.267702
v -0.505523 -0.283560 -2.156177
v -0.657756 -0.203249 -2.177039
v -0.957816 0.685287 -2.985688
v -0.459089 -0.311884 -2.204235
v -0.667741 0.193460 -2.623876
v -0.456524 -0.359545 -2.158884
v -1.042931 0.813387 -3.090213
v -1.023943 0.647216 -2.904815
v -0.813526 0.871238 -3.591968
v -0.835815 0.849810 -3.512717
v -0.671682 0.840553 -3.918112
v -0.609152 0.852234 -4.054100
v -0.992971 0.513251 -2.788552
v -0.936320 0.604483 -2.902501
v -0.561455 -0.455723 -1.995481
v -0.538075 -0.216721 -2.196237
v -0.435701 -0.349433 -2.191509
v -0.573407 -0.399345 -2.038375
v -0.842985 0.825844 -3.458577
v -0.714107 0.314777 -2.749954
v -0.789857 0.869130 -3.623934
v -0.658811 0.890434 -4.023555
v -0.627697 0.890369 -4.068823
v -0.753309 0.869606 -3.736921
v -0.993331 0.561133 -2.838849
v -0.490443 -0.404781 -2.069181
v -0.470410 -0.396095 -2.097094
v -0.468273 -0.195404 -2.313286
v -0.442715 -0.271610 -2.256158
v -0.778231 0.870161 -3.650004
v -0.615128 0.840157 -4.022724
v -0.826620 0.802101 -3.427673
v -0.802856 0.801562 -3.437817
v -0.792023 0.851569 -3.562739
v -0.642979 0.835306 -3.963675
v -0.967900 0.510256 -2.800574
v -0.524412 -0.480481 -1.998532
v -0.564501 -0.386126 -2.055770
v -0.704841 0.351486 -2.802930
v -0.996331 0.622426 -2.896385
v -0.760832 0.919580 -3.816795
v -0.727766 0.911212 -3.881803
v -0.673799 0.912259 -4.004408
v -0.791727 0.944276 -3.766475
v -0.553985 -0.195198 -2.208884
v -0.514711 -0.332061 -2.109535
v -0.740089 0.863361 -3.751249
v -0.624844 -0.200110 -2.200080
v -0.908406 1.000971 -3.587767
v -0.971072 1.007074 -3.463228
v -0.918314 0.518592 -2.819176
v -0.611461 0.833468 -3.998365
v -0.631616 0.919533 -4.069144
v -0.696595 0.844754 -3.819961
v -0.941926 1.012066 -3.526715
v -0.687343 0.923227 -3.976581
v -0.626579 0.830932 -3.954854
v -0.756809 0.938031 -3.821153
v -0.730532 0.932213 -3.869508
v -0.713121 0.943688 -3.896732
v -0.684541 0.943958 -3.969839
v -0.668233 0.937793 -4.008563
v -1.037491 0.998039 -3.290936
v -0.916934 1.023176 -3.567835
v -0.968192 1.025855 -3.463519
v -0.640073 0.940503 -4.051130
v -1.061530 0.975675 -3.206881
v -0.749170 0.955768 -3.823606
v -0.980137 1.033591 -3.426762
v -1.049084 0.993997 -3.241252
v -0.654963 0.953468 -4.019742
v -1.024622 1.016140 -3.310691
v -0.727951 0.958794 -3.851437
v -0.666001 0.961789 -3.991629
v -0.763544 0.975214 -3.788925
v -0.902808 1.035556 -3.578748
v -0.674116 0.968875 -3.962834
v -0.639432 1.005725 -3.981445
v -0.711524 0.984185 -3.843917
v -0.559167 0.851822 -3.930025
v -0.546568 0.865200 -3.917292
v -0.597325 0.841409 -3.898088
v -0.669780 0.857528 -3.765352
v -0.565634 0.864455 -3.880714
v -0.526295 0.874235 -3.922277
v -0.628247 0.834262 -3.884425
v -0.572065 0.866912 -3.850785
v -0.659048 0.864043 -3.750000
v -0.517389 0.875582 -3.960804
v -0.695340 0.863805 -3.714754
v -0.631438 0.830503 -3.916489
v -0.604032 0.831408 -3.977349
v -0.724980 0.863361 -3.714650
v -0.738234 0.865549 -3.689154
v -0.736504 0.863473 -3.658463
v -0.523009 0.381062 -2.878159
v -0.499054 0.378779 -2.889227
v -0.620316 0.659372 -3.269820
v -0.493208 0.318565 -2.813315
v -0.555231 0.406343 -2.887261
v -0.648576 0.583767 -3.102216
v -0.677734 0.710377 -3.301910
v -0.669136 0.643331 -3.185608
v -0.651970 0.736387 -3.397014
v -0.705070 0.759354 -3.382010
v -0.712118 0.739873 -3.335536
v -0.644882 0.837018 -3.670614
v -0.651089 0.858844 -3.719541
v -0.560900 0.860731 -3.830493
v -0.618908 0.761984 -3.482185
v -0.742221 0.830615 -3.532611
v -0.693840 0.689851 -3.252685
v -0.597618 0.699964 -3.363120
v -0.520495 0.236272 -2.694389
v -0.737922 0.769799 -3.385515
v -0.467898 0.320213 -2.825353
v -0.581201 0.359316 -2.814892
v -0.564756 0.318042 -2.771717
v -0.756254 0.795301 -3.435321
v -0.323057 -0.119672 -2.391584
v -0.516374 0.194269 -2.651758
v -0.568103 0.845118 -3.759068
v -0.564899 0.683669 -3.341353
v -0.767822 0.859637 -3.613448
v -0.491377 0.458838 -2.999911
v -0.590350 0.762857 -3.492502
v -0.737197 0.747339 -3.343169
v -0.777733 0.759133 -3.366738
v -0.763894 0.565413 -3.078629
v -0.730106 0.479951 -2.967636
v -0.675252 0.357033 -2.818895
v -0.447649 0.318042 -2.826129
v -0.437538 -0.194848 -2.326326
v -0.543352 0.653714 -3.291624
v -0.542031 0.723010 -3.408456
v -0.563395 0.272124 -2.725512
v -0.322135 -0.077590 -2.431130
v -0.586046 0.802022 -3.594953
v -0.477096 0.505785 -3.061450
v -0.284435 -0.087211 -2.425618
v -0.273712 -0.099953 -2.417638
v -0.335176 0.146847 -2.644315
v -0.293681 0.024562 -2.530383
v -0.377276 0.394074 -2.912505
v -0.398623 0.406722 -2.920559
v -0.401676 0.460534 -2.990286
v -0.418597 0.519354 -3.067767
v -0.432616 0.594751 -3.176075
v -0.460208 0.762413 -3.446572
v -0.451103 0.794462 -3.512016
v -0.458841 0.711741 -3.356371
v -0.423771 0.493770 -3.031267
v -0.377969 0.578600 -3.190018
v -0.346133 0.493343 -3.081115
v -0.319604 0.479680 -3.071490
v -0.319538 0.397942 -2.964062
v -0.338058 0.602549 -3.245903
v -0.360878 0.680404 -3.369000
v -0.277624 0.377131 -2.946561
v -0.370408 0.782605 -3.557185
v -0.334118 0.768357 -3.538092
v -0.472646 0.740603 -3.406162
v -0.303264 0.568567 -3.194963
v -0.253621 0.059688 -2.609059
v -0.399252 0.794621 -3.562316
v -0.328403 0.797995 -3.605966
v -0.374347 0.811025 -3.621730
v -0.219261 0.343529 -2.906396
v -0.219937 0.393900 -2.963754
v -0.237514 0.444731 -3.020276
v -0.228311 0.466573 -3.049630
v -0.230869 0.513521 -3.110758
v -0.227781 0.581343 -3.213088
v -0.259224 0.616799 -3.256264
v -0.253587 0.669341 -3.340747
v -0.247380 0.716257 -3.426335
v -0.231498 0.686554 -3.382833
v -0.256265 0.756327 -3.500807
v -0.239967 0.757292 -3.511441
v -0.423212 0.288419 -2.793183
v -0.228492 0.733281 -3.474444
v -0.250769 0.793715 -3.585538
v -0.477686 0.808425 -3.540171
v -0.461186 0.820091 -3.566186
v -0.470273 0.630303 -3.231745
v -0.276107 0.764045 -3.517670
v -0.260971 0.800897 -3.601425
v -0.621685 0.320578 -2.780591
v -0.215212 0.497891 -3.100401
v -0.430917 -0.125202 -2.385112
v -0.194290 0.243183 -2.811781
v -0.477366 0.829680 -3.593375
v -0.490214 0.757783 -3.443490
v -0.453414 0.861111 -3.688240
v -0.367984 0.893634 -3.890408
v -0.556885 0.794144 -3.563885
v -0.553381 0.827682 -3.674210
v -0.521657 0.870430 -3.889079
v -0.450112 0.878403 -3.770456
v -0.166956 0.608272 -3.332417
v -0.188641 0.725275 -3.533321
v -0.165502 0.706288 -3.525220
v -0.180506 0.756580 -3.620347
v -0.492908 0.838112 -3.633771
v -0.124102 0.315348 -2.964807
v -0.192627 0.785982 -3.651510
v -0.476736 0.863853 -3.721442
v -0.520403 0.841107 -3.695928
v -0.427233 0.901496 -3.919497
v -0.088733 0.460217 -3.227023
v -0.108685 0.862141 -4.032132
v -0.151847 0.592153 -3.344675
v -0.161487 0.737655 -3.641483
v -0.155094 0.651240 -3.450705
v -0.465346 0.876674 -3.787998
v -5.515178 -0.218671 0.561050
v -5.517866 -0.184894 0.552680
v -5.478462 -0.094755 0.387269
v -5.522247 -0.222364 0.588520
v -5.487965 -0.149580 0.446584
v -5.466218 -0.129040 0.369170
v -5.507543 -0.270674 0.585687
v -5.516125 -0.267647 0.611399
v -5.452968 -0.110257 0.298756
v -5.455922 -0.094517 0.291686
v -5.456891 -0.080443 0.288965
v -5.438940 -0.091220 0.244922
v -5.524786 -0.234742 0.618245
v -5.428755 -0.080190 0.218797
v -5.423484 -0.103695 0.222265
v -5.497223 -0.303356 0.596705
v -5.453052 -0.154701 0.366071
v -5.474061 -0.265206 0.511334
v -5.480424 -0.323978 0.582325
v -5.402703 -0.100318 0.187063
v -5.409470 -0.078287 0.185906
v -5.500494 -0.303659 0.616671
v -5.481245 -0.333187 0.603161
v -5.386845 -0.080537 0.156362
v -5.410628 -0.121843 0.221781
v -5.382531 -0.096991 0.158983
v -5.448614 -0.172023 0.379632
v -5.436220 -0.151024 0.323951
v -5.518827 -0.260673 0.628450
v -5.455636 -0.205499 0.432115
v -5.525966 -0.210999 0.609901
v -5.365463 -0.084675 0.134390
v -5.520588 -0.176367 0.570253
v -5.444662 -0.060029 0.261315
v -5.460478 -0.068809 0.307304
v -5.373878 -0.116881 0.169519
v -5.482982 -0.331190 0.619134
v -5.403151 -0.138788 0.238907
v -5.391541 -0.131623 0.209673
v -5.471746 -0.331982 0.581152
v -5.350773 -0.103188 0.133352
v -5.342377 -0.087560 0.115984
v -5.410915 -0.056685 0.192256
v -5.383815 -0.059458 0.153937
v -5.428740 -0.052150 0.227442
v -5.471169 -0.342427 0.604485
v -5.350066 -0.059806 0.117798
v -5.505522 -0.286319 0.641090
v -5.321355 -0.072454 0.095528
v -5.319325 -0.048664 0.092619
v -5.518840 -0.240307 0.650232
v -5.523595 -0.189301 0.608700
v -5.523492 -0.217435 0.636767
v -5.451991 -0.047585 0.297284
v -5.513784 -0.258644 0.653588
v -5.411400 -0.042022 0.202374
v -5.286321 -0.050232 0.070077
v -5.351079 -0.039216 0.125004
v -5.434220 -0.194578 0.399197
v -5.271121 -0.018391 0.061527
v -5.310875 -0.033336 0.089254
v -5.387691 -0.034778 0.173017
v -5.356259 -0.029660 0.137051
v -5.439033 -0.040516 0.267619
v -5.199084 0.030475 0.020439
v -5.509071 -0.138121 0.545064
v -5.484308 -0.079396 0.461776
v -5.141424 0.069498 -0.006607
v -5.414925 -0.031642 0.222784
v -5.200621 0.050985 0.029913
v -5.151755 0.089247 0.006160
v -5.471459 -0.055812 0.417772
v -5.512742 -0.158551 0.598925
v -5.160703 0.096047 0.021884
v -5.517726 -0.186733 0.632022
v -5.119458 0.105398 -0.008996
v -5.098397 0.146512 0.001566
v -5.516504 -0.212076 0.656354
v -5.020194 0.189292 -0.024092
v -2.250422 0.390904 -0.483150
v -2.346047 0.440039 -0.481464
v -2.215893 0.379620 -0.458650
v -2.310253 0.427471 -0.455747
v -2.191076 0.363310 -0.468180
v -2.386824 0.459567 -0.465010
v -2.394227 0.459788 -0.476618
v -2.356600 0.447663 -0.449153
v -2.438146 0.475210 -0.459765
v -2.422098 0.472151 -0.448172
v -2.532160 0.497861 -0.429303
v -2.410656 0.464861 -0.432754
v -2.318544 0.428485 -0.442599
v -2.489934 0.488240 -0.427621
v -2.571457 0.504803 -0.401973
v -2.551092 0.497005 -0.392366
v -2.598837 0.502567 -0.377846
v -2.614888 0.508306 -0.388470
v -2.635167 0.503408 -0.370679
v -2.581881 0.489570 -0.368796
v -2.653396 0.507244 -0.381518
v -2.667711 0.501126 -0.364930
v -2.595051 0.508465 -0.411980
v -2.721088 0.502520 -0.384615
v -2.744483 0.498273 -0.371554
v -2.771875 0.489619 -0.356564
v -2.851077 0.484436 -0.363660
v -2.561096 0.501014 -0.432677
v -2.207866 0.363119 -0.490963
v -2.146315 0.336079 -0.460713
v -3.516881 -0.390279 0.474387
v -3.300209 -0.497932 0.508732
v -3.162516 -0.593127 0.542114
v -3.042143 -0.730229 0.575508
v -3.765498 -0.290502 0.458114
v -3.645590 -0.340985 0.465212
v -3.661180 -0.387759 0.479581
v -3.563718 -0.422597 0.482520
v -3.446581 -0.498597 0.506536
v -3.226205 -0.648158 0.551976
v -3.008370 -0.774816 0.584225
v -2.976666 -0.799495 0.585965
v -3.433628 -0.568322 0.563052
v -3.543673 -0.496473 0.540326
v -4.424239 -0.324343 0.607100
v -5.014575 -0.150927 0.596755
v -3.294731 -0.639804 0.574227
v -5.145565 -0.149057 0.612938
v -5.271121 -0.145159 0.629342
v -5.236830 -0.160328 0.632487
v -5.329603 -0.154225 0.647465
v -5.241539 -0.181771 0.642342
v -5.377666 -0.204246 0.690403
v -5.421486 -0.195625 0.696062
v -5.439613 -0.175543 0.684451
v -3.464514 -0.535544 0.547355
v -3.194457 -0.562266 0.531491
v -5.411118 -0.152498 0.662547
v -5.031799 -0.043481 0.479071
v -5.320280 -0.006788 0.477790
v -5.455180 -0.202234 0.698711
v -5.411850 -0.218400 0.702773
v -3.001216 -0.751357 0.573270
v -3.045515 -0.698941 0.559876
v -3.114168 -0.630359 0.546670
v -5.307004 -0.208637 0.668747
v -3.148755 -0.591003 0.533448
v -5.442569 -0.212823 0.703550
v -5.075954 -0.048647 0.493604
v -5.127767 -0.085626 0.557682
v -5.138273 0.041808 0.281438
v -5.156528 0.038639 0.348673
v -5.193026 0.038289 0.379836
v -5.251486 0.035263 0.410132
v -5.324116 0.035928 0.347234
v -5.163733 0.040493 0.398314
v -5.194340 0.042854 0.270018
v -5.284147 0.037228 0.263944
v -5.303887 0.032283 0.296296
v -5.103857 0.037212 0.316193
v -5.070104 0.038225 0.286569
v -5.210792 0.039622 0.400775
v -4.965929 0.026006 0.378478
v -4.739366 -0.007169 0.324537
v -4.821899 0.006416 0.365987
v -4.687940 -0.016679 0.370286
v -4.365582 -0.075434 0.350405
v -4.157698 -0.118039 0.325473
v -4.536109 -0.043290 0.363267
v -3.989137 -0.158980 0.364351
v -3.953703 -0.165779 0.332969
v -3.988556 -0.153304 0.318775
v -4.244483 -0.103456 0.367739
v -3.933144 -0.176794 0.373875
v -5.116981 0.036213 0.406842
v -5.033266 0.029509 0.399382
v -4.978967 0.039922 0.263866
v -3.993855 -0.161990 0.379115
v -3.885866 -0.182977 0.334901
v -5.193079 0.035880 0.415121
v -5.105119 0.047451 0.262433
v -3.640709 -0.285828 0.385188
v -5.107488 0.029889 0.418326
v -5.055868 0.025039 0.415406
v -5.188070 0.047767 0.257379
v -5.266682 0.045407 0.233451
v -5.340131 0.031157 0.366309
v -3.791516 -0.237913 0.411425
v -5.179804 0.026768 0.431605
v -3.398593 -0.426686 0.474650
v -3.571788 -0.314627 0.387529
v -5.264401 0.026894 0.428502
v -3.877002 -0.218211 0.421717
v -3.470785 -0.366043 0.402314
v -4.909840 0.045834 0.246424
v -5.153555 0.020585 0.438398
v -3.348944 -0.430221 0.428359
v -3.260818 -0.490514 0.466188
v -5.001213 0.055676 0.243895
v -5.151620 0.057073 0.243499
v -5.283855 0.011217 0.454041
v -3.210580 -0.530916 0.499857
v -3.220962 -0.507442 0.457455
v -3.196119 -0.549777 0.520951
v -5.209044 0.049670 0.247396
v -3.196127 -0.533499 0.476526
v -5.357049 -0.010464 0.479636
v -4.911286 0.103227 0.194621
v -4.841395 0.112277 0.178313
v -4.847318 0.098456 0.197585
v -4.847269 0.133358 0.150526
v -3.521611 -0.329699 0.386827
v -4.935284 0.135926 0.146087
v -3.163170 -0.379056 0.359681
v -5.025432 -0.083723 0.537287
v -5.420401 -0.128738 0.633966
v -5.418232 -0.081061 0.561601
v -5.445650 -0.151309 0.660577
v -4.855736 0.219503 0.075289
v -4.908335 0.149621 0.134704
v -4.905610 0.173014 0.118228
v -3.329680 -0.428033 0.422572
v -4.864205 0.241122 0.058935
v -5.026415 0.125481 0.147818
v -4.965872 0.147703 0.132031
v -3.200234 -0.503130 0.448243
v -4.924294 0.212719 0.078217
v -4.525661 0.290573 -0.032458
v -3.221784 -0.419126 0.416039
v -4.040850 0.330896 -0.103327
v -3.850024 0.375134 -0.140858
v -3.001815 0.073794 0.021969
v -3.040022 0.051366 0.053919
v -2.763258 -0.027774 0.052362
v -2.702692 -0.075116 0.072375
v -4.800907 0.269700 0.035795
v -2.822479 0.088455 -0.012807
v -3.260776 0.298673 -0.153580
v -3.244867 -0.279392 0.309893
v -2.776945 -0.152892 0.175608
v -2.710861 -0.208781 0.201472
v -4.109302 0.214414 -0.007172
v -3.173756 -0.325817 0.329976
v -3.305536 0.497114 -0.277846
v -2.657937 0.143945 -0.057547
v -2.621277 0.137732 -0.061022
v -2.593253 0.103274 -0.042109
v -3.278462 0.521319 -0.299658
v -3.346552 0.525519 -0.289326
v -2.881869 0.194460 -0.068948
v -2.632159 0.100453 -0.031054
v -3.601302 0.577919 -0.292426
v -2.595104 0.128444 -0.062448
v -3.331211 0.398290 -0.209016
v -3.270859 -0.404528 0.413704
v -3.605005 0.567696 -0.279451
v -3.741140 0.554636 -0.254221
v -3.682560 0.570961 -0.274418
v -3.741285 0.567061 -0.268054
v -2.458053 -0.091791 0.021923
v -3.784069 0.550023 -0.249707
v -3.797282 0.534252 -0.236173
v -4.135299 0.384803 -0.130284
v -3.948776 0.449184 -0.183530
v -4.988096 0.175487 0.099256
v -3.644781 0.249855 0.005577
v -3.586548 0.215002 0.036691
v -3.194682 0.032886 0.182066
v -3.124929 0.007399 0.196128
v -2.922498 -0.155302 0.290299
v -2.977934 -0.129832 0.279860
v -2.830492 -0.210049 0.310603
v -2.594953 -0.380974 0.363697
v -2.664117 -0.305133 0.329181
v -3.131522 0.049337 0.152497
v -2.570230 -0.395589 0.363933
v -4.356423 0.350329 -0.082097
v -4.469828 0.335905 -0.060633
v -4.217783 0.373834 -0.114968
v -4.446293 0.347888 -0.073636
v -4.537742 0.344162 -0.056913
v -4.569558 0.329043 -0.037498
v -4.705451 0.337031 -0.010964
v -4.753409 0.314983 0.014805
v -4.773885 0.328060 0.005414
v -4.814746 0.301511 0.031252
v -4.817044 0.315333 0.020255
v -4.856256 0.296770 0.035927
v -4.736914 0.339694 -0.010686
v -4.336286 0.364672 -0.099215
v -4.151880 0.393186 -0.140151
v -4.901281 0.277354 0.046777
v -3.085079 0.020950 0.169298
v -3.016043 -0.022653 0.191809
v -2.815846 -0.180885 0.278610
v -3.136022 -0.565040 0.464523
v -4.825747 0.284869 0.040428
v -3.115874 -0.570699 0.462007
v -5.022905 0.169543 0.098300
v -4.877528 0.300353 0.028832
v -4.846395 0.316109 0.014881
v -3.003306 0.475939 -0.331167
v -2.909495 0.466335 -0.332821
v -2.823381 0.469251 -0.336873
v -2.678991 0.453781 -0.329509
v -2.644769 0.452672 -0.334472
v -2.737403 0.481012 -0.343063
v -2.844834 0.473198 -0.340914
v -2.660455 0.493819 -0.355542
v -2.627314 0.488684 -0.356418
v -2.630581 0.223608 -0.160182
v -5.046844 0.141473 0.120030
v -3.547430 0.576349 -0.302546
v -2.893903 0.478889 -0.351751
v -2.958566 0.477730 -0.343402
v -3.022237 0.485925 -0.345153
v -3.169283 -0.489104 0.441653
v -2.638449 -0.878886 0.530156
v -2.784546 -0.824046 0.526518
v -2.606209 -0.888237 0.533078
v -2.912814 -0.717154 0.492635
v -2.723024 -0.865018 0.536286
v -2.913561 -0.218941 0.323146
v -3.224359 -0.256029 0.299951
v -2.991658 -0.163766 0.296616
v -5.466478 -0.178555 0.681460
v -4.001251 0.438454 -0.180192
v -4.929710 0.269398 0.046601
v -2.905095 -0.103583 0.234793
v -4.631872 0.346906 -0.040711
v -4.698843 0.345938 -0.025025
v -4.980760 0.237413 0.057966
v -3.097709 0.079342 0.043403
v -3.156774 -0.302803 0.320932
v -3.044371 -0.645701 0.474665
v -3.014737 -0.690590 0.486684
v -2.997955 -0.689146 0.483012
v -2.955249 -0.750533 0.503269
v -2.886882 -0.808940 0.516931
v -2.925089 -0.778841 0.511399
v -2.887793 -0.827597 0.528831
v -2.806672 -0.904167 0.557559
v -2.731861 -0.930287 0.554273
v -2.638981 -0.964507 0.556383
v -2.559351 -0.983432 0.560315
v -2.498899 -0.989409 0.558107
v -2.865537 -0.878934 0.561831
v -2.813589 -0.852513 0.529460
v -2.835379 -0.901203 0.561811
v -2.888435 -0.878442 0.568906
v -2.601508 -0.940226 0.544021
v -2.406407 -0.123158 0.022500
v -5.086314 0.144612 0.098251
v -2.995683 0.002737 0.099236
v -3.818315 0.541606 -0.248273
v -2.606330 0.201101 -0.143678
v -2.800684 -0.155651 0.193348
v -3.679815 0.580614 -0.289146
v -3.872344 0.512712 -0.229981
v -2.928369 -0.789873 0.524453
v -2.644296 -0.316862 0.328612
v -2.572996 0.158892 -0.111619
v -4.477341 0.355242 -0.084976
v -3.162792 -0.551918 0.468117
v -3.134493 -0.578132 0.475370
v -4.730852 0.347729 -0.028296
v -5.468160 -0.148139 0.649152
v -2.892661 -0.838881 0.543220
v -5.069091 0.111801 0.155972
v -5.477714 -0.204945 0.692623
v -4.216239 0.386832 -0.137279
v -2.584725 -0.913630 0.542128
v -2.670046 -0.895576 0.538020
v -2.935336 -0.069268 0.203952
v -3.782301 0.560372 -0.266140
v -3.735522 0.574337 -0.280935
v -5.485367 -0.166002 0.659373
v -4.771513 0.341182 -0.018047
v -2.579293 -0.367613 0.290624
v -5.075048 0.127811 0.125970
v -2.488756 -1.010140 0.560739
v -2.533236 -1.002295 0.561760
v -4.415219 0.360725 -0.097203
v -5.384076 -0.006961 0.463731
v -3.959809 0.465368 -0.207069
v -3.167508 -0.564233 0.513737
v -3.064766 -0.650693 0.490034
v -2.731429 -0.943618 0.555813
v -3.166383 0.102720 0.082071
v -5.485982 -0.182136 0.673852
v -3.130809 0.093464 0.042327
v -2.898665 -0.850499 0.563424
v -2.516878 -0.437669 0.366916
v -2.429248 -0.513497 0.377763
v -3.132447 -0.593174 0.517460
v -3.083011 -0.649125 0.540094
v -2.979032 -0.028915 0.168991
v -3.150216 -0.569543 0.484360
v -2.913506 -0.822318 0.550025
v -2.943385 -0.778635 0.530839
v -3.115163 0.080593 0.062837
v -2.935409 -0.052373 0.149782
v -2.859668 -0.112207 0.181374
v -2.669561 -0.288552 0.273650
v -3.109001 0.069498 0.098779
v -2.343533 -1.022393 0.577789
v -2.807618 -0.168426 0.244565
v -5.501783 -0.197337 0.670332
v -2.642428 -0.314769 0.318701
v -3.041263 -0.679937 0.519530
v -2.939247 -0.794992 0.562080
v -2.952464 -0.771155 0.550018
v -2.972942 -0.757698 0.561344
v -2.986770 -0.735729 0.546634
v -3.011583 -0.721543 0.558610
v -4.330664 -0.492987 0.622922
v -4.236361 -0.526034 0.608543
v -3.980979 -0.571872 0.584884
v -4.423748 -0.467897 0.628028
v -3.910517 -0.574202 0.586078
v -3.849316 -0.571793 0.588610
v -4.408151 -0.450399 0.632662
v -3.887415 -0.543200 0.592667
v -3.794846 -0.596931 0.584475
v -4.602285 -0.421091 0.632735
v -4.684047 -0.386189 0.637266
v -3.972459 -0.526098 0.598922
v -4.870921 -0.336500 0.635321
v -4.242819 -0.457594 0.624331
v -4.565949 -0.368199 0.636166
v -5.145286 -0.231160 0.634629
v -5.136756 -0.209446 0.633288
v -4.865106 -0.279725 0.634870
v -4.445812 -0.378929 0.629551
v -3.350479 -0.727599 0.607078
v -5.223427 -0.211111 0.645086
v -5.236911 -0.233442 0.648179
v -3.279637 -0.739343 0.610348
v -3.174134 -0.785023 0.610322
v -3.052183 -0.820781 0.602755
v -2.976959 -0.832288 0.593794
v -5.255901 -0.198969 0.650490
v -3.108933 -0.817120 0.606095
v -2.979645 -0.850040 0.593796
v -3.229661 -0.775449 0.610045
v -2.943514 -0.828088 0.582214
v -2.944449 -0.850831 0.586725
v -5.312874 -0.226580 0.673850
v -5.376465 -0.226136 0.695953
v -5.400709 -0.245775 0.701599
v -5.441245 -0.239149 0.705739
v -5.463785 -0.225201 0.702018
v -2.951847 -0.798098 0.574370
v -5.367052 -0.249420 0.692893
v -5.256839 -0.242637 0.653681
v -3.052451 -0.844889 0.599081
v -5.422504 -0.264651 0.700170
v -2.895661 -0.889316 0.568861
v -2.962182 -0.869773 0.586740
v -5.484493 -0.221936 0.693690
v -3.162203 -0.809749 0.606707
v -5.382440 -0.270754 0.692103
v -5.234069 -0.258485 0.641625
v -5.167369 -0.254508 0.631640
v -5.116787 -0.248246 0.630838
v -3.259149 -0.781377 0.605473
v -5.457092 -0.261117 0.698101
v -5.131523 -0.266759 0.624343
v -2.873275 -0.901584 0.563642
v -2.913201 -0.898841 0.566570
v -4.889895 -0.342317 0.630816
v -3.133999 -0.832524 0.599639
v -3.761113 -0.614699 0.581050
v -3.823996 -0.609611 0.573713
v -4.712060 -0.398283 0.630462
v -2.664683 -0.970737 0.554030
v -5.397061 -0.283022 0.688968
v -5.492566 -0.243001 0.686436
v -5.480586 -0.265318 0.686432
v -5.438424 -0.278363 0.692892
v -4.550442 -0.444422 0.627081
v -4.801992 -0.378820 0.626858
v -2.878842 -0.922966 0.553513
v -5.176493 -0.266506 0.626013
v -3.091108 -0.852179 0.592723
v -3.219268 -0.807704 0.598649
v -5.503323 -0.213741 0.675769
v -2.882326 -0.937881 0.541528
v -3.936031 -0.593666 0.571043
v -5.509648 -0.226897 0.671006
v -4.905996 -0.348577 0.622492
v -2.755709 -0.965586 0.540848
v -5.124744 -0.287381 0.608753
v -4.669413 -0.421044 0.622036
v -5.084876 -0.295464 0.610525
v -4.067606 -0.566990 0.582402
v -3.864753 -0.615935 0.560567
v -4.321429 -0.513480 0.608999
v -4.504102 -0.466501 0.617197
v -5.012777 -0.317369 0.613072
v -4.258709 -0.528428 0.603231
v -5.504423 -0.257423 0.669226
v -5.510108 -0.189365 0.653051
v -4.082164 0.416946 -0.220979
v -4.113824 0.399845 -0.225387
v -4.115906 0.409766 -0.205607
v -4.049731 0.422271 -0.239891
v -4.020896 0.440927 -0.230534
v -4.253852 0.369887 -0.194471
v -4.187908 0.394327 -0.186157
v -4.285463 0.376608 -0.165730
v -4.361833 0.359236 -0.165144
v -4.419929 0.361075 -0.134601
v -4.706592 0.342214 -0.086436
v -4.555650 0.353577 -0.103020
v -4.704685 0.346921 -0.078946
v -4.751553 0.343244 -0.062872
v -4.770240 0.332846 -0.071026
v -5.413373 -0.331681 0.650934
v -5.394982 -0.331761 0.646738
v -5.377222 -0.313724 0.648600
v -5.431395 -0.316498 0.655774
v -5.433419 -0.340921 0.646084
v -5.333572 -0.314342 0.630838
v -5.459915 -0.317907 0.649173
v -5.450986 -0.341588 0.640328
v -5.406537 -0.340826 0.639749
v -5.480401 -0.315974 0.641528
v -5.275613 -0.300250 0.616778
v -5.368386 -0.330809 0.632677
v -5.441844 -0.296653 0.677733
v -5.408221 -0.303865 0.671107
v -5.371089 -0.296700 0.670653
v -5.332615 -0.295717 0.656677
v -5.273116 -0.274604 0.647649
v -5.237163 -0.292896 0.612253
v -5.232521 -0.275698 0.629705
v -5.185048 -0.281801 0.613386
v -5.313556 -0.318398 0.605211
v -5.447916 -0.346912 0.631644
v -5.467570 -0.286793 0.678206
v -5.422539 -0.346739 0.623869
v -5.465174 -0.343394 0.624861
v -5.476493 -0.333250 0.629503
v -5.499538 -0.283275 0.657301
v -2.621712 0.500729 -0.430623
v -2.638906 0.506420 -0.416270
v -2.491424 0.476066 -0.468352
v -2.428832 0.466573 -0.476401
v -2.419761 0.451484 -0.494086
v -2.377554 0.447061 -0.490324
v -2.435881 0.439548 -0.504190
v -2.681742 0.481266 -0.437172
v -2.763333 0.465891 -0.435998
v -2.406809 0.421130 -0.516854
v -2.384928 0.435839 -0.504155
v -2.371755 0.412223 -0.519170
v -2.429333 0.412111 -0.519892
v -2.335901 0.384121 -0.528849
v -2.269777 0.369840 -0.517187
v -2.294330 0.343767 -0.540528
v -2.249008 0.344797 -0.525633
v -2.118346 0.264421 -0.514177
v -2.040641 0.230756 -0.505899
v -2.044904 0.220961 -0.512886
v -2.233722 0.363293 -0.505879
v -2.177447 0.338155 -0.496987
v -3.271032 0.477524 -0.418400
v -3.407393 0.490140 -0.415622
v -3.545806 0.522222 -0.403929
v -3.607590 0.512410 -0.405851
v -3.621800 0.529496 -0.398503
v -3.309720 0.461897 -0.423187
v -3.175815 0.436854 -0.434478
v -3.670377 0.523760 -0.396609
v -2.912502 0.432432 -0.451370
v -2.887120 0.417485 -0.457381
v -3.652326 0.505785 -0.403449
v -3.581452 0.491473 -0.410871
v -3.713803 0.516039 -0.391812
v -2.796688 0.445778 -0.444352
v -2.787469 0.432621 -0.448029
v -2.730996 0.434586 -0.446734
v -3.150144 0.461405 -0.425994
v -2.858026 0.404092 -0.458317
v -3.682778 0.539673 -0.386736
v -3.564959 0.536852 -0.395195
v -3.714420 0.492867 -0.395939
v -2.764205 0.420100 -0.448071
v -3.747883 0.530290 -0.377750
v -2.711147 0.455382 -0.444520
v -2.667994 0.449487 -0.452465
v -2.921778 0.398734 -0.458693
v -3.263035 0.437519 -0.426658
v -2.680602 0.430909 -0.452568
v -3.764978 0.507276 -0.381854
v -3.768929 0.486448 -0.384196
v -2.612306 0.438454 -0.467653
v -2.548555 0.442069 -0.484089
v -2.445077 0.399130 -0.521739
v -2.711602 0.415773 -0.446426
v -2.875020 0.392189 -0.458425
v -2.608250 0.418484 -0.469992
v -2.397430 0.367129 -0.536695
v -2.374287 0.383106 -0.534552
v -2.348087 0.356241 -0.543175
v -2.334780 0.336538 -0.546693
v -2.291808 0.323542 -0.546373
v -3.710987 0.549167 -0.374821
v -3.797947 0.519021 -0.364807
v -3.817537 0.493819 -0.366177
v -3.822130 0.472612 -0.367753
v -2.120848 0.230977 -0.522931
v -2.045148 0.193889 -0.523707
v -2.675221 0.417770 -0.452033
v -2.718012 0.383661 -0.438136
v -1.984671 0.173426 -0.526501
v -2.713983 0.338361 -0.430545
v -1.970336 0.152298 -0.536541
v -1.916940 0.141029 -0.538051
v -1.942263 0.131741 -0.547639
v -1.958025 0.121692 -0.551045
v -1.914908 0.093623 -0.570068
v -1.893585 0.100485 -0.570070
v -1.798829 0.050461 -0.618180
v -1.866093 0.098694 -0.571945
v -1.987168 0.188991 -0.515776
v -1.936644 0.159478 -0.523476
v -1.962059 0.183015 -0.508809
v -1.874039 0.125670 -0.540119
v -1.846745 0.101864 -0.565746
v -1.796865 0.075298 -0.596498
v -3.827936 0.542129 -0.317220
v -3.816467 0.534014 -0.341045
v -3.780835 0.554983 -0.339809
v -3.777697 0.545664 -0.354016
v -3.950093 0.468871 -0.273758
v -3.999875 0.442543 -0.254630
v -4.001920 0.424474 -0.271281
v -3.868531 0.498273 -0.330863
v -3.875910 0.481678 -0.335319
v -3.837695 0.500602 -0.352619
v -4.065011 0.406913 -0.246108
v -3.760416 0.541670 -0.365741
v -3.975720 0.419561 -0.289453
v -4.029390 0.392362 -0.271756
v -3.857176 0.464576 -0.351471
v -3.969215 0.405819 -0.295227
v -3.984713 0.457506 -0.241510
v -3.847459 0.537976 -0.295244
v -2.885513 -0.958389 0.501441
v -2.819686 -0.977885 0.495986
v -2.948197 -0.936152 0.507845
v -3.043115 -0.897225 0.548954
v -3.163854 -0.856713 0.549885
v -3.358283 -0.780664 0.569640
v -3.042939 -0.898161 0.521447
v -3.321051 -0.801286 0.543199
v -2.857973 -0.965333 0.486381
v -3.776212 -0.655449 0.533853
v -3.781169 -0.653943 0.522479
v -3.805684 -0.642863 0.543597
v -3.870769 -0.627744 0.536631
v -3.913510 -0.613305 0.549357
v -4.120766 -0.568258 0.557584
v -4.232452 -0.539268 0.592182
v -3.981333 -0.597327 0.525420
v -3.066184 -0.886780 0.516214
v -4.111308 -0.568037 0.545487
v -2.938220 -0.937293 0.496499
v -4.285133 -0.531249 0.582556
v -4.455742 -0.485172 0.573866
v -4.608301 -0.448861 0.595850
v -4.617708 -0.446040 0.585405
v -2.803494 -0.978140 0.481880
v -4.718936 -0.419015 0.594739
v -4.870593 -0.369864 0.576333
v -4.542395 -0.462174 0.574035
v -4.980988 -0.339955 0.579290
v -4.901023 -0.359101 0.565688
v -4.814730 -0.373826 0.539993
v -4.919491 -0.353633 0.548271
v -4.955725 -0.346818 0.560195
v -5.092918 -0.321616 0.553525
v -5.023069 -0.333155 0.562811
v -4.780090 -0.399075 0.605398
v -4.420698 -0.495190 0.599404
v -4.707762 -0.418809 0.609217
v -5.116242 -0.313280 0.538516
v -4.437849 -0.480195 0.558832
v -5.045758 -0.319619 0.589157
v -5.089430 -0.318160 0.570452
v -5.140321 -0.315436 0.557488
v -5.144067 -0.312898 0.566743
v -5.185617 -0.308430 0.545629
v -4.569003 -0.453488 0.613946
v -4.819851 -0.381847 0.617315
v -5.206423 -0.311806 0.556647
v -5.201938 -0.312471 0.567494
v -5.245769 -0.314563 0.573089
v -5.278769 -0.317622 0.566492
v -5.089902 -0.303627 0.598098
v -5.139697 -0.294276 0.597190
v -5.238939 -0.309221 0.586754
v -5.173569 -0.308524 0.573975
v -5.292517 -0.317845 0.590857
v -5.316215 -0.325025 0.579380
v -3.744182 0.556457 -0.357964
v -3.737994 0.569360 -0.340340
v -3.774848 0.565113 -0.322961
v -3.701081 0.574099 -0.345847
v -3.722438 0.577205 -0.328766
v -3.684922 0.559327 -0.370393
v -3.753181 0.573987 -0.309021
v -3.800346 0.560087 -0.298242
v -3.655667 0.584844 -0.324319
v -3.613623 0.581358 -0.340256
v -3.706338 0.581659 -0.311784
v -3.737087 0.577237 -0.297409
v -3.603073 0.584259 -0.323438
v -3.539518 0.578664 -0.332992
v -3.549318 0.572943 -0.352346
v -3.328373 0.541258 -0.355026
v -2.978785 0.484752 -0.374178
v -3.612969 0.572451 -0.359149
v -3.660279 0.569549 -0.361297
v -3.540687 0.561848 -0.368982
v -3.096179 0.483374 -0.402010
v -3.023213 0.484546 -0.387994
v -3.006089 0.475892 -0.404529
v -3.064267 0.470662 -0.415746
v -3.243864 0.489381 -0.409525
v -2.856394 0.475131 -0.411682
v -2.858649 0.457761 -0.433734
v -3.630806 0.547217 -0.386961
v -2.967387 0.482233 -0.386537
v -2.840359 0.484198 -0.394227
v -2.880903 0.478127 -0.402241
v -2.676936 0.506768 -0.399117
v -2.882540 0.483089 -0.382241
v -4.935979 0.279971 0.001293
v -4.958693 0.265562 0.025730
v -4.885695 0.309071 -0.004566
v -4.928016 0.280445 0.031704
v -4.892620 0.302223 0.015399
v -4.848902 0.322036 -0.000404
v -4.849396 0.324017 -0.015152
v -4.974697 0.251408 0.041008
v -5.066590 0.185932 0.023190
v -4.990003 0.241946 0.004966
v -4.888919 0.305521 -0.018217
v -5.118950 0.144230 0.037149
v -5.181549 0.090008 0.072557
v -5.179365 0.087093 0.043824
v -5.215555 0.061003 0.082842
v -5.245175 0.036957 0.086746
v -5.205801 0.068801 0.097634
v -5.238814 0.047087 0.108259
v -5.140339 0.108171 0.108758
v -5.076613 0.172302 0.066326
v -5.256904 0.038384 0.137468
v -5.206742 0.069309 0.142899
v -5.215296 0.065345 0.179115
v -5.316031 0.009681 0.146172
v -5.187592 0.078358 0.157378
v -5.147553 0.101547 0.124444
v -5.112334 0.117968 0.119074
v -5.028545 0.205887 0.064428
v -4.851200 0.320181 -0.032517
v -5.272656 0.025768 0.112566
v -5.226191 0.040319 0.053627
v -5.116348 0.140729 0.018567
v -5.296448 0.036198 0.238313
v -5.157260 0.087805 0.160325
v -5.057486 0.186930 0.005920
v -5.355746 -0.004679 0.173122
v -5.404052 -0.002493 0.279281
v -5.396455 -0.009658 0.232004
v -5.420432 -0.013129 0.283586
v -5.419864 -0.022956 0.251149
v -5.394225 0.005005 0.296906
v -5.408673 0.000472 0.331963
v -5.344942 0.023312 0.300130
v -5.442650 -0.031910 0.299573
v -5.430047 -0.012558 0.343608
v -5.450400 -0.033304 0.339738
v -4.881123 0.300512 -0.038359
v -5.447560 -0.026474 0.388190
v -5.445268 -0.026268 0.414043
v -5.373855 0.019650 0.373690
v -5.347236 0.029827 0.347254
v -4.804776 0.334826 -0.039296
v -4.831305 0.318010 -0.053910
v -5.465351 -0.050772 0.441985
v -5.437215 -0.024477 0.438392
v -5.404220 -0.000908 0.419837
v -5.370947 0.018809 0.393453
v -4.763458 0.345415 -0.039855
v -4.806386 0.335367 -0.017181
v -5.445391 -0.039422 0.468294
v -5.411651 -0.014982 0.455893
v -5.501765 -0.135617 0.580086
v -5.491829 -0.136632 0.605456
v -4.692757 0.351692 -0.067070
v -4.724833 0.350503 -0.043255
v -5.421354 -0.034701 0.489232
v -5.122293 0.101689 0.148343
v -5.506826 -0.158995 0.618833
v -5.483603 -0.145824 0.632565
v -5.468320 -0.124554 0.611914
v -5.500710 -0.170090 0.647035
v -4.657798 0.352642 -0.050087
v -4.511621 0.356574 -0.095539
v -4.413282 0.363801 -0.116277
v -4.250074 0.384073 -0.145794
v -4.020293 0.439136 -0.190548
v -4.059733 0.428850 -0.205477
v -3.979779 0.461468 -0.224815
v -3.857031 0.529417 -0.251060
v -3.819128 0.551718 -0.274817
v -3.777929 0.566840 -0.283439
v -3.855255 0.535234 -0.274181
v -3.624577 0.584068 -0.305860
v -3.548024 0.579123 -0.315188
v -3.460620 0.567663 -0.325647
v -2.987914 0.484895 -0.359055
v -2.637008 0.509780 -0.399328
v -4.868874 0.294981 -0.054027
v -4.769138 0.322955 -0.082008
v -4.949834 0.248396 -0.032789
v -4.829899 0.301479 -0.070606
v -2.108607 0.152583 -0.513480
v -2.100006 0.174870 -0.520155
v -2.116277 0.205855 -0.522405
v -2.081137 0.191591 -0.524143
v -2.149499 0.224638 -0.523791
v -2.178025 0.206616 -0.519398
v -2.249900 0.252502 -0.529922
v -2.318256 0.317154 -0.545331
v -2.353502 0.332117 -0.543442
v -2.027284 0.151316 -0.531737
v -2.336161 0.256561 -0.521733
v -2.382783 0.339027 -0.537339
v -2.410195 0.362375 -0.533647
v -2.002756 0.154851 -0.535074
v -2.004806 0.133755 -0.537569
v -2.409046 0.339582 -0.527354
v -2.325985 0.230059 -0.513872
v -2.490299 0.375973 -0.504881
v -2.156149 0.012787 -0.472093
v -1.947823 0.097426 -0.559023
v -2.002505 0.097902 -0.531847
v -1.948708 0.056897 -0.555907
v -1.979570 0.062318 -0.536504
v -1.960255 0.025483 -0.536425
v -1.880842 0.019523 -0.598700
v -1.881677 0.004196 -0.594707
v -1.845607 0.036307 -0.614509
v -4.365797 0.345795 -0.179117
v -4.722466 0.326142 -0.097334
v -4.287997 0.349424 -0.200609
v -4.653080 0.321513 -0.120048
v -4.693734 0.315395 -0.111944
v -4.783365 0.302953 -0.088499
v -4.241879 0.337014 -0.219135
v -4.088565 0.386244 -0.248740
v -4.098689 0.364213 -0.252785
v -4.860388 0.272648 -0.070403
v -4.772700 0.289940 -0.095603
v -4.396612 0.304236 -0.188342
v -4.958879 0.198295 -0.047276
v -4.292770 0.308200 -0.208696
v -5.074024 0.120234 -0.022962
v -5.110333 0.080799 -0.015872
v -4.695150 0.286628 -0.112822
v -4.130066 0.333496 -0.244429
v -3.958923 0.384327 -0.298352
v -5.173915 0.034486 0.007232
v -4.821329 0.208137 -0.079778
v -4.943700 0.154121 -0.047120
v -4.874416 0.181273 -0.066109
v -5.031107 0.068944 -0.021629
v -4.991639 0.074539 -0.033455
v -5.115066 0.018873 -0.000458
v -4.927216 0.072224 -0.055406
v -4.804984 0.156721 -0.093586
v -4.765237 0.146497 -0.103264
v -4.650891 0.246654 -0.114319
v -4.463379 0.157275 -0.148317
v -4.280321 0.200357 -0.170645
v -4.368399 0.154136 -0.157357
v -5.042212 0.002501 -0.018465
v -5.209783 -0.055479 0.036200
v -5.197338 -0.063262 0.033860
v -3.909129 0.386165 -0.315604
v -5.256867 -0.056241 0.055596
v -4.960015 0.014641 -0.040110
v -4.189587 0.138208 -0.164635
v -4.042121 0.188818 -0.178537
v -4.225619 0.119172 -0.157414
v -4.868108 0.013485 -0.056118
v -3.814861 0.420797 -0.363320
v -3.820313 0.455635 -0.368071
v -3.785424 0.471565 -0.380074
v -3.769347 0.412396 -0.373452
v -3.729965 0.476272 -0.392673
v -3.740016 0.382679 -0.370734
v -3.543581 0.435760 -0.398721
v -3.312769 0.439595 -0.422081
v -3.228257 0.416899 -0.426626
v -3.346389 0.425695 -0.412770
v -3.583812 0.337252 -0.370980
v -2.926016 0.340582 -0.443528
v -3.973587 0.342815 -0.280200
v -3.908281 0.350250 -0.301594
v -3.740924 0.359395 -0.361153
v -3.665520 0.331134 -0.360646
v -5.083353 -0.030136 0.004111
v -3.771928 0.351692 -0.349259
v -3.543692 0.302112 -0.358960
v -5.261125 -0.090302 0.069900
v -3.145673 0.387117 -0.427906
v -3.304682 0.401366 -0.404117
v -3.955903 0.104797 -0.150677
v -3.840400 0.162316 -0.165559
v -3.602609 0.284393 -0.344172
v -3.304308 0.322099 -0.353580
v -3.707399 0.319548 -0.345700
v -3.442113 0.259841 -0.339225
v -5.235086 -0.094629 0.063586
v -2.666774 0.320721 -0.429008
v -2.604506 0.367493 -0.455827
v -2.628453 0.402412 -0.460107
v -2.695603 0.387433 -0.440271
v -2.565729 0.237175 -0.408230
v -2.428826 0.194681 -0.427860
v -3.969646 0.289148 -0.244762
v -3.297677 0.299926 -0.342297
v -3.386953 0.220264 -0.316428
v -3.765278 0.324572 -0.333032
v -2.847850 0.079436 -0.203482
v -2.856898 -0.222538 -0.016374
v -2.849935 -0.286240 0.024010
v -2.883994 -0.275557 0.023694
v -2.657332 -0.559889 0.165795
v -3.143585 0.369982 -0.415271
v -3.412275 -0.056858 -0.002697
v -3.314756 -0.028930 -0.030786
v -3.854041 0.329105 -0.303585
v -2.756984 -0.010434 -0.151655
v -3.117384 -0.265777 0.142761
v -3.046552 -0.323502 0.172072
v -3.021458 -0.324025 0.168805
v -2.989203 -0.364016 0.188332
v -2.984840 -0.349448 0.177070
v -3.594369 0.231850 -0.303413
v -3.201391 -0.108925 0.025793
v -2.843859 -0.513862 0.244540
v -3.148468 -0.153257 0.054693
v -3.099281 -0.206070 0.089290
v -2.906628 -0.289076 0.043132
v -2.996249 -0.322757 0.158001
v -2.920306 0.165819 -0.264556
v -2.408642 0.206569 -0.442703
v -3.253840 -0.057333 -0.016230
v -2.986078 0.280018 -0.385540
v -2.821595 0.067597 -0.202218
v -5.262354 -0.114077 0.092932
v -3.387197 0.033598 -0.081166
v -5.306070 -0.107657 0.106654
v -2.956556 -0.273798 0.053655
v -2.397727 0.243499 -0.475862
v -5.291203 -0.081234 0.080143
v -5.307862 -0.129499 0.134779
v -3.073696 -0.157981 -0.016424
v -2.943308 -0.368913 0.170727
v -5.333415 -0.121352 0.139157
v -3.181753 -0.110448 0.016489
v -2.614991 -0.087402 -0.203628
v -3.013443 -0.238039 0.052378
v -3.042024 -0.243508 0.093914
v -3.133343 -0.150769 0.039258
v -3.244736 -0.056003 -0.027590
v -3.099191 -0.158901 0.009837
v -5.141484 -0.191868 0.296689
v -5.211989 -0.192660 0.277697
v -4.497952 -0.258550 0.275893
v -5.066031 -0.196260 0.306254
v -4.554130 -0.252891 0.258110
v -4.396347 -0.270580 0.260945
v -5.209704 -0.188350 0.314543
v -5.259802 -0.187557 0.311835
v -4.790062 -0.217847 0.315606
v -5.288517 -0.187239 0.327337
v -4.819892 -0.215706 0.332522
v -4.982853 -0.204199 0.350331
v -4.852662 -0.214232 0.341941
v -4.680744 -0.234521 0.338042
v -4.353974 -0.268741 0.235308
v -4.248964 -0.287508 0.246417
v -4.132927 -0.319604 0.277062
v -5.169275 -0.193754 0.220132
v -5.118954 -0.199793 0.215563
v -4.231963 -0.307715 0.322982
v -5.404497 -0.177826 0.350638
v -4.748359 -0.228038 0.344754
v -5.254786 -0.210841 0.410743
v -5.296648 -0.163052 0.220043
v -4.335547 -0.290708 0.335789
v -5.196471 -0.212141 0.407290
v -5.332210 -0.204390 0.395717
v -5.263934 -0.141259 0.150752
v -4.158190 -0.305735 0.253432
v -4.574302 -0.253081 0.342308
v -3.890367 -0.380467 0.284299
v -5.245545 -0.147045 0.159982
v -5.260607 -0.127137 0.114298
v -4.969309 -0.192551 0.161869
v -5.351573 -0.135585 0.175464
v -5.411215 -0.195434 0.391955
v -5.220016 -0.122096 0.106872
v -5.426430 -0.171200 0.351869
v -3.779477 -0.420664 0.300156
v -3.855534 -0.414988 0.338754
v -4.120337 -0.300267 0.231753
v -5.218707 -0.134158 0.129732
v -5.288590 -0.221459 0.431085
v -5.231111 -0.110177 0.081723
v -3.993364 -0.379373 0.347324
v -3.675655 -0.463680 0.315757
v -5.430807 -0.219732 0.434009
v -4.254987 -0.257423 0.195311
v -5.407403 -0.228292 0.450359
v -3.628767 -0.493288 0.335974
v -5.446840 -0.230098 0.454465
v -3.512185 -0.565786 0.382465
v -3.345526 -0.637807 0.378342
v -3.900535 -0.412611 0.353799
v -4.083831 -0.361590 0.354774
v -4.935630 -0.274939 0.471416
v -5.044464 -0.252082 0.436604
v -4.614638 -0.330493 0.463801
v -4.486301 -0.358419 0.463734
v -5.077595 -0.256664 0.475042
v -4.402006 -0.369373 0.435945
v -4.331252 -0.399392 0.463867
v -5.086442 -0.263509 0.491583
v -5.143540 -0.257979 0.493088
v -5.145206 -0.253320 0.476702
v -5.195524 -0.255317 0.488483
v -5.120827 -0.251005 0.450489
v -5.089691 -0.248343 0.437620
v -5.211607 -0.251305 0.456726
v -5.278440 -0.249167 0.456580
v -5.102047 -0.235313 0.419358
v -4.707125 -0.318051 0.474684
v -4.456673 -0.370244 0.471304
v -5.253837 -0.256806 0.472156
v -5.362510 -0.263717 0.485244
v -5.198329 -0.262892 0.503605
v -5.243932 -0.261735 0.500923
v -5.326243 -0.266807 0.491022
v -4.207210 -0.409790 0.417074
v -5.377695 -0.289187 0.532897
v -5.420241 -0.283370 0.516941
v -3.839402 -0.547986 0.437740
v -4.935931 -0.287048 0.489810
v -3.759434 -0.578070 0.435706
v -3.245360 -0.759204 0.459181
v -3.212186 -0.784182 0.476690
v -4.138760 -0.424862 0.410230
v -3.740885 -0.580129 0.430600
v -3.158728 -0.812823 0.479523
v -3.367247 -0.654608 0.418562
v -5.143092 -0.267615 0.505084
v -3.327307 -0.660538 0.394091
v -3.320964 -0.728058 0.454943
v -3.047366 -0.861959 0.466607
v -3.126033 -0.862338 0.514572
v -3.921611 -0.607487 0.512055
v -5.131921 -0.300726 0.526202
v -2.829990 -0.962845 0.462470
v -2.853141 -0.949656 0.453400
v -2.896680 -0.931508 0.456648
v -2.896319 -0.905753 0.421718
v -2.840769 -0.940526 0.434849
v -2.997178 -0.900902 0.485306
v -5.180822 -0.299870 0.532046
v -5.247389 -0.298111 0.534223
v -3.259509 -0.745271 0.449516
v -3.250154 -0.743844 0.443433
v -5.253960 -0.308936 0.548445
v -5.446509 -0.280772 0.511767
v -5.464950 -0.302644 0.542367
v -5.449205 -0.337212 0.575085
v -5.458986 -0.343997 0.589989
v -5.430636 -0.343965 0.585616
v -5.285990 -0.276445 0.519337
v -3.304893 -0.701762 0.433473
v -5.367116 -0.323234 0.561569
v -5.331684 -0.323487 0.567018
v -5.389268 -0.339591 0.584108
v -5.431905 -0.325104 0.561265
v -5.440573 -0.294434 0.526863
v -2.950969 -0.908574 0.466595
v -2.901080 -0.883880 0.401413
v -3.478482 -0.619438 0.424226
v -5.407131 -0.300868 0.544868
v -5.402261 -0.306939 0.551104
v -2.960843 -0.837709 0.395120
v -2.943938 -0.891487 0.446495
v -3.384163 -0.691032 0.445534
v -2.968518 -0.884766 0.456947
v -3.011056 -0.770964 0.368841
v -5.451451 -0.348101 0.610392
v -3.096311 -0.682680 0.351057
v -3.157781 -0.615714 0.328059
v -3.280349 -0.502718 0.287424
v -3.317468 -0.466897 0.268844
v -3.384172 -0.451952 0.302281
v -3.392890 -0.425750 0.264953
v -3.361097 -0.428621 0.249285
v -3.334336 -0.481955 0.308293
v -3.336619 -0.496997 0.328677
v -3.284557 -0.527793 0.333748
v -3.174531 -0.620594 0.367196
v -3.184762 -0.618852 0.374219
v -3.125433 -0.665356 0.379894
v -3.103261 -0.701985 0.404324
v -3.057618 -0.739376 0.405990
v -3.500657 -0.618979 0.426648
v -3.055959 -0.762754 0.424759
v -3.024706 -0.791109 0.428167
v -2.949144 -0.866952 0.421646
v -3.002358 -0.808592 0.425313
v -3.403883 -0.662487 0.436243
v -3.385603 -0.312709 0.155068
v -3.526740 -0.201172 0.072317
v -3.618970 -0.180456 0.060227
v -4.850239 -0.021180 -0.034897
v -4.822928 -0.000146 -0.053515
v -4.918933 -0.041849 -0.007986
v -4.971819 -0.035904 -0.007871
v -5.059688 -0.035175 0.004686
v -5.065344 -0.056350 0.024230
v -5.184424 -0.072518 0.037783
v -5.206486 -0.091602 0.056752
v -5.173305 -0.117484 0.096665
v -5.156647 -0.102174 0.074537
v -3.824030 -0.370370 0.258368
v -5.050189 -0.165129 0.130378
v -3.984495 -0.215453 0.167782
v -3.661004 -0.324152 0.250526
v -3.572013 -0.367423 0.273274
v -3.444754 -0.359307 0.209561
v -3.676488 -0.442283 0.293138
v -3.390326 -0.370023 0.203976
v -3.474415 -0.530013 0.328797
v -3.530471 -0.520866 0.329946
v -3.244633 -0.435515 0.221553
v -3.262397 -0.476963 0.254964
v -3.238112 -0.588800 0.369837
v -3.601008 -0.447719 0.291869
v -3.207133 -0.435245 0.215611
v -3.191435 -0.621261 0.380124
v -3.325915 -0.633212 0.370545
v -3.247062 -0.699670 0.395126
v -3.140905 -0.770631 0.414609
v -3.090051 -0.820067 0.438311
v -3.047944 -0.840451 0.447150
v -2.990820 -0.884989 0.465953
v -2.997070 -0.865320 0.454442
v -3.126316 -0.434928 0.210966
v -2.847920 -0.866762 0.374655
v -2.912287 -0.858520 0.385121
v -2.846015 -0.888936 0.389216
v -3.143521 -0.673454 0.398616
v -3.006973 -0.841671 0.446329
v -3.075801 -0.754036 0.423117
v -3.066100 -0.811937 0.437762
v -3.188145 -0.646002 0.390332
v -3.214116 -0.701635 0.395459
v -3.394188 -0.483714 0.329641
v -3.438344 -0.526954 0.328984
v -3.505497 -0.413229 0.295227
v 0.008885 1.238880 -3.957735
v -0.105091 -3.818950 1.674435
v -0.111777 -3.824847 1.653710
v -0.102660 -3.807587 1.691702
v -0.518611 -1.771225 0.387245
v -0.514572 -1.688551 0.357895
v -0.516434 -1.762747 0.403826
v -0.518618 -1.747578 0.355531
v -0.513135 -1.668408 0.331208
v -0.507198 -1.714926 0.411717
v -0.509008 -1.749400 0.441685
v -0.509402 -1.775157 0.448234
v -0.499959 -1.712090 0.449292
v -0.494008 -1.597938 0.336025
v -0.494513 -1.593500 0.312331
v -0.487835 -1.668438 0.435649
v -0.483123 -1.669311 0.459383
v -0.461763 -1.602851 0.432944
v -0.482088 -1.585940 0.359372
v -0.457020 -1.633426 0.501216
v -0.496718 -1.711312 0.492244
v -0.504818 -1.733107 0.467653
v -0.510241 -1.764109 0.480906
v -0.458580 -1.535155 0.348797
v -0.511598 -1.753458 0.501229
v -0.443198 -1.629003 0.550087
v -0.437435 -1.594133 0.490161
v -0.453569 -1.515074 0.319849
v -0.423397 -1.486751 0.354166
v -0.511045 -1.753332 0.640325
v -0.523748 -1.776313 0.637038
v -0.514702 -1.774078 0.670814
v -0.526795 -1.805636 0.677881
v -0.508818 -1.778802 0.693454
v -0.519644 -1.811357 0.704439
v -0.529651 -1.792068 0.633066
v -0.523447 -1.766392 0.581369
v -0.456203 -1.514915 0.247546
v -0.462738 -1.521318 0.226037
v -0.452330 -1.498828 0.214880
v -0.482108 -1.566048 0.229465
v -0.482857 -1.573290 0.253802
v -0.483646 -1.540593 0.197151
v -0.492986 -1.576160 0.205284
v -0.418209 -1.455081 0.217949
v -0.469692 -1.509606 0.190739
v -0.422551 -1.453022 0.197339
v -0.524543 -1.837621 0.710881
v -0.488746 -1.590140 0.228730
v -0.490432 -1.604151 0.249205
v -0.533083 -1.823531 0.658502
v -0.341507 -1.341167 0.168989
v -0.387131 -1.611775 0.678067
v -0.457260 -1.479142 0.175179
v -0.492766 -1.531163 0.176239
v -0.165258 -1.181003 0.231315
v -0.395976 -1.747244 0.857499
v -0.424147 -1.763333 0.813424
v -0.443629 -1.796062 0.816192
v -0.453064 -1.806968 0.802520
v -0.427066 -1.787790 0.881303
v -0.450172 -1.810186 0.852962
v -0.443442 -1.814575 0.890771
v -0.463132 -1.833929 0.864021
v -0.461096 -1.845056 0.890792
v -0.394510 -1.771701 0.922205
v -0.409441 -1.770909 0.888287
v -0.383221 -1.778120 0.952309
v -0.476795 -1.865644 0.868547
v -0.443687 -1.926936 1.024474
v -0.158885 -1.147100 0.196075
v -0.425672 -1.928616 1.064279
v -0.401864 -1.952693 1.137333
v -0.276767 -1.582960 0.829147
v -0.369199 -2.006583 1.255524
v -0.350398 -1.992540 1.271362
v -0.409558 -2.001336 1.172845
v -0.336370 -1.954405 1.251401
v -0.318343 -1.720489 0.952698
v -0.417144 -1.953564 1.114782
v -0.453465 -1.939284 1.031607
v -0.469858 -1.942501 0.981333
v -0.255649 -1.535251 0.784134
v -0.472155 -1.842836 0.793097
v -0.127598 -1.175266 0.273527
v -0.234051 -1.203083 0.146934
v -0.229758 -1.543049 0.833102
v -0.438690 -1.941645 1.071170
v -0.150632 -1.127716 0.188247
v -0.327954 -1.997247 1.303723
v -0.365189 -2.036570 1.287026
v -0.418888 -2.038726 1.186525
v -0.471576 -1.843612 0.838214
v -0.295470 -1.938222 1.281812
v -0.281173 -1.905935 1.259583
v -0.120163 -1.139999 0.231958
v -0.120133 -1.122153 0.212210
v -0.342078 -2.033638 1.315748
v -0.476302 -1.839350 0.781050
v -0.418920 -1.996438 1.157446
v -0.430843 -1.955879 1.106865
v -0.296869 -1.983046 1.323851
v -0.491164 -1.965389 0.944507
v -0.494399 -1.972790 0.951685
v -0.477247 -1.953564 0.985662
v -0.462437 -1.942896 1.019270
v -0.378638 -2.076353 1.293029
v -0.507844 -1.559962 0.172373
v -0.318188 -2.024667 1.335834
v -0.148252 -1.423603 0.722497
v -0.506139 -1.992999 0.938026
v -0.430046 -2.078114 1.192275
v -0.251090 -1.914097 1.296307
v -0.091029 -1.162824 0.292037
v -0.078941 -1.131710 0.257307
v -0.337930 -2.065655 1.341413
v -0.113928 -1.095793 0.196645
v -0.090198 -1.102087 0.216751
v -0.268933 -1.981698 1.346746
v -0.274604 -2.009150 1.363540
v -0.351575 -2.097198 1.342047
v -0.310598 -2.056574 1.363407
v -0.429836 -1.982949 1.142446
v -0.376153 -2.111684 1.315892
v -0.425417 -2.030279 1.174930
v -0.100350 -1.423461 0.767507
v -0.231800 -1.961251 1.356048
v -0.220472 -1.920374 1.324251
v -0.280658 -2.061186 1.391510
v -0.330516 -2.124332 1.376950
v -0.485336 -1.877341 0.828212
v -0.060262 -1.156198 0.304659
v -0.486709 -1.885394 0.781736
v -0.443602 -2.128644 1.187767
v -0.499823 -1.982522 0.925868
v -0.507116 -2.004000 0.925199
v -0.386611 -2.156635 1.316400
v -0.242679 -2.044909 1.407116
v -0.180405 -1.926777 1.352253
v -0.193301 -1.958065 1.373770
v -0.403688 -2.171327 1.290896
v -0.520267 -1.859446 0.724939
v -0.530745 -1.852933 0.699834
v -0.333544 -2.160297 1.385493
v -0.289062 -2.131004 1.415105
v -0.042764 -1.388338 0.746985
v -0.263776 -2.084771 1.414331
v -0.438486 -2.063754 1.180038
v -0.371736 -2.188714 1.344975
v -0.396952 -2.193976 1.305222
v -0.339784 -2.188049 1.384294
v -0.444331 -2.106246 1.182061
v -0.453475 -2.143796 1.173985
v -0.305309 -2.175860 1.414335
v -0.309377 -2.200982 1.414336
v -0.430622 -2.007407 1.161871
v -0.269660 -2.156444 1.435990
v -0.354766 -2.223363 1.367230
v -0.492751 -1.615625 0.213976
v -0.463185 -2.141687 1.164027
v -0.329363 -2.226216 1.395223
v -0.301411 -2.233126 1.420152
v -0.451156 -2.095596 1.178548
v -0.597008 -1.510240 0.089157
v -0.586326 -1.545632 0.092954
v -0.543687 -1.460234 0.114177
v -0.526000 -1.474514 0.123453
v -0.615279 -1.519147 0.079601
v -0.536913 -1.437647 0.115921
v -0.554779 -1.560183 0.115800
v -0.573608 -1.567522 0.100803
v -0.625873 -1.527516 0.069787
v -0.546710 -1.581770 0.123101
v -0.516645 -1.497196 0.135547
v -0.503717 -1.369333 0.114032
v -0.483975 -1.371933 0.123245
v -0.465052 -1.464211 0.160509
v -0.466615 -1.349426 0.125826
v -0.494596 -1.336572 0.106073
v -0.529415 -1.538975 0.136847
v -0.435490 -1.431909 0.162878
v -0.454369 -1.307470 0.113622
v -0.530139 -1.571610 0.144247
v -0.527323 -1.591059 0.145334
v -0.508846 -1.517277 0.150582
v -0.450191 -1.270129 0.096595
v -0.412176 -1.393789 0.157120
v -0.490092 -1.315285 0.096188
v -0.509282 -1.584767 0.177039
v -0.468476 -1.256940 0.071547
v -0.453601 -1.253025 0.083090
v -0.285686 -1.164424 0.092131
v -0.261190 -1.138431 0.091063
v -0.251577 -1.203242 0.131059
v -0.414112 -1.257717 0.103694
v -0.514051 -1.336445 0.100502
v -0.530354 -1.354592 0.106878
v -0.539387 -1.378399 0.113587
v -0.542180 -1.334828 0.095358
v -0.273082 -1.098631 0.056404
v -0.504039 -1.311703 0.085012
v -0.520605 -1.314191 0.081073
v -0.290329 -0.989773 -0.037100
v -0.494351 -1.295314 0.074616
v -0.265738 -0.952763 -0.047726
v -0.404251 -1.061620 -0.059588
v -0.082587 -1.081671 0.205605
v -0.113021 -0.992515 0.149804
v -0.140310 -0.998285 0.137203
v -0.169850 -1.003721 0.117708
v -0.069133 -1.059434 0.198379
v -0.092236 -0.968328 0.143409
v -0.054760 -1.101484 0.235975
v -0.074916 -0.999759 0.168628
v -0.046284 -1.073921 0.214960
v -0.121904 -0.861182 0.043953
v -0.173550 -0.887207 0.016794
v -0.116821 -0.841987 0.038286
v -0.081740 -0.863353 0.068307
v -0.080960 -0.889205 0.084409
v -0.089545 -0.834680 0.053587
v -0.178165 -0.800016 -0.040362
v -0.228076 -0.857361 -0.048921
v -0.204662 -0.895846 -0.008388
v -0.107269 -0.816961 0.037111
v -0.149134 -0.795816 -0.009955
v -0.067938 -0.845569 0.066093
v -0.046533 -0.836283 0.071960
v -0.239059 -0.921998 -0.032974
v -0.253827 -0.872785 -0.069677
v -0.206489 -0.809908 -0.065206
v -0.245063 -0.844666 -0.077994
v -0.500873 -1.096111 -0.124084
v -0.524446 -1.129666 -0.107126
v -0.526225 -1.173411 -0.073964
v -0.500730 -1.216334 -0.019335
v -0.507927 -1.225003 -0.016392
v -0.525649 -1.104702 -0.132649
v -0.198505 -0.778714 -0.084399
v -0.422225 -1.057420 -0.085218
v -0.267792 -0.931684 -0.066284
v -0.163140 -0.769205 -0.036420
v -0.039217 -1.051381 0.202282
v -0.050261 -0.977823 0.162090
v -0.054678 -0.882278 0.087787
v -0.031497 -0.850752 0.075982
v -0.387016 -1.034217 -0.077036
v -0.270962 -0.858138 -0.105242
v -0.252178 -0.833730 -0.101434
v -0.231438 -0.807942 -0.106053
v -0.045060 -1.130299 0.275391
v -0.187798 -0.757110 -0.082553
v -0.278592 -0.877919 -0.104521
v -0.021670 -1.073462 0.220160
v -0.020263 -1.094225 0.239341
v -0.080280 -0.812381 0.058558
v -0.283853 -0.971387 -0.053361
v -0.544208 -1.169908 -0.080592
v -0.542035 -1.111279 -0.127343
v -0.304259 -0.979629 -0.081704
v -0.014231 -0.865447 0.082640
v -0.297831 -0.934013 -0.122263
v -0.132721 -0.778967 0.007780
v -0.538077 -1.314254 0.077579
v -0.007159 -1.044551 0.202140
v -0.061920 -0.811446 0.070471
v -0.282970 -0.852513 -0.139846
v -0.228028 -0.793059 -0.124834
v -0.207011 -0.748821 -0.136123
v -0.333163 -0.975667 -0.152555
v -0.329226 -0.941826 -0.187489
v -0.353979 -0.992815 -0.165705
v -0.354629 -0.978061 -0.183688
v -0.400988 -1.035247 -0.170787
v -0.392735 -1.001501 -0.190420
v -0.354357 -0.926833 -0.229381
v -0.337290 -0.936882 -0.204419
v -0.430386 -1.023534 -0.195040
v -0.443429 -1.057311 -0.186434
v -0.471164 -1.052666 -0.206074
v -0.427013 -1.059988 -0.170350
v -0.495548 -1.105097 -0.200915
v -0.520059 -1.103355 -0.224174
v -0.519675 -1.076474 -0.233299
v -0.546978 -1.092466 -0.251843
v -0.372415 -1.024358 -0.147006
v -0.531668 -1.109838 -0.223794
v -0.573332 -1.083431 -0.278727
v -0.599022 -1.047610 -0.324202
v -0.611100 -1.055708 -0.325077
v -0.633710 -1.018605 -0.382778
v -0.614820 -1.020506 -0.363216
v -0.599147 -1.010599 -0.348996
v -0.571426 -1.035880 -0.296898
v -0.324343 -0.908653 -0.206897
v -0.617594 -0.993815 -0.406707
v -0.633601 -0.982561 -0.442051
v -0.472606 -0.962336 -0.238397
v -0.446595 -0.943191 -0.238866
v -0.508459 -0.957962 -0.259176
v -0.536574 -0.971325 -0.274965
v -0.527541 -0.945932 -0.283723
v -0.492599 -0.944094 -0.258083
v -0.558178 -0.976285 -0.297766
v -0.552142 -0.953715 -0.309324
v -0.531209 -0.930019 -0.308751
v -0.550329 -0.985985 -0.282997
v -0.570703 -0.974890 -0.319965
v -0.563962 -0.957074 -0.330473
v -0.333718 -0.884893 -0.252549
v -0.386419 -0.968581 -0.210316
v -0.376726 -0.925295 -0.238508
v -0.617352 -0.960815 -0.464938
v -0.584694 -0.937738 -0.463211
v -0.597822 -0.931017 -0.493825
v -0.555138 -0.846045 -0.575035
v -0.574329 -0.861926 -0.574168
v -0.563372 -0.838739 -0.590895
v -0.546884 -0.820162 -0.591966
v -0.551437 -0.784674 -0.623649
v -0.529881 -0.776496 -0.606316
v -0.540956 -0.831209 -0.567687
v -0.525493 -0.789906 -0.583178
v -0.507926 -0.780315 -0.558783
v -0.524059 -0.802537 -0.560054
v -0.593285 -0.897019 -0.535072
v -0.566641 -0.793724 -0.625269
v -0.581847 -0.961448 -0.403032
v -0.605818 -0.997666 -0.374472
v -0.588094 -0.984147 -0.353467
v -0.295281 -0.872086 -0.148508
v -0.521528 -0.849089 -0.443112
v -0.217315 -0.738773 -0.195997
v -0.314360 -0.873165 -0.210362
v -0.314595 -0.853052 -0.277905
v -0.311145 -0.680842 -0.621941
v -0.331109 -0.707168 -0.618872
v -0.259785 -0.738726 -0.348702
v -0.219757 -0.697293 -0.336052
v -0.188631 -0.664532 -0.334908
v -0.246103 -0.584298 -0.601854
v -0.175866 -0.634178 -0.386575
v -0.224017 -0.564025 -0.605043
v -0.260712 -0.601384 -0.601985
v -0.141492 -0.621070 -0.341463
v -0.115983 -0.603302 -0.349975
v -0.184392 -0.676007 -0.273965
v -0.619578 -0.945647 -0.486941
v -0.144568 -0.627521 -0.307009
v -0.336782 -0.706930 -0.645453
v -0.206514 -0.726108 -0.180736
v -0.203499 -0.710401 -0.223853
v -0.237854 -0.573155 -0.618023
v -0.262798 -0.599672 -0.619863
v -0.602873 -0.879916 -0.564740
v -0.311562 -0.678242 -0.636651
v -0.593660 -0.860485 -0.583337
v -0.173723 -0.663120 -0.221818
v -0.183492 -0.679874 -0.231161
v -0.193990 -0.737061 -0.110109
v -0.196701 -0.713792 -0.152466
v -0.172282 -0.734350 -0.058826
v -0.120562 -0.606599 -0.305172
v -0.189743 -0.690811 -0.180405
v -0.055722 -1.258637 0.476034
v -0.609163 -0.905879 -0.528413
v -0.579521 -1.086063 -0.277253
v -0.089559 -0.588959 -0.324088
v -0.145255 -0.740770 -0.008619
v -0.153631 -0.638045 -0.260342
v -0.136822 -0.618726 -0.275087
v -0.187425 -0.715727 -0.101069
v -0.192136 -0.706962 -0.124819
v -0.552002 -1.191686 -0.060021
v -0.209353 -0.553550 -0.617301
v -0.497730 -1.603644 0.198152
v -0.259618 -0.598009 -0.633527
v -0.191839 -0.692966 -0.147471
v -0.135456 -0.654546 0.020077
v -0.168748 -0.628171 -0.042341
v -0.112218 -0.520042 0.033810
v -0.098395 -0.554627 0.056306
v -0.104281 -0.650249 0.062091
v -0.117360 -0.501356 0.027365
v -0.150304 -0.529648 -0.008893
v -0.186702 -0.659555 -0.087561
v -0.083250 -0.675610 0.078974
v -0.156617 -0.635525 -0.234223
v -0.177281 -0.665909 -0.203875
v -0.162111 -0.563139 -0.024098
v -0.168598 -0.393322 -0.006311
v -0.143734 -0.319746 0.023249
v -0.146675 -0.277966 0.017832
v -0.138197 -0.243698 0.021777
v -0.140334 -0.202202 0.008948
v -0.155761 -0.190347 -0.015154
v -0.137234 -0.151593 -0.008345
v -0.152064 -0.150721 -0.029624
v -0.133697 -0.106294 -0.033932
v -0.136037 -0.084405 -0.056371
v -0.119971 -0.084564 -0.035053
v -0.150312 -0.072027 -0.102176
v -0.165236 -0.157996 -0.052805
v -0.125073 -0.122825 -0.012308
v -0.159723 -0.025935 -0.164800
v -0.143851 -0.000369 -0.161386
v -0.160213 -0.011447 -0.184616
v -0.131207 -0.003332 -0.137479
v -0.116449 -0.039343 -0.077914
v -0.171959 -0.026854 -0.207506
v -0.146469 0.008540 -0.186435
v -0.172731 -0.180758 -0.059685
v -0.170449 -0.221824 -0.032323
v -0.158683 -0.079778 -0.127643
v -0.161023 -0.002334 -0.210523
v -0.172895 -0.012652 -0.245021
v -0.177879 -0.372067 -0.021054
v -0.179223 -0.192772 -0.081572
v -0.121747 -0.155952 0.008755
v -0.122234 -0.196322 0.023894
v -0.185401 -0.364507 -0.046398
v -0.165186 -0.094232 -0.157810
v -0.182752 -0.457529 -0.037028
v -0.176988 -0.477580 -0.025154
v -0.177255 -0.026045 -0.267412
v -0.103051 -0.103933 -0.006399
v -0.103300 -0.068445 -0.034412
v -0.189035 -0.606520 -0.075553
v -0.131227 -0.282878 0.033211
v -0.159803 0.004022 -0.242057
v -0.190552 -0.601084 -0.091580
v -0.188315 -0.626871 -0.108345
v -0.172353 -0.019309 -0.303200
v -0.169609 -0.008088 -0.289964
v -0.187426 -0.549286 -0.089693
v -0.168509 -0.116328 -0.198670
v -0.186335 -0.663041 -0.154601
v -0.134864 0.009838 -0.168337
v -0.158697 0.005305 -0.286722
v -0.099660 -0.025618 -0.079424
v -0.084839 -0.075545 -0.016454
v -0.175387 -0.056350 -0.302316
v -0.174639 -0.074880 -0.285962
v -0.167192 -0.149389 -0.203869
v -0.166380 -0.120020 -0.246838
v -0.081857 -0.041166 -0.052266
v -0.163468 -0.612638 -0.193964
v -0.175121 -0.604904 -0.155247
v -0.158891 -0.584298 -0.191022
v -0.161409 -0.007343 -0.325664
v -0.168092 -0.041087 -0.336650
v -0.131922 -0.605189 -0.258586
v -0.153251 0.005195 -0.316435
v -0.153045 -0.622227 -0.226235
v -0.112217 -0.587564 -0.276814
v -0.158273 -0.023541 -0.355506
v -0.304215 -0.674754 -0.654457
v -0.326137 -0.701811 -0.657944
v -0.336660 -0.719689 -0.676046
v -0.168810 -0.086005 -0.318428
v -0.162855 -0.489928 -0.163637
v -0.165132 -0.074325 -0.346484
v -0.276644 -0.632260 -0.651115
v -0.234448 -0.573917 -0.632656
v -0.157243 -0.183833 -0.230946
v -0.154296 -0.049614 -0.374882
v -0.153962 -0.068698 -0.376702
v -0.152561 -0.139183 -0.290631
v -0.135388 -0.581335 -0.233787
v -0.145404 -0.539411 -0.203712
v -0.145694 -0.004996 -0.354293
v -0.150485 -0.166493 -0.264428
v -0.160449 -0.096309 -0.340294
v -0.254348 -0.602748 -0.649349
v -0.117808 -0.567085 -0.253198
v -0.130860 -0.461985 -0.217423
v -0.149758 -0.090825 -0.375470
v -0.151011 -0.101174 -0.362784
v -0.135471 -0.012414 -0.377110
v -0.131661 -0.218686 -0.271866
v -0.140002 -0.052785 -0.397986
v -0.134783 -0.033748 -0.397176
v -0.579015 -1.477288 0.100885
v -0.622965 -1.501458 0.083640
v -0.561503 -1.434461 0.113789
v -0.468852 -1.090293 -0.175739
v -0.468210 -1.079548 -0.140612
v -0.418333 -1.049813 -0.117010
v -0.501047 -1.107665 -0.193848
v -0.508294 -1.095366 -0.143161
v -0.339899 -1.005987 -0.106440
v -0.468685 -1.076679 -0.120641
v -0.319113 -0.992738 -0.075592
v -0.530045 -1.099994 -0.148845
v -0.533583 -1.110027 -0.185954
v -0.537861 -1.111818 -0.212946
v 0.545990 -1.389653 -0.729694
v 0.550405 -1.367557 -0.755776
v 0.541463 -1.561547 -0.729931
v 0.590954 -1.346034 -1.445402
v 0.554606 -0.915738 -1.617031
v 0.547619 -0.850404 -1.611180
v 0.558894 -1.012755 -1.600191
v 0.577579 -1.227032 -1.575417
v 0.580528 -1.259890 -1.572828
v 0.579961 -1.274091 -1.556311
v 0.542146 -1.067944 -1.123478
v 0.582017 -1.153806 -1.650482
v 0.583884 -1.184396 -1.641280
v 0.582573 -1.170701 -1.660707
v 0.579601 -1.126781 -1.672498
v 0.590325 -1.223926 -1.632726
v 0.571281 -1.090769 -1.610097
v 0.532199 -0.831653 -1.533593
v 0.534406 -0.795786 -1.584695
v 0.578681 -1.316109 -1.555972
v 0.576738 -1.332007 -1.542030
v 0.588876 -1.248572 -1.606103
v 0.593004 -1.263899 -1.621735
v 0.585277 -1.391079 -1.552809
v 0.576488 -1.400241 -1.495970
v 0.579181 -1.482059 -1.473807
v 0.583491 -1.464370 -1.550900
v 0.588539 -1.334669 -1.596052
v 0.592535 -1.286280 -1.620480
v 0.579262 -1.550594 -1.490421
v 0.576315 -1.544461 -1.431013
v 0.557659 -1.266244 -0.851792
v 0.586097 -1.528436 -1.245527
v 0.560172 -1.658437 -1.391245
v 0.565150 -1.620888 -1.390182
v 0.588321 -1.229870 -1.649279
v 0.547705 -1.365798 -0.714670
v 0.582174 -1.408419 -1.455041
v 0.581841 -1.080515 -1.653641
v 0.556630 -0.971846 -1.608945
v 0.583630 -1.072668 -1.670358
v 0.581635 -0.989329 -1.682271
v 0.579385 -0.944950 -1.668287
v 0.578814 -0.978884 -1.701233
v 0.546991 -1.718779 -1.296596
v 0.553884 -1.341373 -0.746460
v 0.581280 -1.521050 -1.518610
v 0.540067 -0.787956 -1.609070
v 0.533081 -1.419911 -0.680944
v 0.587519 -1.460360 -1.435139
v 0.586112 -1.431988 -1.419794
v 0.578569 -1.571040 -1.251028
v 0.585839 -1.547646 -1.362932
v 0.586077 -1.502235 -1.425198
v 0.529966 -1.603168 -0.694127
v 0.541644 -0.745985 -1.586414
v 0.543358 -0.725792 -1.619311
v 0.538693 -0.725046 -1.567824
v 0.542099 -0.766367 -1.482486
v 0.544343 -0.806198 -1.435283
v 0.541919 -0.920540 -1.291088
v 0.540881 -0.904912 -1.244431
v 0.569002 -1.036657 -0.904942
v 0.563770 -1.006242 -0.928044
v 0.564459 -0.991153 -0.872243
v 0.573783 -1.066138 -0.876071
v 0.530787 -0.848455 -1.270051
v 0.536720 -0.700194 -1.613229
v 0.574899 -1.031759 -0.864982
v 0.548541 -1.717241 -1.353750
v 0.538155 -1.383629 -0.670356
v 0.537755 -1.652748 -0.773026
v 0.542586 -1.724404 -0.970709
v 0.538403 -1.395026 -0.689120
v 0.547965 -0.735000 -1.635672
v 0.546624 -0.707359 -1.642852
v 0.527757 -0.860817 -1.205803
v 0.585778 -0.925089 -1.687002
v 0.591567 -0.868124 -1.698212
v 0.587820 -0.863306 -1.684380
v 0.591747 -0.777637 -1.703967
v 0.591060 -0.801792 -1.716169
v 0.598850 -0.717898 -1.725333
v 0.589407 -0.831986 -1.718669
v 0.595697 -0.693902 -1.712509
v 0.600829 -0.658144 -1.733631
v 0.601553 -0.664436 -1.744449
v 0.599824 -0.611878 -1.755390
v 0.588470 -0.527396 -1.813876
v 0.588111 -0.562584 -1.821925
v 0.590994 -0.529363 -1.840201
v 0.595050 -0.482843 -1.858222
v 0.595890 -0.501070 -1.870000
v 0.599399 -0.488454 -1.898148
v 0.595717 -0.621403 -1.778683
v 0.611369 -0.426909 -1.902316
v 0.633134 -0.354933 -1.960218
v 0.506145 -1.450390 -0.598173
v 0.630395 -0.374699 -1.986498
v 0.576528 -1.613090 -1.337493
v 0.517884 -1.595624 -0.651532
v 0.583361 -1.392697 -1.591315
v 0.587783 -1.278830 -1.637051
v 0.510062 -1.697063 -0.677136
v 0.546783 -1.369301 -0.672407
v 0.561137 -1.285645 -0.806092
v 0.566211 -1.243739 -0.830047
v 0.552996 -1.687030 -1.395194
v 0.541179 -1.739051 -1.280971
v 0.570979 -1.148447 -0.853228
v 0.576899 -0.580923 -1.853818
v 0.587249 -0.562251 -1.764150
v 0.562685 -1.628417 -1.452177
v 0.548182 -0.954633 -0.881007
v 0.554321 -1.714182 -1.238948
v 0.572546 -1.574163 -1.492306
v 0.604380 -0.455867 -1.942558
v 0.593362 -0.634051 -1.726829
v 0.579344 -1.184570 -1.670864
v 0.535010 -1.761732 -1.321807
v 0.582898 -0.502085 -1.814631
v 0.580808 -0.555610 -1.757943
v 0.578682 -1.057658 -1.688896
v 0.461758 -1.724738 -0.547826
v 0.469997 -1.744028 -0.582475
v 0.591129 -0.594760 -1.745114
v 0.362854 -1.713976 -0.331109
v 0.582959 -0.470021 -1.835727
v 0.508686 -1.816922 -1.163712
v 0.330045 -1.766280 -0.282719
v 0.667162 -0.274257 -2.047609
v 0.698077 -0.201696 -2.103219
v 0.716500 -0.149121 -2.125827
v 0.770187 -0.042323 -2.215339
v 0.706937 -0.138803 -2.109733
v 0.393639 -1.608319 -0.342589
v 0.358695 -1.655743 -0.256850
v 0.596729 -0.453900 -1.868146
v 0.555829 -0.780617 -1.646340
v 0.556714 -0.716345 -1.657861
v 0.612180 -0.386427 -1.910283
v 0.488283 -1.757817 -0.669935
v 0.445176 -1.771669 -0.536768
v 0.691610 -0.218844 -2.104132
v 0.538370 -1.762539 -1.179209
v 0.307393 -1.782717 -0.225991
v 0.586429 -0.708135 -1.695393
v 0.960670 0.330849 -2.466106
v 0.987083 0.384136 -2.512529
v 1.029659 0.455097 -2.615164
v 1.047165 0.511713 -2.646019
v 1.064551 0.556695 -2.697188
v 1.083361 0.628527 -2.777366
v 1.095740 0.688378 -2.840548
v 1.102061 0.739811 -2.855073
v 1.088706 0.676157 -2.783586
v 1.113443 0.836036 -2.976477
v 1.106227 0.796886 -2.903957
v 1.065179 0.588523 -2.693903
v 1.111666 0.879497 -3.061940
v 1.112184 0.875518 -3.016875
v 1.109441 0.914303 -3.087390
v 1.026148 0.441007 -2.622893
v 1.022881 0.474259 -2.585258
v 1.041066 0.479410 -2.666719
v 1.052649 0.516151 -2.701484
v 0.984466 0.387671 -2.503973
v 1.101225 0.728890 -2.893312
v 1.068409 0.576540 -2.760759
v 1.107761 0.894760 -3.099265
v 0.963354 0.350012 -2.470399
v 1.108204 0.853264 -2.964721
v 0.354360 -1.660799 -0.228030
v 1.102698 0.937317 -3.133875
v 1.078140 0.663493 -2.750657
v 0.495955 -1.854834 -1.189325
v 0.300305 -1.825861 -0.273691
v 0.468554 -1.883318 -1.035595
v 0.440688 -1.812642 -0.573244
v 1.021670 0.430703 -2.631103
v 1.093822 0.760892 -2.843129
v 0.288655 -1.803924 -0.171151
v 0.290722 -1.822137 -0.238899
v 0.418003 -1.569740 -0.380385
v 0.329447 -1.710900 -0.091254
v 1.105966 0.898296 -3.020424
v 0.500697 -1.831661 -1.023100
v 0.278079 -1.819442 -0.140335
v 1.101820 0.941408 -3.109960
v 0.656206 -0.295179 -2.061134
v 0.346224 -1.674144 -0.177580
v 1.022400 0.438186 -2.655186
v 0.273907 -1.827319 -0.099078
v 0.276787 -1.834055 -0.029840
v 1.009716 0.462420 -2.561043
v 0.580527 -1.066597 -0.855262
v 0.551980 -0.681681 -1.666279
v 1.060256 0.631476 -2.704162
v 0.532120 -0.669097 -1.646520
v 0.585650 -0.672124 -1.702661
v 1.086210 0.974152 -3.193928
v 1.084836 0.979828 -3.168824
v 0.584781 -0.441664 -1.853379
v 0.444903 -1.528357 -0.414714
v 0.551341 -0.957851 -0.860052
v 1.077214 0.732187 -2.793748
v 1.090336 0.807063 -2.879170
v 1.100182 0.864724 -2.958386
v 0.707407 -0.105200 -2.118487
v 0.527422 -0.915088 -0.876310
v 0.571929 -0.472889 -1.817511
v 0.570268 -0.509407 -1.786024
v 1.090964 0.963327 -3.117631
v 1.091682 0.895363 -2.984751
v 0.561888 -1.319612 -0.754814
v 0.559876 -1.341500 -0.714899
v 0.571646 -1.266293 -0.799605
v 0.572722 -1.242692 -0.816356
v 1.021321 0.516944 -2.599302
v 1.089713 0.952374 -3.081556
v 0.504561 -0.882707 -0.847958
v 0.325577 -1.824054 0.140864
v 0.522991 -0.906212 -0.839313
v 0.975346 0.398639 -2.496698
v 0.511447 -0.630248 -1.658769
v 1.067530 1.004283 -3.226042
v 1.065256 1.001113 -3.264874
v 1.094976 0.934243 -3.054352
v 0.317270 -1.919994 0.251473
v 0.583794 -1.221420 -0.809957
v 0.430354 -1.557139 -0.364570
v 0.581840 -0.610149 -1.724520
v 0.341277 -1.698522 -0.079574
v 0.338395 -1.740810 0.022992
v 0.574809 -0.994892 -0.851880
v 0.684946 -0.129546 -2.088359
v 0.581955 -1.022567 -0.851825
v 0.536927 -0.649426 -1.671637
v 0.349933 -0.376853 -1.726627
v 0.367112 -0.375523 -1.767119
v 0.403519 -0.495173 -1.706769
v 0.337899 -0.377820 -1.685189
v 0.334341 -0.407857 -1.590916
v 0.393420 -0.424547 -1.770252
v 0.362046 -0.330414 -1.793515
v 0.322355 -0.352127 -1.692854
v 0.409633 -0.475710 -1.749671
v 0.413933 -0.496267 -1.732988
v 0.322755 -0.327322 -1.736504
v 0.347439 -0.324755 -1.780490
v 0.566917 -0.439510 -1.834894
v 0.314779 -0.374761 -1.618818
v 0.484305 -0.857426 -0.828687
v 1.089306 0.857022 -2.932596
v 0.250252 -0.634433 -0.704217
v 0.296171 -0.702603 -0.699671
v 0.556951 -0.499423 -1.781220
v 1.038391 0.601789 -2.663697
v 0.514859 -0.615903 -1.681427
v 0.447728 -0.817928 -0.810940
v 0.568191 -0.552059 -1.746782
v 0.336800 -0.299205 -1.788988
v 0.323492 -0.310901 -1.760000
v 0.989269 0.467714 -2.544026
v 0.315934 -0.289520 -1.776210
v 1.078999 0.981476 -3.136931
v 0.568004 -0.578244 -1.730476
v 0.563636 -0.633068 -1.699593
v 0.421693 -0.473444 -1.764207
v 0.421393 -0.792250 -0.802183
v 0.330966 -0.733367 -0.723518
v 0.316018 -0.723778 -0.701747
v 0.658093 -0.150531 -2.058126
v 1.039759 0.644204 -2.693250
v 1.059057 0.735879 -2.779272
v 0.292754 -0.327640 -1.679433
v 0.413955 -0.426162 -1.787152
v 0.366613 -0.305830 -1.811340
v 0.216330 -0.597945 -0.706255
v 1.046264 1.022590 -3.284109
v 1.029763 1.025776 -3.360782
v 1.083237 0.932752 -3.031896
v 0.432137 -0.507426 -1.742472
v 1.065424 0.999512 -3.167528
v 0.215460 -0.585709 -0.736536
v 0.959505 0.417993 -2.496249
v 1.008547 1.041880 -3.394805
v 1.049777 1.019958 -3.237103
v -0.728590 -0.837392 -0.761208
v -1.667635 0.006938 -0.627056
v -1.743031 0.017494 -0.632455
v -0.721255 -0.864985 -0.769307
v -1.690884 0.033486 -0.617226
v -1.558435 -0.138723 -0.666323
v -0.675889 -0.763514 -0.718469
v -1.401309 -0.100256 -0.635682
v -1.475089 -0.046461 -0.630323
v -1.546917 -0.009323 -0.627449
v -0.697095 -0.848201 -0.762629
v -1.597752 0.003928 -0.627349
v -1.624244 0.032600 -0.618175
v -1.616533 -0.117992 -0.663014
v -0.725879 -0.902488 -0.778624
v -1.784006 0.030412 -0.628393
v -0.688222 -0.867823 -0.770445
v -1.772894 -0.000352 -0.636419
v -0.701279 -0.927022 -0.786865
v -0.671557 -0.803075 -0.740648
v -0.640996 -0.829815 -0.757785
v -0.709664 -0.946803 -0.788961
v -1.712437 0.055835 -0.605990
v -1.775719 0.053347 -0.615563
v -0.856798 -0.561221 -0.686647
v -0.649370 -0.802886 -0.738922
v -1.485523 -0.021480 -0.619041
v -0.651537 -0.871548 -0.777461
v -1.820102 0.038972 -0.620939
v -1.805795 0.013120 -0.629440
v -0.675399 -0.943523 -0.795685
v -1.547307 0.017320 -0.610507
v -1.622869 0.043440 -0.609896
v -0.680072 -0.965016 -0.797251
v -0.635412 -0.791189 -0.726315
v -1.435617 -0.046508 -0.614709
v -0.621570 -0.834601 -0.763385
v -0.628892 -0.871468 -0.784108
v -0.655421 -0.921666 -0.795766
v -0.658046 -0.957883 -0.804354
v -1.805281 -0.008484 -0.629976
v -0.723377 -0.979852 -0.786679
v -1.837129 0.014452 -0.619874
v -0.690133 -1.032315 -0.796287
v -1.586840 0.037513 -0.605931
v -0.614340 -0.820812 -0.751122
v -0.644116 -1.061256 -0.818602
v -0.652661 -0.760995 -0.703911
v -0.608666 -0.797862 -0.722522
v -0.590811 -0.818720 -0.742469
v -0.596907 -0.863861 -0.795249
v -0.583653 -0.848598 -0.779848
v -1.832385 -0.009720 -0.619781
v -0.723333 -1.021838 -0.783212
v -0.689345 -1.057263 -0.794833
v -0.613824 -0.915754 -0.816897
v -0.594452 -0.920904 -0.826950
v -0.570272 -0.962907 -0.848266
v -0.536170 -0.913821 -0.833345
v -0.560484 -0.972908 -0.861230
v -0.522409 -0.887619 -0.815636
v -0.608832 -0.887145 -0.806045
v -0.508340 -0.865811 -0.798938
v -0.577153 -0.992309 -0.852799
v -0.487802 -0.837248 -0.775211
v -0.598060 -0.996715 -0.841709
v -0.575999 -1.037942 -0.863618
v -0.593548 -1.117777 -0.839645
v -0.778160 -1.007049 -0.758287
v -1.483315 -0.008928 -0.605397
v -0.588709 -1.033821 -0.850000
v -0.501193 -0.870248 -0.806161
v -0.583979 -1.162253 -0.836529
v -0.624117 -1.145023 -0.818538
v -0.456244 -0.816184 -0.763439
v -1.740459 -0.135188 -0.628780
v -0.523868 -0.903723 -0.832723
v -0.576555 -1.132472 -0.850676
v -0.678244 -0.735825 -0.697057
v -1.232145 -0.190109 -0.611555
v -0.572288 -0.801078 -0.713782
v -1.532341 0.020379 -0.598211
v -0.493623 -0.801522 -0.722422
v -0.593105 -0.794803 -0.709200
v -1.428666 -0.041151 -0.603005
v -1.645216 0.064553 -0.587515
v -1.028165 -0.371528 -0.637235
v -0.620710 -0.777747 -0.698436
v -0.651056 -0.756286 -0.693232
v -0.570034 -1.005433 -0.865314
v -0.583475 -0.787574 -0.691049
v -0.507936 -0.793456 -0.704516
v -0.542126 -0.781773 -0.683645
v -0.505182 -0.768761 -0.676185
v -0.475330 -0.775814 -0.683407
v -0.474688 -0.749138 -0.651474
v -0.448763 -0.772708 -0.692290
v -0.422766 -0.788415 -0.739601
v -0.606688 -0.780982 -0.686952
v -1.590285 0.048655 -0.585977
v -1.768131 0.093464 -0.558438
v -1.830257 0.108886 -0.549102
v -1.695253 0.080198 -0.569293
v 1.580142 -0.036539 -0.491612
v 1.626277 0.006749 -0.496298
v 1.796801 0.092243 -0.478209
v 1.650284 0.045993 -0.505153
v 1.440030 -0.311266 -0.391793
v 1.247835 -0.437749 -0.393522
v 1.611660 0.006178 -0.500847
v 1.444393 -0.129182 -0.504616
v 1.370796 -0.206181 -0.494175
v 1.750682 -0.022257 -0.419230
v 1.831244 0.111009 -0.474752
v 1.182094 -0.392260 -0.472002
v 1.194630 -0.342238 -0.515630
v 1.224285 -0.329461 -0.500973
v 1.718071 0.077660 -0.506133
v 1.624961 0.052523 -0.519969
v 1.562747 0.020506 -0.518472
v 1.551342 -0.002890 -0.507608
v 1.497090 -0.023430 -0.515453
v 1.426460 -0.058015 -0.525603
v 1.409185 -0.092267 -0.515085
v 1.256986 -0.196751 -0.530526
v 1.320775 -0.126946 -0.537966
v 1.094823 -0.350527 -0.542756
v 1.079243 -0.421250 -0.542860
v 0.869395 -0.538620 -0.590487
v 0.898621 -0.496473 -0.593528
v 0.954923 -0.473936 -0.569110
v 1.158458 -0.308080 -0.530950
v 0.874203 -0.559098 -0.581984
v 0.811014 -0.631374 -0.588579
v 0.682021 -0.744383 -0.629361
v 0.922289 -0.591098 -0.550960
v 0.869460 -0.606251 -0.573243
v 0.773040 -0.694916 -0.592221
v 0.702691 -0.757872 -0.607753
v 0.659472 -0.759345 -0.637723
v 0.627040 -0.778682 -0.642230
v 0.638451 -0.826359 -0.593417
v 1.468540 -0.095517 -0.508202
v 1.604522 0.013437 -0.503746
v 0.653828 -0.822350 -0.586320
v 0.658300 -0.858267 -0.556899
v 0.633732 -0.867585 -0.565465
v 0.676562 -0.835092 -0.559928
v 0.728786 -0.784706 -0.542405
v 0.614093 -0.854255 -0.580232
v 0.622621 -0.800572 -0.621757
v 1.439556 -0.085452 -0.509974
v 0.680814 -0.735888 -0.637549
v 1.715082 -0.077558 -0.397505
v 1.126965 -0.527222 -0.390058
v 1.613057 -0.177571 -0.387447
v 1.525519 -0.254126 -0.384624
v 0.762266 -0.642816 -0.621065
v 1.259279 -0.166825 -0.551276
v 0.632130 -0.769981 -0.655031
v 0.936791 -0.452284 -0.594974
v 1.868356 0.104574 -0.439013
v 1.923397 0.168355 -0.450417
v 1.359487 -0.371670 -0.385826
v 1.884214 0.145594 -0.468585
v 1.047097 -0.350068 -0.577568
v 1.566052 0.033233 -0.530284
v 1.783895 0.099138 -0.494968
v 0.646092 -0.882136 -0.539545
v 1.778516 -0.005187 -0.408275
v 1.501356 0.005511 -0.540322
v 0.616350 -0.880836 -0.557290
v 0.671557 -0.881216 -0.515170
v 0.840405 -0.547939 -0.612852
v 1.839532 0.123516 -0.484897
v 0.644805 -0.924439 -0.485247
v 0.623755 -0.920904 -0.501861
v 0.642396 -0.955901 -0.459422
v 0.659500 -0.916356 -0.479755
v 0.627532 -0.962813 -0.459762
v 0.659381 -0.954809 -0.441027
v 0.643987 -0.990091 -0.412868
v 0.632532 -0.992785 -0.417880
v 0.618145 -0.898096 -0.529789
v 0.662128 -0.973399 -0.412362
v 1.412585 -0.045287 -0.553044
v 1.474954 -0.004823 -0.552210
v 0.601452 -0.788209 -0.636902
v 0.605156 -0.820511 -0.606708
v 0.588841 -0.859296 -0.577200
v 0.597381 -0.875321 -0.564131
v 0.886227 -0.738028 -0.374257
v 1.075835 -0.574376 -0.379365
v 1.621616 0.058403 -0.530975
v 0.675111 -0.955489 -0.414664
v 1.223514 -0.189586 -0.568092
v 0.770841 -0.619944 -0.635972
v 1.139720 -0.526984 -0.373420
v 0.676351 -0.730690 -0.655068
v 0.724001 -0.918465 -0.362181
v 1.667902 -0.133714 -0.377654
v 1.703855 -0.098829 -0.377602
v 0.634158 -1.015863 -0.373881
v 1.563020 0.039351 -0.544860
v 0.645987 -0.757395 -0.665294
v 1.957986 0.191289 -0.423832
v 0.653176 -0.999774 -0.377048
v 0.605224 -0.783026 -0.645631
v 1.534671 -0.253064 -0.370319
v 1.029757 -0.616443 -0.365046
v 0.642698 -1.019317 -0.349451
v 1.521801 0.023312 -0.560041
v 0.890366 -0.739803 -0.358698
v 0.621389 -1.041348 -0.327140
v 0.656359 -1.007510 -0.342125
v 0.615430 -1.037942 -0.336692
v 0.589333 -1.072209 -0.290454
v 0.590374 -1.075648 -0.278289
v 1.662689 -0.153274 -0.320819
v 1.593403 -0.219559 -0.305200
v 1.875546 0.089802 -0.368711
v 0.701729 -0.702603 -0.672392
v 0.574111 -1.078962 -0.279761
v 0.573192 -1.087551 -0.267527
v 0.633862 -1.033677 -0.311697
v 1.103065 -0.291770 -0.591101
v 1.121382 -0.542803 -0.354747
v 0.621876 -0.775181 -0.678580
v 0.815196 -0.817373 -0.349830
v 0.723825 -0.920207 -0.346495
v 0.679806 -0.977584 -0.335925
v 0.911090 -0.469227 -0.623703
v 0.555676 -1.101611 -0.230842
v 0.535046 -1.108474 -0.226898
v 0.530198 -1.113894 -0.201879
v 0.581370 -1.083004 -0.253593
v 0.542732 -1.105018 -0.180934
v 0.901305 -0.726204 -0.344476
v 0.639458 -1.022567 -0.289031
v 0.943825 -0.669715 -0.303624
v 0.889030 -0.712097 -0.284146
v 0.554498 -1.094129 -0.179238
v 0.850901 -0.745065 -0.276930
v 0.834186 -0.765401 -0.296021
v 0.788880 -0.816010 -0.300222
v 0.702178 -0.920540 -0.295274
v 0.685613 -0.935629 -0.269692
v 0.562747 -1.075157 -0.157466
v 0.536044 -1.098346 -0.140743
v 0.645422 -0.988220 -0.247748
v 0.655523 -0.972543 -0.230199
v 0.617565 -1.009396 -0.211118
v 0.711774 -0.914771 -0.310031
v 0.597477 -1.036483 -0.208550
v 0.600252 -1.027497 -0.178930
v 2.066138 0.260871 -0.474676
v 2.022677 0.244878 -0.456201
v 2.170283 0.341959 -0.465296
v 1.947870 0.178720 -0.492526
v 1.949190 0.186645 -0.478214
v 2.220182 0.377179 -0.457009
v 2.217665 0.371440 -0.465542
v 2.061839 0.281160 -0.433650
v 1.924588 0.172920 -0.467907
v 2.176287 0.359284 -0.431859
v 1.905688 0.154866 -0.500291
v 2.234059 0.391268 -0.432316
v 2.332681 0.434333 -0.458246
v 1.888362 0.150142 -0.484263
v 2.366563 0.453037 -0.442673
v 2.376660 0.454020 -0.456632
v 1.859997 0.133991 -0.506250
v 1.826183 0.120377 -0.499178
v 1.916479 0.151950 -0.511898
v 1.835782 0.118507 -0.526009
v 1.796895 0.109948 -0.514779
v 2.424407 0.476527 -0.423947
v 2.428594 0.472533 -0.445645
v 2.454777 0.483072 -0.428815
v 2.464321 0.478904 -0.442367
v 2.516509 0.497464 -0.412279
v 1.704790 0.084555 -0.541619
v 1.641958 0.067533 -0.562633
v 2.096033 0.305965 -0.413909
v 2.379024 0.459393 -0.421368
v 2.476383 0.490220 -0.410143
v 1.630538 0.066091 -0.544508
v 1.587828 0.049131 -0.573807
v 1.730462 0.089311 -0.521331
v 2.165074 0.351027 -0.417152
v 2.264739 0.405343 -0.423005
v 2.059009 0.277213 -0.404549
v 1.555472 0.038972 -0.564629
v 2.468680 0.485878 -0.397002
v 1.523955 0.023453 -0.572426
v 1.470343 -0.005584 -0.568294
v 1.404156 -0.049678 -0.572239
v 1.308902 -0.120037 -0.568127
v 1.226766 -0.186021 -0.582784
v 2.532228 0.501014 -0.385314
v 4.858364 0.310719 0.055510
v 4.822647 0.322560 0.051407
v 4.853878 0.306994 0.069003
v 4.900926 0.288260 0.074438
v 4.892517 0.282078 0.091074
v 4.947603 0.258541 0.093114
v 4.833007 0.307454 0.074360
v 4.966711 0.238078 0.109799
v 5.000852 0.220691 0.108944
v 5.116417 0.123563 0.153840
v 4.918432 0.257796 0.107424
v 5.055758 0.156515 0.150822
v 5.090048 0.128364 0.167154
v 4.772191 0.331816 0.045194
v 4.770471 0.317868 0.064553
v 4.794828 0.215350 0.125458
v 4.960291 0.179402 0.147531
v 5.016994 0.163457 0.153719
v 5.029484 0.148495 0.164158
v 4.799996 0.195886 0.147681
v 4.994491 0.130252 0.192869
v 5.081954 0.122119 0.181333
v 4.987689 0.112151 0.217211
v 4.721902 0.126146 0.199261
v 4.578751 0.108727 0.194638
v 4.744223 0.213734 0.120219
v 4.895994 0.243008 0.116325
v 4.810636 0.294632 0.085951
v 4.810960 0.304982 0.078808
v 4.788575 0.293855 0.082629
v 4.565383 0.337617 0.004071
v 4.462632 0.338441 -0.013903
v 4.709798 0.340485 0.030154
v 4.304117 0.363087 -0.054429
v 4.504633 0.351421 -0.026727
v 4.831170 0.245640 0.103800
v 4.781499 0.272156 0.083850
v 5.112982 0.111453 0.185695
v 4.407039 0.360616 -0.051871
v 3.780504 0.549262 -0.216437
v 3.776486 0.538896 -0.204420
v 3.843507 0.514360 -0.188087
v 3.717482 0.561545 -0.227453
v 4.563124 0.150301 0.128623
v 4.469818 0.125590 0.133968
v 4.526983 0.133864 0.139904
v 4.589216 0.163933 0.120406
v 4.349944 0.121692 0.110698
v 4.478386 0.161031 0.097324
v 4.651391 0.180544 0.124229
v 4.678286 0.202480 0.113400
v 4.675848 0.180432 0.136442
v 4.438186 0.166975 0.087792
v 4.296624 0.118301 0.105889
v 4.760387 0.270254 0.080388
v 4.531188 0.213194 0.073640
v 4.370561 0.199960 0.056243
v 4.499231 0.200434 0.076887
v 3.992419 0.423541 -0.124288
v 4.159485 0.380791 -0.081289
v 4.256958 0.355353 -0.052372
v 3.806546 0.401445 -0.128276
v 3.205572 0.263327 -0.098754
v 2.877309 0.114575 0.001938
v 3.786623 0.385309 -0.116482
v 4.103425 0.213670 0.038071
v 3.636533 0.560816 -0.233210
v 3.722117 0.551862 -0.216945
v 2.800936 0.106286 0.005304
v 4.106732 0.147115 0.082346
v 4.067288 0.139555 0.085879
v 3.373914 0.154074 0.119603
v 3.151513 0.033201 0.212396
v 3.118574 -0.004220 0.238327
v 3.173613 0.008904 0.231959
v 3.600975 0.258764 0.033554
v 3.025688 0.060956 0.071562
v 4.023399 0.429277 -0.130146
v 3.986452 0.437060 -0.134842
v 3.912214 0.469759 -0.158163
v 3.146923 0.054520 0.189417
v 2.930113 -0.103521 0.282475
v 3.927387 0.476257 -0.168160
v 3.627877 0.575240 -0.253246
v 3.568755 0.570375 -0.256412
v 3.978991 0.454891 -0.156750
v 4.059637 0.422573 -0.127135
v 4.255916 0.374199 -0.071098
v 3.692177 0.574352 -0.248686
v 3.851962 0.521810 -0.201081
v 3.818888 0.541082 -0.219345
v 3.748386 0.567696 -0.246091
v 3.911198 0.494199 -0.192252
v 3.539105 0.573749 -0.275486
v 3.620843 0.579552 -0.268531
v 3.654556 0.580344 -0.270082
v 3.785861 0.558756 -0.243741
v 3.983776 0.458156 -0.170191
v 3.703823 0.576650 -0.261617
v 2.560909 -0.323772 0.272466
v 2.561493 -0.349006 0.291813
v 2.327294 -0.454693 0.287956
v 2.606865 -0.315466 0.284403
v 2.350217 -0.423500 0.272574
v 2.474947 -0.432566 0.319095
v 2.902834 -0.026300 0.123174
v 2.388475 -0.363033 0.235098
v 2.709073 -0.228466 0.254260
v 2.537291 -0.382194 0.311188
v 1.792245 -0.729690 0.314493
v 2.392169 -0.165826 0.079790
v 1.261189 -1.084842 0.440488
v 1.216411 -1.080530 0.420086
v 2.459647 -0.095167 0.053685
v 1.140841 -1.095319 0.396275
v 2.360977 -0.170946 0.067107
v 2.405260 -0.078763 0.019152
v 1.300089 -1.091278 0.455648
v 2.904600 0.077551 0.032017
v 2.376897 -0.523925 0.342967
v 1.956990 -0.601749 0.265939
v 1.140944 -1.131710 0.423881
v 1.113581 -1.127225 0.407573
v 1.877088 -1.003801 0.502670
v 2.385068 -0.087290 0.016613
v 2.521094 0.117492 -0.070225
v 2.538276 0.145403 -0.087120
v 2.408674 0.142282 -0.116917
v 1.055746 -1.011043 0.279199
v 2.591817 0.193001 -0.114105
v 2.598361 0.387147 -0.273806
v 2.613471 0.347380 -0.238366
v 2.631700 0.434301 -0.297500
v 2.674360 0.452291 -0.300904
v 2.283445 0.150556 -0.226297
v 2.586660 0.483722 -0.333015
v 2.565836 0.492963 -0.347643
v 2.100981 0.286834 -0.375605
v 2.615318 0.491410 -0.332043
v 2.188417 -0.315419 0.085181
v 2.192556 -0.296082 0.074618
v 2.127175 -0.364998 0.097565
v 2.134619 -0.378217 0.111751
v 2.052867 -0.433660 0.117267
v 2.034359 0.224638 -0.360371
v 1.047242 -1.050320 0.299228
v 0.996782 -1.064538 0.286929
v 2.166060 -0.715425 0.400819
v 2.524064 0.492281 -0.366723
v 2.017468 -0.081648 -0.172444
v 2.537293 0.114654 -0.058065
v 0.993038 -1.047563 0.271621
v 1.891150 -0.195133 -0.156268
v 2.577006 0.122501 -0.035904
v 2.595467 0.111865 -0.018391
v 2.617830 0.139761 -0.034622
v 2.629263 0.133611 -0.026116
v 2.595275 0.145403 -0.050626
v 1.708828 -0.341017 -0.149458
v 1.600566 -0.421883 -0.143619
v 1.225355 -0.654482 -0.108621
v 2.062059 0.266086 -0.381138
v 1.096691 -1.110138 0.381430
v 0.940143 -1.054457 0.164852
v 1.259890 -0.706486 0.064613
v 1.219709 -0.684946 -0.075602
v 1.407164 -0.909683 0.263177
v 0.897264 -1.089517 0.164554
v 1.974493 -0.916198 0.484393
v 0.965461 -0.687260 -0.206302
v 0.894785 -0.745129 -0.202394
v 1.978070 -0.521437 0.159656
v 1.082081 -1.127160 0.385874
v 1.567364 -0.271989 -0.250710
v 2.908396 -0.047934 0.151336
v 1.905737 -0.982815 0.504912
v 1.852996 -1.050495 0.522498
v 1.842882 -1.029256 0.502407
v 1.849066 -1.039115 0.510768
v 3.071961 0.068833 0.080565
v 1.489194 -0.837994 0.228699
v 1.361759 -0.926025 0.264244
v 1.338123 -0.951606 0.281181
v 1.291800 -0.970705 0.285838
v 2.750659 0.280287 -0.138016
v 0.849070 -1.144152 0.170749
v 1.096610 -1.154612 0.414409
v 2.049126 -0.460035 0.140791
v 1.796863 -1.072273 0.503622
v 0.720488 -1.017573 -0.126304
v 0.695671 -1.025879 -0.135873
v 0.738714 -0.928972 -0.175397
v 0.680744 -0.990898 -0.163705
v 0.681300 -0.966839 -0.183018
v 0.713093 -0.942064 -0.184832
v 0.611670 -1.042951 -0.145226
v 0.649571 -1.066235 -0.125321
v 0.667210 -1.068389 -0.114443
v 0.630326 -1.099567 -0.103215
v 0.615236 -1.019111 -0.168493
v 0.581953 -1.134928 -0.087436
v 0.541036 -1.110550 -0.121693
v 0.547385 -1.137146 -0.097511
v 0.566246 -1.094225 -0.125936
v 0.573648 -1.063697 -0.152032
v 0.569504 -1.173998 -0.065045
v 0.580132 -1.171984 -0.060028
v 0.846238 -0.777193 -0.212065
v 0.668008 -1.188326 0.093183
v 0.945102 -1.061479 0.178465
v 0.563221 -1.208916 -0.027224
v 2.855682 -0.100794 0.189882
v 1.778551 -0.293926 -0.143153
v 1.075318 -1.154962 0.399431
v 2.434715 -0.481051 0.342752
v 1.242063 -1.002327 0.304334
v 1.172207 -1.026688 0.308776
v 1.148349 -1.047816 0.321170
v 1.100732 -1.067502 0.320700
v 1.109057 -1.074270 0.333898
v 1.071114 -1.096222 0.331165
v 1.072544 -1.074633 0.314804
v 1.122215 -1.042981 0.310222
v 1.046384 -1.096840 0.316725
v 1.045209 -1.125498 0.336949
v 1.108916 -1.091672 0.368176
v 1.002254 -1.087536 0.300928
v 1.246488 -1.129619 0.460084
v 0.540597 -1.197774 -0.046792
v 0.549913 -1.256861 0.023801
v 0.541571 -1.318503 0.087647
v 0.563009 -1.312147 0.090098
v 0.529246 -1.337379 0.102133
v 0.585895 -1.295820 0.092048
v 0.564328 -1.256290 0.034882
v 0.609199 -1.344956 0.150734
v 0.608528 -1.295773 0.107629
v 0.637309 -1.343973 0.165697
v 0.683306 -1.296914 0.135722
v 0.677045 -1.348523 0.192976
v 0.678356 -1.330119 0.176273
v 0.605248 -1.364118 0.160881
v 0.626911 -1.374754 0.179651
v 0.561173 -1.358000 0.124067
v 0.532240 -1.355368 0.112940
v 0.630266 -1.202227 0.073956
v 0.699524 -1.300052 0.151903
v 0.699928 -1.289401 0.140221
v 0.599779 -1.281492 0.092543
v 0.637059 -1.279289 0.109736
v 0.872224 -1.178278 0.276583
v 0.900232 -1.131408 0.265941
v 1.429507 -0.939037 0.359229
v 1.206772 -0.999965 0.297307
v 0.883614 -0.736014 -0.222146
v 0.540018 -1.172287 -0.071461
v 2.185150 0.358998 -0.410013
v 0.737697 -0.890981 -0.214729
v 0.692255 -0.945314 -0.199270
v 2.089998 0.296391 -0.396678
v 2.005619 -0.539062 0.223992
v 0.943022 -1.082654 0.260242
v 3.055501 0.488398 -0.300929
v 2.996587 0.478318 -0.303000
v 3.036679 0.474180 -0.290345
v 3.098452 0.494658 -0.294859
v 2.447485 0.237048 -0.195920
v 0.660909 -0.976411 -0.189751
v 0.601113 -1.135863 -0.070811
v 0.582373 -1.270080 0.068795
v 0.631643 -1.220899 0.086763
v 1.816920 -1.083113 0.516719
v 0.603686 -1.123895 -0.085567
v 2.965646 0.433874 -0.262009
v 0.642905 -1.100976 -0.090419
v 2.920881 0.469568 -0.304878
v 2.666478 0.485893 -0.320872
v 0.873357 -1.200039 0.287641
v 2.668461 0.493485 -0.327644
v 1.399793 -0.890425 0.247933
v 2.615449 0.500253 -0.343220
v 0.972391 -1.123548 0.303543
v 0.700839 -1.274692 0.134231
v 0.860485 -1.141046 0.178602
v 0.792045 -1.203272 0.169622
v 0.774560 -1.224670 0.170639
v 0.764167 -1.211657 0.154310
v 0.691085 -1.109297 0.041744
v 2.651108 -0.290693 0.291103
v 2.857597 0.467871 -0.306713
v 1.402324 -0.921254 0.277631
v 1.185649 -1.160889 0.453287
v 0.613745 -1.201324 0.057103
v 2.075189 -0.819370 0.454032
v 1.290144 -1.138399 0.474036
v 1.972196 -0.481322 0.128691
v 0.702177 -1.361915 0.210765
v 0.840308 -1.218996 0.275828
v 0.515012 -1.114782 -0.116267
v 2.262770 -0.198192 0.042777
v 1.933957 -0.590574 0.232677
v 1.439906 -0.763181 0.207807
v 2.556886 0.501109 -0.364618
v 1.942181 -0.562616 0.190735
v 0.974631 -1.048260 0.252887
v 0.607368 -1.238665 0.077185
v 2.897791 0.479459 -0.321856
v 0.803422 -1.245371 0.260729
v 0.698404 -1.334637 0.201778
v 0.718301 -1.331722 0.217628
v 1.292685 -1.002357 0.364534
v 1.888276 -1.029129 0.540124
v 1.910836 -1.033868 0.559020
v 1.923213 -0.998824 0.544473
v 1.940252 -1.006384 0.560298
v 1.965814 -0.969643 0.550328
v 1.978445 -0.984020 0.564208
v 2.003583 -0.948738 0.554177
v 1.968346 -0.951765 0.536396
v 2.524705 -0.420109 0.396203
v 2.547355 -0.412390 0.401759
v 2.585095 -0.371449 0.386697
v 2.608545 -0.339844 0.367857
v 2.645585 -0.311441 0.361676
v 2.739579 -0.236469 0.332643
v 2.851330 -0.153131 0.301212
v 2.918718 -0.091967 0.265026
v 2.841156 -0.146680 0.288345
v 3.017265 -0.019800 0.226095
v 2.973863 -0.031768 0.214655
v 2.731797 -0.228798 0.316019
v 3.193319 0.517957 -0.296154
v 0.827170 -0.784009 -0.225458
v 0.844899 -1.177802 0.250839
v 0.811479 -1.216493 0.249344
v 0.574102 -1.232326 0.020535
v 0.697570 -1.319880 0.187119
v 1.266038 -0.998348 0.312748
v 0.510146 -1.316077 0.086021
v 0.509196 -1.287610 0.053255
v 3.237248 0.139491 0.102657
v 3.081435 0.067518 0.092334
v 0.739445 -1.248557 0.150881
v 1.057665 -1.144373 0.373998
v 2.851487 0.478713 -0.320883
v 1.098618 -1.191812 0.427737
v 1.015997 -1.134928 0.320701
v 1.018831 -1.162110 0.336757
v 1.008315 -1.209804 0.352863
v 0.983441 -1.248731 0.350250
v 0.888183 -1.293031 0.314640
v 1.002981 -1.267877 0.369603
v 0.878539 -0.730452 -0.236595
v 1.811723 -1.119427 0.527652
v 0.814440 -1.262647 0.275625
v 0.530665 -1.377560 0.119329
v 1.156132 -1.063096 0.361420
v 2.553339 -0.385603 0.375023
v 0.899191 -1.116606 0.246754
v 2.265433 -0.625112 0.373926
v 2.656004 -0.292770 0.340383
v 2.971207 0.484340 -0.322013
v 1.018393 -1.237683 0.372333
v 3.284940 0.535187 -0.283758
v 3.438344 0.552733 -0.263290
v 0.520622 -1.195300 -0.047665
v 0.721761 -1.280668 0.157922
v 1.072587 -1.184664 0.408725
v 2.555145 -0.377709 0.327166
v 0.771481 -1.276071 0.247151
v 0.783964 -1.286754 0.261084
v 3.161915 0.106524 0.114994
v 3.131448 0.094684 0.083534
v 0.604114 -1.379794 0.165521
v 1.054919 -1.166548 0.385309
v 2.805757 -0.161119 0.274002
v 3.334592 0.189245 0.058890
v 0.553046 -1.378019 0.126455
v 0.566040 -1.379794 0.133989
v 2.732058 0.494547 -0.334621
v 0.937660 -1.297611 0.338961
v 0.805281 -1.289069 0.275714
v 0.797469 -1.223829 0.237464
v 2.662523 0.500888 -0.340898
v 0.666328 -0.964952 -0.209074
v 0.598096 -1.215240 0.047540
v 0.512485 -1.102943 -0.130569
v 1.519523 -0.269913 -0.322060
v 0.829374 -0.768713 -0.250837
v 0.989800 -0.634463 -0.264659
v 0.742610 -0.873038 -0.238854
v 2.612448 0.508036 -0.366643
v 2.581509 0.507988 -0.374558
v 2.835781 0.485069 -0.336679
v 0.705895 -0.913312 -0.251399
v 2.674702 0.503503 -0.354187
v 0.781033 -0.818340 -0.260954
v 0.817971 -0.777019 -0.265219
v 2.903019 0.483246 -0.339366
v 2.992261 0.487210 -0.343612
v 3.063077 0.495847 -0.333607
v 3.272758 0.531843 -0.324268
v 0.960338 -1.049227 0.185743
v 0.928261 -1.081545 0.230706
v 0.766949 -1.237080 0.179497
v 1.162329 -0.874418 0.158970
v 0.990940 -1.028099 0.240507
v 1.229414 -0.809210 0.137349
v 1.101369 -0.790444 0.003939
v 0.741101 -1.033836 -0.029594
v 0.612502 -1.132502 -0.057145
v 1.587458 -0.445214 -0.058180
v 1.905906 -0.194627 -0.137123
v 1.698455 -0.366599 -0.112464
v 1.643201 -0.408823 -0.116201
v 1.517229 -0.498043 -0.102241
v 1.316222 -0.624906 -0.078863
v 1.244850 -0.675657 -0.059989
v 1.604182 -0.434690 -0.122838
v 1.694609 -0.365458 -0.130401
v 2.086198 -0.029786 -0.171245
v 1.540938 -0.478848 -0.116154
v 2.128999 -0.002890 -0.142115
v 1.802482 -0.295147 -0.052313
v 0.643954 -1.121360 -0.007725
v 0.663453 -1.115115 0.014724
v 0.609552 -1.175996 0.019805
v 0.574060 -1.209248 -0.012500
v 0.588419 -1.171620 -0.049693
v 0.005576 0.058720 -2.655029
v -0.001805 0.039446 -2.634461
v 0.006047 0.102133 -2.707889
v 0.006960 0.158575 -2.784107
v -0.023405 0.182858 -2.826350
v -0.047768 0.232801 -2.899441
v -0.085140 0.027021 -2.640829
v -0.014503 0.255735 -2.935026
v -0.033839 0.284092 -2.977069
v -0.077008 0.152362 -2.789169
v 0.050837 0.240901 -2.910119
v 0.039496 0.420323 -3.204631
v 0.080142 0.276959 -2.956546
v 0.077840 0.225035 -2.885002
v 0.075667 0.161698 -2.801214
v 0.082353 0.076457 -2.695070
v 0.020267 0.488272 -3.335691
v -0.012008 0.526692 -3.411973
v 0.025129 0.597651 -3.575636
v 0.109228 0.292096 -2.962822
v 0.097192 0.460723 -3.244004
v 0.128136 0.162966 -2.789235
v 0.117285 0.034565 -2.647233
v 0.159060 0.031410 -2.632745
v 0.095305 0.027242 -2.639205
v 0.077541 0.034439 -2.647613
v -0.028284 0.379762 -3.132850
v -0.028894 0.501364 -3.354302
v 0.040239 0.033439 -2.636081
v -0.070770 0.268954 -2.943123
v -0.058000 0.291714 -2.981237
v -0.061339 0.452466 -3.240917
v -0.151798 0.030951 -2.630316
v 0.017895 -0.001113 -2.592615
v 0.017690 -0.047823 -2.546298
v -0.003345 -0.051785 -2.543367
v -0.058496 0.535694 -3.402688
v -0.002305 -0.100541 -2.499839
v -0.081968 -0.107118 -2.513052
v -0.046897 -0.108704 -2.507216
v -0.131337 0.024959 -2.632540
v 0.096479 0.507956 -3.332427
v -0.001206 -0.160978 -2.451016
v 0.144545 0.304729 -2.949596
v 0.144150 0.024612 -2.631516
v 0.123574 0.018715 -2.630380
v 0.145062 -0.155969 -2.463016
v -0.106627 0.207282 -2.845023
v -0.091225 0.302700 -2.977348
v 0.173720 -0.162260 -2.446124
v 0.153329 0.349044 -2.999540
v 0.115847 0.494755 -3.282660
v 0.016643 -0.842860 -2.150265
v 0.011514 -0.789080 -2.158950
v -0.033734 -0.920254 -2.149212
v -0.055975 -0.630280 -2.213798
v 0.009384 -0.646875 -2.194165
v 0.000304 -0.566134 -2.222669
v -0.053587 -0.527825 -2.247950
v 0.005678 -0.498123 -2.248398
v 0.013480 -0.555419 -2.225688
v -0.085118 -0.681887 -2.199661
v -0.079623 -0.484570 -2.265740
v -0.090887 -0.362795 -2.325299
v -0.035379 -0.381815 -2.312472
v 0.000807 -0.383891 -2.303952
v -0.043721 -0.315736 -2.352460
v -0.078191 -0.292723 -2.369392
v 0.007930 -0.309856 -2.346274
v 0.016360 -0.389486 -2.300958
v -0.072026 -0.903138 -2.152160
v 0.014299 -0.890869 -2.145154
v -0.003562 -0.244205 -2.390517
v -0.108254 -0.663835 -2.200548
v -0.052998 -0.951621 -2.147540
v -0.037329 -0.265665 -2.384330
v -0.136861 -0.495967 -2.250660
v -0.117979 -0.409108 -2.295956
v 0.076576 -0.549286 -2.239341
v 0.078218 -0.505333 -2.256243
v 0.114613 -0.483984 -2.263200
v 0.102581 -0.766113 -2.176796
v 0.072466 -0.796530 -2.171037
v 0.069404 -0.365014 -2.324021
v 0.101111 -0.386109 -2.312096
v 0.086759 -0.815234 -2.167527
v 0.106542 -0.936946 -2.140960
v 0.058017 -0.843857 -2.160036
v 0.149022 -0.460288 -2.265846
v 0.137437 -0.697896 -2.185147
v 0.078077 -0.922062 -2.148575
v 0.053524 -0.911648 -2.149180
v 0.124947 -0.306004 -2.356220
v -0.116592 -0.373114 -2.315339
v 0.047728 -0.347024 -2.331463
v -0.084645 -0.945029 -2.143255
v -0.114091 -0.293926 -2.364292
v 0.099574 -0.966204 -2.138333
v 0.068493 -0.959436 -2.146036
v 0.045196 -0.933331 -2.146426
v -0.130986 -0.692681 -2.185153
v 0.015643 -0.192566 -2.426799
v 0.059655 -0.189236 -2.441819
v -0.144015 -0.390865 -2.297857
v -0.154146 -0.339368 -2.322938
v 0.164182 -0.278519 -2.362438
v 0.127987 -0.993800 -2.122936
v 0.113759 -0.202790 -2.432315
v -0.176511 -0.388821 -2.284622
v -0.098426 -0.997254 -2.131142
v 0.014066 -0.936661 -2.143868
v -0.066082 -0.985462 -2.145151
v 0.043106 -0.962131 -2.147891
v -0.044186 -0.982894 -2.151310
v -0.029404 -0.965539 -2.149338
v 0.079289 -0.994401 -2.146139
v 0.097517 -1.008604 -2.138000
v 0.058111 -0.988568 -2.152069
v -0.020389 -0.983750 -2.154651
v 0.037347 -0.985526 -2.154379
v 0.060322 -1.033821 -2.163465
v 0.028284 -1.032441 -2.173142
v 0.035967 -1.051145 -2.175544
v 0.014329 -1.059814 -2.179662
v 0.033700 -1.089328 -2.177196
v 0.014887 -1.097917 -2.179465
v 0.025358 -1.131552 -2.172424
v 0.003306 -1.132423 -2.173808
v -0.006734 -1.105082 -2.178148
v -0.014463 -1.083225 -2.178959
v 0.059145 -1.109552 -2.166408
v 0.050664 -1.147767 -2.161455
v 0.028633 -1.164598 -2.161995
v -0.012690 -1.052222 -2.177500
v 0.055631 -1.071211 -2.170450
v -0.002053 -1.027924 -2.173293
v 0.019703 -1.014023 -2.168355
v -0.037404 -1.037006 -2.167407
v -0.287965 -0.223268 -2.307875
v -0.270581 -0.167031 -2.359934
v -0.271606 -0.274812 -2.272570
v -0.259234 -0.154463 -2.377921
v -0.282479 -0.271024 -2.267499
v -0.304591 -0.267885 -2.258480
v -0.326721 -0.240528 -2.273294
v -0.319783 -0.294211 -2.232547
v -0.315174 -0.400074 -2.155307
v -0.284469 -0.299806 -2.243361
v -0.296024 -0.399266 -2.168316
v -0.315716 -0.431394 -2.135294
v -0.324137 -0.448099 -2.123235
v -0.331051 -0.498043 -2.092307
v -0.375537 -0.540823 -2.066437
v -0.331292 -0.262638 -2.255421
v -0.353992 -0.567022 -2.051218
v -0.380549 -0.585044 -2.037250
v -0.400260 -0.515589 -2.082116
v -0.405729 -0.411169 -2.157048
v -0.406662 -0.317892 -2.230964
v -0.409308 -0.596978 -2.021799
v -0.421920 -0.513813 -2.075702
v -0.374249 -0.680872 -1.998280
v -0.403819 -0.694852 -1.964185
v -0.338866 -0.580400 -2.054625
v -0.310130 -0.465359 -2.121557
v -0.381101 -0.659617 -1.998679
v -0.231980 -0.530108 -2.182364
v -0.470331 -1.471138 -1.640829
v -0.402674 -1.464670 -1.719259
v -0.231041 -0.464297 -2.210104
v -0.242899 -0.349577 -2.256152
v -0.361170 -0.599689 -2.034449
v -0.331002 -0.532311 -2.076430
v -0.431797 -0.718881 -1.929677
v -0.444605 -0.787132 -1.883081
v -0.464336 -1.571675 -1.588421
v -0.387646 -1.510683 -1.708993
v -0.208695 -0.400439 -2.258590
v -0.479884 -1.266800 -1.717111
v -0.137704 -1.093940 -2.092499
v -0.075176 -1.128096 -2.146660
v -0.089222 -1.095461 -2.139841
v -0.067447 -1.153900 -2.143577
v -0.192539 -0.519757 -2.214926
v -0.461106 -0.971846 -1.799564
v -0.059811 -1.103688 -2.160521
v -0.417119 -1.593927 -1.625160
v -0.389922 -0.645067 -1.999788
v -0.098010 -1.033012 -2.130049
v -0.073925 -1.076551 -2.152054
v -0.455746 -1.600474 -1.575380
v -0.365392 -1.542828 -1.707325
v -0.479992 -1.537375 -1.596968
v -0.478331 -1.586256 -1.567093
v -0.056776 -1.229188 -2.111690
v -0.502590 -0.909224 -1.793678
v -0.516465 -0.871912 -1.790899
v -0.569144 -0.892740 -1.729883
v -0.488024 -0.748694 -1.872246
v -0.550979 -0.888793 -1.745852
v -0.520204 -0.682316 -1.868300
v -0.467553 -0.770378 -1.878917
v -0.550749 -1.209122 -1.690972
v -0.571179 -1.260317 -1.656238
v -0.545809 -1.265753 -1.680045
v -0.532162 -1.284060 -1.685018
v -0.571195 -1.349409 -1.621935
v -0.555884 -1.457982 -1.591630
v -0.569924 -1.474514 -1.566030
v -0.507473 -1.136655 -1.738838
v -0.565191 -1.510556 -1.550557
v -0.576342 -0.777620 -1.739189
v -0.540626 -1.543064 -1.558976
v -0.551083 -0.755115 -1.765260
v -0.575693 -0.724301 -1.755748
v -0.553221 -0.697579 -1.782410
v -0.587420 -0.686911 -1.753008
v -0.582908 -0.647493 -1.776176
v -0.572140 -0.642943 -1.791328
v -0.575276 -0.573932 -1.824198
v -0.536595 -0.877174 -1.763865
v -0.521824 -0.736887 -1.831725
v -0.550706 -1.580043 -1.519800
v -0.517238 -0.586074 -1.936620
v -0.435843 -0.483445 -2.087909
v -0.521135 -0.511277 -1.979729
v -0.512842 -1.291272 -1.694550
v -0.551016 -0.521248 -1.948007
v -0.439167 -0.444328 -2.112165
v -0.046889 -1.132598 -2.161508
v -0.042053 -1.183982 -2.145456
v -0.035305 -1.215017 -2.131987
v -0.538763 -0.646573 -1.861701
v -0.379613 -1.601156 -1.654600
v -0.578157 -1.320959 -1.621437
v -0.568053 -0.515922 -1.929083
v -0.570308 -1.138652 -1.674386
v -0.228860 -0.185845 -2.381024
v -0.403361 -1.627214 -1.612408
v -0.517244 -1.564653 -1.561615
v -0.316496 -1.544872 -1.741499
v -0.548447 -0.695011 -1.792055
v -0.566781 -0.599181 -1.825257
v -0.568241 -1.013326 -1.699631
v -0.199173 -0.190980 -2.401129
v -0.546706 -1.620476 -1.488395
v -0.524281 -1.639212 -1.497122
v -0.565935 -1.561118 -1.508790
v -0.536467 -0.717898 -1.811824
v -0.453565 -1.648436 -1.532487
v -0.581512 -1.235480 -1.642757
v -0.574221 -1.190150 -1.662965
v -0.082014 -1.016687 -2.139544
v -0.060426 -1.054093 -2.159007
v -0.529116 -1.670737 -1.460011
v -0.033734 -1.106588 -2.171710
v -0.328610 -1.619225 -1.677091
v -0.428652 -0.395192 -2.158699
v -0.441913 -0.384715 -2.155844
v -0.544359 -1.651321 -1.458567
v -0.582414 -0.784706 -1.724392
v -0.409920 -1.699695 -1.533614
v -0.024762 -1.139761 -2.167778
v -0.593684 -0.649378 -1.753176
v -0.580045 -0.537303 -1.829378
v -0.035352 -1.070244 -2.172205
v -0.563884 -1.588793 -1.484957
v -0.552673 -1.636612 -1.456240
v -0.182704 -0.238213 -2.376017
v -0.520095 -1.739637 -1.392012
v -0.574203 -1.475306 -1.555509
v -0.547374 -0.657431 -1.831256
v -0.527435 -1.737545 -1.380657
v -0.583085 -1.271191 -1.626851
v -0.015001 -1.188056 -2.152176
v -0.193341 0.165122 -2.734464
v -0.573848 -1.082401 -1.674204
v -0.523558 -1.769798 -1.337041
v -0.550419 -1.670150 -1.406431
v -0.571305 -1.554002 -1.495613
v -0.535363 -1.750193 -1.326363
v -0.522440 -1.782273 -1.310763
v 0.004258 -1.167372 -2.162873
v -0.455385 -1.860143 -1.256072
v -0.440591 -1.831567 -1.305182
v -0.428624 -1.876502 -1.234323
v -0.471157 -1.813086 -1.325448
v -0.480141 -1.830664 -1.294903
v -0.485930 -1.764886 -1.385714
v -0.450002 -1.772257 -1.383727
v -0.489090 -1.802957 -1.332342
v -0.506047 -1.741317 -1.403868
v -0.469421 -1.671164 -1.495923
v -0.415938 -1.894413 -1.203741
v -0.465364 -1.870811 -1.227884
v -0.512619 -1.674065 -1.471664
v -0.508952 -1.762462 -1.374597
v -0.505029 -1.637262 -1.511808
v -0.473539 -1.627814 -1.535886
v -0.410468 -1.848574 -1.312196
v -0.486140 -1.840047 -1.270011
v -0.508919 -1.600616 -1.540711
v -0.505550 -1.801309 -1.315762
v -0.394688 -1.879830 -1.274055
v -0.453338 -1.892810 -1.178773
v -0.398779 -1.921532 -1.140114
v -0.476915 -1.867610 -1.216982
v -0.362437 -1.844436 -1.392618
v -0.332912 -1.891654 -1.343364
v -0.350497 -1.905396 -1.297753
v -0.329688 -1.860461 -1.398336
v -0.349138 -1.821090 -1.441022
v -0.361766 -1.739240 -1.536046
v -0.387245 -1.723391 -1.531600
v -0.374542 -1.881715 -1.309032
v -0.337618 -1.718080 -1.578036
v -0.319020 -1.759338 -1.542940
v -0.308483 -1.930677 -1.293036
v -0.287847 -1.915714 -1.337972
v -0.321143 -1.957179 -1.216972
v -0.319946 -1.696984 -1.611040
v -0.288578 -1.730365 -1.592926
v -0.285209 -1.966671 -1.236418
v -0.498238 -1.832423 -1.262421
v -0.284731 -1.661511 -1.664521
v -0.295988 -1.983061 -1.181339
v -0.204608 -1.802909 -1.535639
v -0.211872 -1.909217 -1.383583
v -0.265774 -1.997833 -1.175111
v -0.239321 -2.003412 -1.182810
v -0.025205 -1.276294 -2.092147
v -0.025846 -1.244324 -2.116152
v -0.150520 -1.713532 -1.649734
v -0.000808 -1.271506 -2.099530
v -0.144167 -1.754917 -1.602212
v 0.001887 -1.238856 -2.125113
v -0.174161 -1.942311 -1.335743
v -0.135962 -1.859986 -1.466887
v -0.000925 -1.211799 -2.141929
v 0.018281 -1.292192 -2.080082
v 0.010888 -1.732742 -1.603302
v 0.094902 -1.767898 -1.582095
v 0.006362 -1.641889 -1.707864
v 0.013994 -1.834785 -1.467078
v 0.102432 -1.877547 -1.435519
v 0.082592 -1.911973 -1.376752
v 0.131841 -1.895760 -1.412553
v 0.009344 -1.931595 -1.307435
v 0.155851 -1.719903 -1.641625
v -0.122642 -1.899737 -1.406738
v 0.083275 -1.981619 -1.247450
v 0.016042 -1.977672 -1.217354
v 0.168300 -1.950505 -1.320677
v -0.155656 -1.986405 -1.252050
v 0.198638 -1.741666 -1.611163
v 0.100928 -2.006583 -1.198612
v -0.124647 -1.973931 -1.277179
v -0.001882 -1.945702 -1.280495
v -0.013015 -1.876247 -1.405983
v 0.159113 -2.002003 -1.216581
v -0.164002 -2.006439 -1.205174
v 0.216192 -1.903304 -1.391402
v 0.002696 -2.001954 -1.156242
v -0.203315 -2.022940 -1.151947
v 0.026638 -1.260222 -2.106890
v 0.050873 -1.287992 -2.076961
v 0.244999 -1.810454 -1.515480
v 0.093855 -1.383455 -1.970218
v 0.135480 -2.028979 -1.150358
v -0.065475 -1.906855 -1.380829
v 0.000711 -2.038188 -1.055584
v 0.208698 -1.624914 -1.729815
v 0.131192 -2.046382 -1.101767
v -0.090291 -1.983267 -1.248845
v -0.111011 -2.043212 -1.108186
v 0.104717 -2.058934 -1.057383
v -0.062695 -1.959032 -1.286764
v -0.248847 -2.021037 -1.123623
v 0.022846 -1.223370 -2.134229
v 0.258959 -1.930692 -1.328606
v 0.201540 -2.024572 -1.150060
v 0.242089 -1.960665 -1.278672
v -0.005922 -2.073026 -0.938470
v 0.084413 -2.073532 -0.998568
v -0.169528 -2.067414 -1.024128
v -0.142720 -2.067510 -1.031897
v -0.201032 -2.053657 -1.056217
v -0.113218 -2.068810 -1.027530
v 0.301122 -1.793162 -1.513494
v 0.107766 -2.084659 -0.958294
v 0.138844 -2.072423 -1.012828
v 0.172419 -2.062946 -1.038984
v 0.295545 -1.907314 -1.347847
v -0.287315 -2.003174 -1.131096
v -0.075063 -2.069096 -1.011722
v -0.211957 -2.061122 -1.013128
v 0.316405 -1.864788 -1.403492
v 0.001231 -2.088274 -0.860577
v 0.197250 -2.056604 -1.047814
v 0.273625 -1.636200 -1.694657
v 0.055601 -1.223276 -2.124582
v 0.018517 -1.194777 -2.150945
v 0.312726 -1.690184 -1.623760
v -0.112706 -2.093948 -0.911476
v -0.075598 -2.088400 -0.934096
v 0.283543 -1.987119 -1.188480
v 0.232186 -2.039091 -1.081391
v -0.146684 -2.094724 -0.890018
v 0.068891 -2.104567 -0.824529
v 0.094771 -2.104108 -0.836081
v 0.148239 -2.092918 -0.899282
v -0.079710 -2.103790 -0.838018
v 0.340936 -1.716162 -1.579110
v -0.053001 -2.095913 -0.873012
v 0.349318 -1.828776 -1.431538
v 0.363264 -1.792274 -1.471238
v 0.348120 -1.880638 -1.350335
v 0.121673 -2.102348 -0.842478
v 0.180934 -2.083424 -0.926723
v -0.067440 -2.108926 -0.761276
v 0.367891 -1.854787 -1.372913
v 0.119275 -2.106025 -0.791596
v 0.045996 -1.193288 -2.144908
v 0.004909 -2.104487 -0.662331
v 0.070251 -2.108467 -0.679926
v 0.387983 -1.779040 -1.465283
v -0.238396 -2.056716 -0.663440
v -0.201729 -2.076132 -0.659064
v -0.227356 -2.069538 -0.713162
v -0.181872 -2.073026 -0.591515
v -0.187549 -2.052912 -0.514661
v -0.220712 -2.041356 -0.538477
v -0.242499 -2.065782 -0.785402
v -0.204619 -2.083788 -0.759746
v -0.289645 -2.026602 -0.706729
v -0.282552 -1.997406 -0.542770
v -0.297189 -2.017646 -0.688587
v -0.107889 -1.996106 -0.206236
v -0.073027 -2.012083 -0.203989
v -0.144178 -1.973171 -0.204881
v -0.096877 -1.995979 -0.172163
v -0.069705 -2.007216 -0.166752
v -0.045450 -2.015728 -0.170744
v -0.151139 -2.079968 -0.569997
v -0.166221 -1.950964 -0.170276
v -0.142270 -1.966624 -0.142416
v -0.110798 -1.986231 -0.123277
v -0.152909 -2.096024 -0.676940
v -0.056229 -2.009309 -0.118159
v -0.218648 -2.077258 -0.861319
v -0.138642 -2.103204 -0.727581
v -0.196755 -2.086023 -0.856308
v -0.095188 -1.995677 -0.092252
v -0.080975 -2.103902 -0.626787
v -0.129995 -1.978622 -0.084152
v -0.114624 -2.107008 -0.718418
v -0.248848 -2.059284 -0.917738
v -0.307810 -2.016790 -0.754379
v -0.193875 -1.927601 -0.124941
v -0.020868 -2.017504 -0.142364
v -0.024494 -2.016092 -0.106868
v -0.087871 -2.108323 -0.682006
v -0.070725 -2.008960 -0.060814
v 0.004625 -2.033782 -0.241093
v -0.049577 -2.012733 -0.079005
v -0.014515 -2.018517 -0.073932
v -0.272714 -2.036380 -1.009289
v -0.213412 -2.068841 -0.967550
v -0.015411 -2.025984 -0.023404
v -0.449131 -1.905064 -1.083973
v -0.461372 -1.892019 -1.152276
v -0.467629 -1.886551 -1.130740
v -0.310268 -1.995361 -1.108916
v -0.481802 -1.866643 -1.197526
v -0.383091 -1.920786 -1.180645
v -0.157619 -1.973725 -0.028122
v -0.120573 -1.993347 -0.035986
v -0.198274 -1.943705 -0.023862
v -0.079432 -2.016410 -0.010150
v -0.097908 -2.026743 0.040721
v -0.166955 -1.988449 0.031556
v -0.036909 -2.031388 0.008411
v -0.052485 -2.037918 0.036429
v 0.010859 -2.016980 -0.113468
v -0.003667 -2.040058 0.028594
v -0.009338 -1.420196 0.802025
v 0.037611 -1.712661 1.165839
v -0.040381 -1.727463 1.184393
v -0.063990 -1.692863 1.139827
v -0.001228 -1.395994 0.767176
v -0.022596 -1.394756 0.763950
v 0.068741 -1.738575 1.187813
v 0.098491 -1.892463 1.341106
v 0.063977 -1.942675 1.393874
v -0.007272 -1.372328 0.728398
v 0.030895 -1.382726 0.735404
v 0.147227 -1.931280 1.362166
v 0.081499 -1.967480 1.410956
v 0.125345 -1.701201 1.118857
v 0.117671 -1.980019 1.411722
v -0.086933 -1.926224 1.379079
v -0.108655 -1.895790 1.346403
v -0.000839 -1.981887 1.429175
v -0.085849 -1.962488 1.409486
v 0.060771 -1.998088 1.435628
v 0.187849 -1.927983 1.339744
v 0.116574 -1.510144 0.872780
v 0.015100 -2.004109 1.443461
v 0.088612 -1.439865 0.790269
v 0.024182 -1.244801 0.456946
v -0.008592 -1.241677 0.456657
v -0.017231 -1.123706 0.274826
v 0.001590 -1.108109 0.256535
v 0.029089 -1.120186 0.264321
v 0.023477 -1.079975 0.223683
v 0.000143 -1.071876 0.220414
v 0.068090 -1.122216 0.246901
v 0.055633 -1.084715 0.216907
v 0.092905 -1.142441 0.252847
v 0.113480 -1.393997 0.692306
v 0.170086 -1.580549 0.930734
v 0.229657 -1.917902 1.301960
v 0.103204 -1.113371 0.211685
v 0.101099 -1.087077 0.194743
v 0.104933 -1.172698 0.284656
v 0.201673 -1.566380 0.881210
v 0.226060 -1.957353 1.342940
v 0.227926 -1.986817 1.366475
v 0.261488 -1.954500 1.313449
v 0.128855 -1.157545 0.235215
v 0.138361 -1.201783 0.292650
v 0.237575 -1.568884 0.841313
v 0.120365 -1.129016 0.210978
v 0.256389 -1.993079 1.351385
v 0.204279 -2.014365 1.399713
v 0.129492 -2.017661 1.432871
v 0.322567 -1.723548 0.928050
v 0.304640 -1.994076 1.307808
v 0.290355 -2.017424 1.340540
v 0.272916 -1.590615 0.820332
v 0.324628 -1.701249 0.887455
v 0.251297 -2.033782 1.382853
v 0.325625 -1.989099 1.278769
v 0.418885 -1.793288 0.897590
v 0.417492 -1.784096 0.880698
v 0.371435 -1.740334 0.869056
v 0.393316 -1.743425 0.826527
v 0.230966 -2.051960 1.406378
v 0.346755 -1.996121 1.255396
v 0.351920 -1.556712 0.617587
v 0.409839 -1.764189 0.830861
v 0.447734 -1.488001 0.188286
v 0.442388 -1.498161 0.217926
v 0.458533 -1.719444 0.682338
v 0.436253 -1.787535 0.808048
v 0.420137 -1.928474 1.048525
v 0.410061 -1.943388 1.092848
v 0.424925 -1.938951 1.067290
v 0.421752 -1.953596 1.108808
v 0.398526 -1.958335 1.126711
v 0.387574 -1.963709 1.148587
v 0.413461 -1.973045 1.135588
v 0.435400 -1.931168 1.017926
v 0.410445 -1.996661 1.157352
v 0.403399 -2.001130 1.163135
v 0.399941 -2.021181 1.180546
v 0.421710 -2.048077 1.180988
v 0.420363 -2.012557 1.169581
v 0.409418 -1.474356 0.331321
v 0.441773 -1.810756 0.874976
v 0.484771 -1.778310 0.711565
v 0.491342 -1.766645 0.681899
v 0.352327 -2.025904 1.272516
v 0.434927 -1.792655 0.846771
v 0.295031 -2.095898 1.381829
v 0.450496 -1.791070 0.780460
v 0.462824 -1.517768 0.198795
v 0.461179 -1.543937 0.250048
v 0.451039 -1.843138 0.899473
v 0.329654 -2.078065 1.337950
v 0.351659 -2.066764 1.302055
v 0.202873 -2.060790 1.426403
v 0.436584 -1.502758 0.304351
v 0.506540 -1.806936 0.697691
v 0.458866 -1.829887 0.857772
v 0.465173 -1.855342 0.879122
v 0.504718 -1.780973 0.666484
v 0.470537 -1.827002 0.775156
v 0.461266 -1.824514 0.799120
v 0.422905 -1.480092 0.252075
v 0.468318 -1.563607 0.329958
v 0.476773 -1.599221 0.361057
v 0.324206 -2.109211 1.359734
v 0.452789 -1.941184 0.989207
v 0.464717 -1.955165 0.984719
v 0.472269 -1.958477 0.956917
v 0.446695 -1.941581 1.020463
v 0.436861 -1.938333 1.052698
v 0.459636 -1.638926 0.459798
v 0.458264 -1.658358 0.507146
v 0.352808 -2.117691 1.327207
v 0.475020 -1.884109 0.883275
v 0.506971 -1.842518 0.722427
v 0.472642 -1.846118 0.793671
v 0.205653 -2.108196 1.445505
v 0.409574 -2.070885 1.196838
v 0.413368 -2.050566 1.184170
v 0.262267 -2.142037 1.425011
v 0.481314 -1.853598 0.772367
v 0.314219 -2.150135 1.384393
v 0.480419 -1.672606 0.432064
v 0.473407 -1.680500 0.482592
v 0.511418 -1.780878 0.628598
v 0.287103 -2.156920 1.410906
v 0.513432 -1.829855 0.699332
v 0.425872 -2.098560 1.187126
v 0.485440 -1.601392 0.327088
v 0.472217 -1.850475 0.837240
v 0.480087 -1.872635 0.843081
v 0.481397 -1.974392 0.946370
v 0.488586 -1.980684 0.958297
v 0.483166 -1.931818 0.894712
v 0.358971 -2.147599 1.329959
v 0.470259 -1.548597 0.219271
v 0.497883 -1.650084 0.349789
v 0.389841 -2.148758 1.278874
v 0.428185 -2.127724 1.188813
v 0.514023 -1.810375 0.671330
v 0.432981 -1.942628 1.083647
v 0.476029 -1.579425 0.236961
v 0.479289 -1.577570 0.221920
v 0.489020 -1.712344 0.459485
v 0.511335 -1.773540 0.593208
v 0.497174 -1.728780 0.434443
v 0.250065 -2.173674 1.440682
v 0.290726 -2.186702 1.413623
v 0.314810 -2.196291 1.393205
v 0.264360 -2.204470 1.435517
v 0.363568 -2.184926 1.331249
v 0.385379 -2.188605 1.295642
v 0.484431 -1.877817 0.780052
v 0.503729 -1.687268 0.356380
v 0.497782 -1.747214 0.479371
v 0.471464 -1.569169 0.261556
v 0.508590 -1.882571 0.729039
v 0.513402 -1.866437 0.715886
v 0.444400 -2.133256 1.175059
v 0.491371 -1.888215 0.760327
v 0.500298 -1.655457 0.336374
v 0.481362 -1.606021 0.256575
v 0.492132 -1.622728 0.309777
v 0.481688 -1.605562 0.228284
v 0.486489 -1.601504 0.208012
v 0.410601 -2.196323 1.243067
v 0.516547 -1.797330 0.610017
v 0.322089 -2.220875 1.385691
v 0.487202 -1.901608 0.778832
v 0.436383 -2.180884 1.175419
v 0.361951 -2.215516 1.334378
v 0.499982 -1.763365 0.457916
v 0.496061 -1.599079 0.185882
v 0.486874 -1.974581 0.912338
v 0.491872 -1.999641 0.933120
v 0.290441 -2.233379 1.414508
v 0.257881 -2.230052 1.439798
v 0.454330 -0.748980 -0.561566
v 0.426448 -0.751659 -0.542971
v 0.466627 -0.851990 -0.367276
v 0.413110 -0.892281 -0.276116
v 0.440320 -0.898556 -0.275102
v 0.412314 -0.739708 -0.569207
v 0.360440 -0.904024 -0.253408
v 0.350645 -0.881327 -0.287602
v 0.364351 -0.741023 -0.566094
v 0.345087 -0.732655 -0.576672
v 0.340303 -0.715759 -0.616634
v 0.452101 -0.738471 -0.592625
v 0.371636 -0.734684 -0.588258
v 0.360949 -0.727440 -0.611058
v 0.432289 -0.912536 -0.255454
v 0.415563 -0.733479 -0.594989
v 0.478553 -0.760360 -0.555788
v 0.356670 -0.916800 -0.238576
v 0.488560 -0.811731 -0.459391
v 0.486429 -0.749979 -0.591161
v 0.331074 -0.722875 -0.584183
v 0.472289 -0.915247 -0.269880
v 0.490264 -0.911982 -0.285640
v 0.465742 -0.926833 -0.254417
v 0.340361 -0.890505 -0.258688
v 0.414298 -0.930367 -0.235834
v 0.340937 -0.911871 -0.235339
v 0.495367 -0.771281 -0.552880
v 0.515426 -0.921445 -0.296004
v 0.496136 -0.749203 -0.617954
v 0.382665 -0.734540 -0.615545
v 0.506592 -0.944364 -0.263064
v 0.448186 -0.938546 -0.238978
v 0.530596 -0.767540 -0.618373
v 0.554984 -0.777494 -0.630173
v 0.564392 -0.778191 -0.640431
v 0.591824 -0.795357 -0.626230
v 0.562473 -0.799368 -0.610027
v 0.581675 -0.780728 -0.654682
v 0.527910 -0.766367 -0.651991
v 0.531494 -0.925375 -0.311976
v 0.543108 -0.790380 -0.603262
v 0.518866 -0.774784 -0.586956
v 0.510251 -0.786291 -0.547375
v 0.525372 -0.946947 -0.276225
v 0.341885 -0.713650 -0.637670
v 0.599288 -0.780632 -0.662761
v 0.361055 -0.949783 -0.213357
v 0.541113 -0.948611 -0.293873
v 0.441567 -0.736728 -0.609902
v 0.482106 -0.951209 -0.245090
v 0.562607 -0.837392 -0.583992
v 0.559530 -0.853479 -0.567476
v 0.600135 -0.896702 -0.531493
v 0.572807 -0.883293 -0.529909
v 0.626400 -0.986017 -0.426078
v 0.608408 -0.973067 -0.425540
v 0.625382 -1.014134 -0.376752
v 0.592948 -0.963795 -0.419853
v 0.600855 -0.991374 -0.367058
v 0.580706 -0.918321 -0.480642
v 0.584695 -0.939861 -0.449062
v 0.584822 -0.967663 -0.391360
v 0.545285 -0.825947 -0.579642
v 0.600956 -1.001866 -0.351687
v 0.529177 -0.792900 -0.580816
v 0.563252 -0.959563 -0.319193
v 0.546803 -0.838136 -0.566348
v 0.372891 -0.734144 -0.646179
v 0.527543 -0.811840 -0.545403
v 0.550650 -0.966093 -0.290760
v 0.519091 -0.964445 -0.259346
v 0.606920 -1.026847 -0.339496
v 0.588584 -1.016543 -0.321537
v 0.582156 -1.039257 -0.304144
v 0.573571 -0.964065 -0.342702
v 0.536219 -0.971387 -0.271161
v 0.572278 -0.981976 -0.312175
v 0.473150 -0.972387 -0.230845
v 0.491572 -0.982229 -0.236166
v 0.397562 -1.004022 -0.190085
v 0.448874 -1.012343 -0.206564
v 0.139864 -0.607993 -0.394146
v 0.109921 -0.601560 -0.358139
v 0.141874 -0.621308 -0.355412
v 0.115321 -0.592398 -0.402170
v 0.159438 -0.628630 -0.373472
v 0.156413 -0.636589 -0.339300
v 0.203735 -0.560604 -0.584316
v 0.188483 -0.547115 -0.599094
v 0.212524 -0.557622 -0.609791
v 0.219287 -0.567149 -0.593350
v 0.189358 -0.666703 -0.340540
v 0.241894 -0.586914 -0.593104
v 0.240118 -0.578244 -0.613136
v 0.122267 -0.612449 -0.324512
v 0.261811 -0.606948 -0.604120
v 0.140538 -0.629312 -0.297908
v 0.165127 -0.659238 -0.268273
v 0.216563 -0.746238 -0.194034
v 0.196769 -0.710321 -0.215439
v 0.264858 -0.817611 -0.195074
v 0.311064 -0.874448 -0.215327
v 0.230048 -0.804581 -0.125803
v 0.278258 -0.845095 -0.160390
v 0.252807 -0.845174 -0.098853
v 0.200183 -0.798098 -0.077270
v 0.276003 -0.857029 -0.129501
v 0.228825 -0.846157 -0.063557
v 0.175437 -0.800460 -0.044205
v 0.250128 -0.860470 -0.079180
v 0.209087 -0.768158 -0.129382
v 0.318351 -0.858917 -0.288620
v 0.323416 -0.881137 -0.243142
v 0.317118 -0.703538 -0.601142
v 0.198769 -0.744288 -0.134743
v 0.321640 -0.695661 -0.634908
v 0.305511 -0.674945 -0.628520
v 0.195019 -0.723557 -0.158155
v 0.263064 -0.604966 -0.626356
v 0.187745 -0.743941 -0.103418
v 0.271748 -0.872895 -0.105457
v 0.185495 -0.694852 -0.194634
v 0.331291 -0.927689 -0.209655
v 0.319103 -0.896464 -0.215083
v 0.176228 -0.677069 -0.225932
v 0.130108 -0.617964 -0.268274
v 0.301615 -0.669588 -0.641201
v 0.332825 -0.973035 -0.163867
v 0.267756 -0.957883 -0.052461
v 0.252753 -0.924851 -0.055131
v 0.362816 -1.022423 -0.141051
v 0.386704 -1.038210 -0.155476
v 0.382634 -1.040668 -0.141127
v 0.351769 -1.018161 -0.111445
v 0.446712 -1.077012 -0.176559
v 0.498582 -1.111026 -0.198496
v 0.489648 -1.102244 -0.201393
v 0.179454 -0.761645 -0.075304
v 0.307925 -0.987570 -0.073406
v 0.271665 -0.968899 -0.044752
v 0.305884 -0.992912 -0.054911
v 0.295415 -0.889110 -0.150118
v 0.297153 -0.933711 -0.133170
v 0.270602 -0.933902 -0.079082
v 0.187862 -0.718612 -0.127593
v 0.176566 -0.728137 -0.084434
v 0.250424 -0.971308 -0.018432
v 0.277887 -0.994227 -0.026489
v 0.178850 -0.900426 0.013552
v 0.196070 -1.008428 0.085398
v 0.246707 -1.052364 0.046086
v 0.144261 -0.890964 0.040575
v 0.176953 -1.006004 0.104986
v 0.148709 -0.783058 -0.021891
v 0.259790 -0.885686 -0.079187
v 0.265458 -1.067138 0.036291
v 0.195850 -1.036833 0.104448
v 0.185433 -0.696738 -0.149435
v 0.243378 -0.879395 -0.059457
v 0.178287 -0.678795 -0.190403
v 0.160832 -0.653087 -0.227072
v 0.140423 -0.739612 -0.013604
v 0.359076 -1.020285 -0.078028
v 0.453504 -1.076203 -0.108493
v 0.097241 -0.592001 -0.299951
v 0.380240 -1.011013 -0.176186
v 0.416393 -1.052698 -0.168558
v 0.465375 -1.077995 -0.193049
v 0.524667 -1.107523 -0.225241
v 0.244864 -0.585756 -0.629647
v 0.522892 -1.097870 -0.229639
v 0.090719 -0.593174 -0.334155
v 0.122832 -0.754591 0.013241
v 0.436962 -1.042174 -0.188457
v 0.342891 -0.717581 -0.652742
v 0.215789 -0.563028 -0.628994
v 0.468302 -1.053125 -0.203776
v 0.067183 -0.577182 -0.312492
v 0.187737 -0.545259 -0.619786
v 0.088511 -0.572141 -0.281224
v 0.428474 -1.264185 0.103571
v 0.331195 -1.311782 0.149360
v 0.450953 -1.307724 0.115216
v 0.461116 -1.339582 0.123935
v 0.428842 -1.434461 0.164895
v 0.409335 -1.220058 0.084390
v 0.279411 -1.132090 0.073286
v 0.456852 -1.458316 0.160816
v 0.379171 -1.389558 0.168795
v 0.457128 -1.473847 0.167334
v 0.493108 -1.333622 0.104738
v 0.481400 -1.371489 0.123558
v 0.500773 -1.374707 0.117810
v 0.259785 -1.125607 0.080145
v 0.446582 -1.260381 0.091141
v 0.433072 -1.227111 0.076230
v 0.232915 -1.183176 0.129269
v 0.307306 -1.018937 -0.028882
v 0.409373 -1.187723 0.058175
v 0.256647 -1.248857 0.152981
v 0.489712 -1.313082 0.091949
v 0.484489 -1.500619 0.160969
v 0.509507 -1.475782 0.131974
v 0.516537 -1.456857 0.123902
v 0.397041 -1.061003 -0.056545
v 0.483050 -1.524695 0.176090
v 0.509367 -1.513347 0.144198
v 0.230331 -1.120028 0.103729
v 0.501348 -1.201133 -0.036063
v 0.160536 -1.137923 0.176831
v 0.134465 -1.104526 0.181125
v 0.067039 -1.060211 0.196715
v 0.089504 -0.989583 0.155387
v 0.110331 -0.966616 0.129753
v 0.155159 -1.000868 0.121495
v 0.166036 -1.029176 0.128405
v 0.105115 -0.856111 0.047339
v 0.066416 -0.862418 0.069976
v 0.217296 -0.859391 -0.042516
v 0.045075 -1.048196 0.197484
v 0.088804 -0.845428 0.052697
v 0.105054 -0.819655 0.033448
v 0.035223 -0.844793 0.073435
v 0.056583 -0.997380 0.170371
v 0.063194 -0.823032 0.064253
v 0.151514 -1.150333 0.198158
v 0.506112 -1.164583 -0.072608
v 0.493713 -1.129190 -0.091604
v 0.454354 -1.090722 -0.088383
v 0.500740 -1.102102 -0.122350
v 0.501704 -1.543525 0.164254
v 0.487450 -1.555300 0.190189
v 0.539886 -1.563892 0.128108
v 0.521107 -1.568298 0.147625
v 0.565004 -1.550182 0.109272
v 0.030747 -0.868062 0.082003
v 0.031648 -0.963842 0.153867
v 0.010234 -0.992848 0.174726
v 0.576109 -1.526645 0.102026
v 0.114011 -0.782835 0.022142
v 0.568559 -1.568948 0.105931
v 0.532702 -1.580028 0.135423
v 0.513711 -1.587667 0.157277
v 0.594103 -1.532842 0.093512
v 0.095402 -0.787353 0.042862
v -0.015584 -0.981849 0.168567
v 0.517131 -1.434176 0.121099
v 0.530480 -1.459440 0.119475
v 0.607277 -1.545696 0.080737
v 0.102713 -0.685469 0.051477
v 0.087323 -0.657002 0.069785
v 0.056659 -0.722019 0.090218
v 0.062865 -0.677909 0.088714
v 0.098700 -0.617108 0.056360
v 0.103782 -0.576817 0.043687
v 0.100547 -0.516207 0.029510
v 0.079461 -0.495729 0.046117
v 0.089335 -0.470512 0.036019
v 0.116022 -0.527366 0.014068
v 0.129089 -0.591653 0.002143
v 0.106618 -0.646811 0.048572
v 0.119821 -0.644846 0.028808
v 0.118378 -0.595330 0.025132
v 0.598920 -1.509859 0.095279
v 0.048856 -0.753577 0.090245
v 0.131070 -0.338370 0.024732
v 0.119431 -0.294720 0.034168
v 0.135991 -0.282166 0.018658
v 0.124899 -0.244046 0.024810
v 0.144461 -0.230480 -0.000229
v 0.126441 -0.199381 0.012747
v 0.109386 -0.190221 0.023534
v 0.116023 -0.147424 0.000197
v 0.098917 -0.155557 0.016685
v 0.088201 -0.104312 -0.003210
v 0.101119 -0.082043 -0.028666
v 0.121951 -0.109227 -0.029593
v 0.081050 -0.083281 -0.013196
v 0.133539 -0.156554 -0.013323
v 0.083574 -0.060836 -0.035200
v 0.060043 -0.065465 -0.019749
v 0.144366 -0.183056 -0.014997
v 0.624477 -1.518403 0.078127
v 0.529324 -1.601077 0.129419
v 0.162704 -0.373652 -0.010949
v 0.063643 -0.045588 -0.043060
v 0.126140 -0.065148 -0.076092
v 0.078497 -0.027124 -0.072798
v 0.145820 -0.141053 -0.042382
v 0.166279 -0.615920 -0.046386
v 0.139438 -0.662709 -0.007460
v 0.168958 -0.439984 -0.023573
v 0.156058 -0.229195 -0.017929
v 0.160148 -0.194737 -0.040062
v 0.160096 -0.167111 -0.056590
v 0.102587 -0.014111 -0.105099
v 0.032533 -0.052008 -0.030332
v 0.027437 -0.065338 -0.014720
v 0.129364 -0.000401 -0.153562
v 0.139273 -0.101903 -0.063734
v 0.145977 -0.023097 -0.155959
v 0.149701 -0.003460 -0.192418
v -0.342311 -1.997438 0.345456
v -0.339967 -1.949190 0.297843
v -0.333975 -1.909517 0.248276
v -0.287791 -1.925209 0.161766
v -0.261086 -1.949349 0.135924
v -0.337098 -1.813054 0.128893
v -0.327031 -1.806144 0.096484
v -0.329392 -1.776122 0.051863
v -0.271234 -1.882588 0.039056
v -0.243558 -1.910626 0.014775
v -0.337925 -1.712391 -0.070823
v -0.345588 -1.749670 0.040577
v -0.350241 -1.705608 -0.052379
v -0.272492 -1.847544 -0.054744
v -0.225531 -1.900228 -0.098506
v -0.336727 -1.703975 -0.112940
v -0.347358 -1.694305 -0.093615
v -0.281889 -1.824117 -0.091214
v -0.355842 -1.762651 0.081568
v -0.354558 -1.666441 -0.198333
v -0.239731 -1.880574 -0.140158
v -0.293794 -1.799106 -0.139332
v -0.207850 -1.914715 -0.162986
v -0.198991 -1.942437 -0.248325
v -0.251945 -2.002953 -0.484225
v -0.285496 -1.983029 -0.508402
v -0.160652 -1.969018 -0.233997
v -0.306715 -1.924606 -0.418986
v -0.229723 -1.928300 -0.282361
v -0.224938 -1.910928 -0.230817
v -0.178916 -1.945734 -0.201860
v -0.203843 -1.923259 -0.199837
v -0.334416 -1.917585 -0.485924
v -0.360593 -1.891021 -0.485562
v -0.338089 -1.897122 -0.437705
v -0.228754 -1.895839 -0.186708
v -0.252790 -1.884489 -0.245826
v -0.259908 -1.894634 -0.284012
v -0.257904 -1.861634 -0.193592
v -0.367008 -1.937460 -0.627865
v -0.418940 -1.846371 -0.570055
v -0.373507 -1.860778 -0.463585
v -0.292908 -1.842329 -0.274244
v -0.412657 -1.826305 -0.512432
v -0.288045 -1.825687 -0.226317
v -0.313487 -1.812548 -0.285105
v -0.437974 -1.812262 -0.566190
v -0.460160 -1.887898 -0.994655
v -0.268830 -1.841489 -0.153681
v -0.404014 -1.817857 -0.480622
v -0.470610 -1.777757 -0.630485
v -0.301752 -1.790467 -0.199343
v -0.304907 -1.802656 -0.244656
v -0.503656 -1.807998 -0.933633
v -0.462303 -1.887359 -1.049430
v -0.525963 -1.784349 -1.123601
v -0.510525 -1.721077 -0.721332
v -0.517329 -1.794953 -1.233440
v -0.530678 -1.773984 -1.160014
v -0.389496 -1.617211 -0.313998
v -0.383689 -1.627767 -0.317739
v -0.439285 -1.543414 -0.433372
v -0.472216 -1.498890 -0.511179
v -0.494264 -1.455351 -0.538301
v -0.511808 -1.701787 -0.695031
v -0.344931 -1.735372 -0.292150
v -0.535522 -1.762382 -1.131642
v -0.460092 -1.736070 -0.550053
v -0.544767 -1.374531 -0.691091
v -0.539164 -1.396389 -0.696466
v -0.525897 -1.671276 -0.727364
v -0.520519 -1.792274 -1.274609
v -0.547896 -1.371758 -0.730412
v -0.554887 -1.345590 -0.735651
v -0.532287 -1.424855 -0.680066
v -0.544846 -1.716194 -1.341851
v -0.541690 -1.719650 -1.302909
v -0.533965 -1.611807 -0.718316
v -0.498277 -1.648769 -0.611336
v -0.548780 -1.395994 -0.757533
v -0.561891 -1.655663 -1.183758
v -0.562088 -1.671164 -1.263883
v -0.566549 -1.566966 -0.937412
v -0.530451 -1.574892 -0.691775
v -0.571219 -1.623599 -1.274626
v -0.577336 -1.570295 -1.156254
v -0.554725 -1.557424 -0.813161
v -0.550097 -1.368795 -0.663039
v -0.569651 -1.628576 -1.311363
v -0.565530 -1.571278 -1.450736
v -0.570043 -1.535299 -1.465495
v -0.571658 -1.534428 -1.443078
v -0.557115 -1.326237 -0.764899
v -0.552334 -1.347667 -0.779644
v -0.578152 -1.531210 -1.412024
v -0.587216 -1.398244 -1.397818
v -0.574027 -1.557789 -1.272646
v -0.555633 -1.263217 -0.851532
v -0.572134 -1.456143 -1.490570
v -0.578997 -1.486401 -1.443559
v -0.579895 -1.415884 -1.422983
v -0.561725 -1.169005 -0.866433
v -0.580742 -1.225590 -1.623334
v -0.571961 -1.256623 -1.575754
v -0.570685 -1.339678 -1.545841
v -0.568311 -1.375387 -1.517298
v -0.570848 -1.327474 -1.539417
v -0.572583 -1.301781 -1.536186
v -0.537120 -1.073033 -1.131960
v -0.582331 -1.351518 -1.459728
v -0.570726 -1.061352 -0.875865
v -0.564106 -1.193288 -1.581750
v -0.539310 -0.867935 -1.611889
v -0.569317 -1.022170 -1.668104
v -0.559523 -1.107967 -1.582987
v -0.561065 -0.895593 -1.662728
v -0.573447 -1.089755 -1.660163
v -0.570836 -1.003737 -1.683193
v -0.574693 -0.928275 -1.685512
v -0.582897 -0.872577 -1.702483
v -0.580562 -0.847995 -1.694297
v -0.584011 -0.779379 -1.712682
v -0.564259 -1.179655 -1.595473
v -0.575679 -1.185520 -1.647338
v -0.524712 -0.813522 -1.581617
v -0.520961 -0.918416 -1.396902
v -0.530665 -0.801856 -1.613270
v -0.537704 -0.717057 -1.645985
v -0.531898 -0.734334 -1.611768
v -0.531077 -0.719024 -1.614427
v -0.535491 -0.775449 -1.492679
v -0.527284 -0.899570 -1.268536
v -0.528213 -0.899444 -1.347503
v -0.533639 -0.805422 -1.515985
v -0.518266 -0.860135 -1.260024
v -0.593533 -0.672932 -1.738977
v -0.587131 -0.711368 -1.713966
v -0.590969 -0.658079 -1.729741
v -0.593745 -0.632150 -1.750034
v -0.574458 -0.800239 -1.689786
v -0.531152 -0.691032 -1.646290
v -0.567164 -1.020664 -0.880907
v -0.581966 -0.552139 -1.777366
v -0.580562 -0.524005 -1.816544
v -0.581058 -0.509724 -1.846704
v -0.577862 -0.489104 -1.836058
v -0.575482 -0.548335 -1.846918
v -0.560566 -0.995512 -0.884370
v -0.532412 -0.671300 -1.664634
v -0.581565 -0.687275 -1.706760
v -0.546986 -0.736855 -1.659568
v -0.562660 -0.487946 -1.802835
v -0.551474 -0.711874 -1.669463
v -0.577075 -0.571255 -1.752570
v -0.574769 -0.528507 -1.782359
v -0.550747 -0.965237 -0.880505
v -0.533922 -0.929084 -0.899127
v -0.570282 -0.542612 -1.762233
v -0.561933 -1.254643 -0.833240
v -0.457994 -0.740026 -1.160588
v -0.518545 -0.666829 -1.643215
v -0.573955 -1.100279 -0.859900
v -0.545776 -0.675230 -1.675976
v -0.528459 -0.919192 -0.860674
v -0.563442 -0.450540 -1.837099
v -0.575439 -0.660315 -1.707348
v -0.514203 -0.895370 -0.885053
v -0.486942 -0.859423 -0.855913
v -0.573774 -0.630518 -1.717290
v -0.515326 -0.898476 -0.846728
v -0.387090 -0.461318 -1.748533
v -0.327961 -0.341983 -1.756585
v -0.402144 -0.492273 -1.735699
v -0.355513 -0.368405 -1.777705
v -0.381490 -0.425418 -1.772261
v -0.335427 -0.329082 -1.783196
v -0.395244 -0.459273 -1.762800
v -0.500503 -0.633291 -1.654697
v -0.505644 -0.622370 -1.676839
v -0.299677 -0.704426 -0.712785
v -0.252589 -0.639154 -0.696558
v -0.293095 -0.698608 -0.699201
v -0.332005 -0.302153 -1.801007
v -0.356556 -0.328813 -1.804821
v -0.461181 -0.835521 -0.797134
v -0.425061 -0.793883 -0.815836
v -0.228861 -0.611529 -0.702097
v -0.470389 -0.588483 -1.676805
v -0.426501 -0.520930 -1.730252
v -0.540488 -0.933157 -0.850442
v -0.312251 -0.720419 -0.705417
v -0.299289 -0.327846 -1.717639
v -0.275553 -0.352430 -1.612400
v -0.303751 -0.290994 -1.782650
v -0.495558 -0.872150 -0.825405
v -0.238189 -0.616267 -0.683445
v -0.261284 -0.642801 -0.683090
v -0.291709 -0.689352 -0.687663
v -0.352327 -0.750550 -0.719899
v -0.203889 -0.590574 -0.692930
v -0.048695 -0.251099 0.055395
v 0.042701 -0.262750 0.055336
v -0.059988 -0.268915 0.057609
v -0.073458 -0.218686 0.046657
v 0.072272 -0.252558 0.050079
v 0.051634 -0.217879 0.044839
v 0.065956 -0.193216 0.039516
v 0.025908 -0.167285 0.035540
v 0.051488 -0.167443 0.034199
v 0.086759 -0.203075 0.037857
v 0.055409 -0.289996 0.056511
v 0.011736 -0.211602 0.039633
v -0.082923 -0.185115 0.037955
v -0.068904 -0.160772 0.033105
v 0.003757 -0.130593 0.022631
v 0.078897 -0.170676 0.030539
v -0.062367 -0.123158 0.018706
v 0.014258 -0.114727 0.020378
v -0.023467 -0.102206 0.013863
v 0.066182 -0.131385 0.017653
v 0.060605 -0.102285 0.008350
v -0.073153 -0.277301 0.056847
v -0.096238 -0.245378 0.047733
v -0.065500 -0.329669 0.061466
v 0.010085 -0.292673 0.054374
v 0.031761 -0.409425 0.058416
v -0.000956 -0.422788 0.061849
v 0.035744 -0.457135 0.062348
v -0.034324 -0.406160 0.060294
v 0.068220 -0.330381 0.055992
v 0.017557 -0.604555 0.101578
v 0.002266 -0.636350 0.109612
v -0.011662 -0.603445 0.103395
v -0.024783 -0.655291 0.108802
v -0.004653 -0.685834 0.114277
v 0.018140 -0.656305 0.109832
v 0.020293 -0.699323 0.111541
v 0.053754 -0.423991 0.055425
v 0.086563 -0.289488 0.050220
v 0.007732 -0.726299 0.112108
v -0.022846 -0.694202 0.112004
v -0.020548 -0.722748 0.111179
v -0.004205 -0.741008 0.109685
v -0.063368 -0.444184 0.057770
v 0.038687 -0.548810 0.084561
v -0.057485 -0.483207 0.065903
v -0.080601 -0.337894 0.058153
v 0.104273 -0.233792 0.037572
v -0.071774 -0.399948 0.055069
v 0.084955 -0.327481 0.051395
v 0.038806 -0.608201 0.095135
v -0.112236 -0.282434 0.045201
v -0.107076 -0.195039 0.032533
v -0.093708 -0.145063 0.020423
v -0.057293 -0.091696 0.003617
v -0.082750 -0.107388 0.006620
v 0.064299 -0.457879 0.051174
v 0.061683 -0.473792 0.054502
v 0.056447 -0.547462 0.075984
v 0.104278 -0.303944 0.043642
v 0.039793 -0.666450 0.101703
v 0.021223 -0.085752 0.003022
v -0.116740 -0.240893 0.038498
v 0.021458 -0.756271 0.103058
v -0.020307 -0.768349 0.100693
v 0.034050 -0.721957 0.103843
v -0.020236 -0.085357 0.003094
v 0.060264 -0.085514 -0.002463
v -0.072603 -0.554897 0.074427
v 0.005533 -0.823729 0.082894
v -0.036171 -0.742576 0.102158
v -0.048790 -0.704109 0.099703
v -0.024765 -0.823158 0.081045
v -0.005115 -0.847013 0.077700
v 0.038173 -0.811476 0.079202
v -0.097323 -0.463459 0.041890
v -0.128720 -0.329590 0.035754
v -0.085537 -0.498470 0.053297
v -0.058763 -0.070759 -0.013518
v -0.056202 -0.050281 -0.034249
v -0.330957 -2.494366 0.873613
v -0.406300 -2.382260 0.996740
v -0.446131 -2.359864 0.831525
v -0.450656 -2.352699 0.846700
v -0.248054 -2.530853 1.212675
v -0.259829 -2.501308 1.256546
v -0.235211 -2.541457 1.231464
v -0.323552 -2.426655 1.198514
v -0.408868 -2.331633 1.192516
v -0.371683 -2.375348 1.233106
v -0.382793 -2.357279 1.244532
v -0.350728 -2.393623 1.265173
v -0.439144 -2.302439 1.093795
v -0.445217 -2.304896 1.048168
v -0.427030 -2.339528 0.985075
v -0.334197 -2.486441 0.945838
v -0.316795 -2.422613 1.283435
v -0.338994 -2.392546 1.303697
v -0.307244 -2.420822 1.318391
v -0.365308 -2.368707 1.278263
v -0.420548 -2.364491 0.972134
v -0.414777 -2.355900 1.034805
v -0.272982 -2.459322 1.298082
v -0.453946 -2.292960 0.947363
v -0.446670 -2.354188 0.775146
v -0.462663 -2.334868 0.783910
v -0.465362 -2.327006 0.822284
v -0.469604 -2.264478 0.986562
v -0.248643 -2.551664 1.169067
v -0.225760 -2.565912 1.220145
v -0.448347 -2.310141 0.924557
v -0.407323 -2.325359 1.210642
v -0.306156 -2.539522 0.969504
v -0.305373 -2.410012 1.342307
v -0.471135 -2.260340 0.955742
v -0.199409 -2.587960 1.254797
v -0.207702 -2.560223 1.265466
v -0.255536 -2.465725 1.323071
v -0.348924 -2.464425 0.832872
v -0.330412 -2.487106 0.826493
v -0.291965 -2.551996 1.002432
v -0.257874 -2.605918 1.034543
v -0.252219 -2.609977 1.050923
v -0.253255 -2.566800 1.126639
v -0.463524 -2.270137 0.910976
v -0.457092 -2.287936 0.899429
v -0.464278 -2.267616 1.026053
v -0.230803 -2.583649 1.189778
v -0.446847 -2.334789 0.907423
v -0.323561 -2.509170 0.896215
v -0.322726 -2.507110 0.839280
v -0.469460 -2.312123 0.725934
v -0.472886 -2.308414 0.769690
v -0.377956 -2.348561 1.267147
v -0.458212 -2.287350 0.845012
v -0.475692 -2.294815 0.720747
v -0.447173 -2.272831 1.098859
v -0.458645 -2.248659 1.083646
v -0.438556 -2.242288 1.171040
v -0.462005 -2.216230 1.127152
v -0.475700 -2.214630 1.090556
v -0.483830 -2.182137 1.119112
v -0.471709 -2.243429 1.016667
v -0.491792 -2.210303 1.009384
v -0.489796 -2.206721 1.065149
v -0.493912 -2.188414 1.098101
v -0.480196 -2.225931 0.966930
v -0.417058 -2.241368 1.241024
v -0.379495 -2.292357 1.257347
v -0.398430 -2.249959 1.278648
v -0.403721 -2.283879 1.207748
v -0.491109 -2.205500 0.969853
v -0.405814 -2.229861 1.281770
v -0.311890 -2.314056 1.354164
v -0.375127 -2.245680 1.330979
v -0.427845 -2.296542 1.143300
v -0.413782 -2.309761 1.192808
v -0.424063 -2.218528 1.242806
v -0.356524 -2.263178 1.346928
v -0.295344 -2.569480 0.975073
v -0.286373 -2.582604 0.990620
v -0.318328 -2.540062 0.904541
v -0.211560 -2.608168 1.223378
v -0.486902 -2.203694 0.929456
v -0.498407 -2.178286 0.929939
v -0.464090 -2.248627 0.802051
v -0.507228 -2.189952 0.987236
v -0.506642 -2.196623 1.034070
v -0.511506 -2.183849 1.088180
v -0.510764 -2.170963 1.116418
v -0.171081 -2.577927 1.298676
v -0.211530 -2.506698 1.338382
v -0.241204 -2.462919 1.350559
v -0.518298 -2.173657 0.967411
v -0.321290 -2.526906 0.884632
v -0.290472 -2.405797 1.369152
v -0.304878 -2.382354 1.371131
v -0.328232 -2.268837 1.382448
v -0.280905 -2.325088 1.385932
v -0.352275 -2.354838 1.310936
v -0.455143 -2.192011 1.164208
v -0.471381 -2.178966 1.138080
v -0.472446 -2.160708 1.148539
v -0.490863 -2.180552 0.894081
v -0.316129 -2.498281 0.786515
v -0.330064 -2.478232 0.801302
v -0.353545 -2.248074 1.362502
v -0.454492 -2.316497 0.875429
v -0.381461 -2.227484 1.328645
v -0.164709 -2.597788 1.294118
v -0.506292 -2.143352 0.905920
v -0.503479 -2.132289 0.883411
v -0.465579 -2.218861 0.747909
v -0.417399 -2.204550 1.264070
v -0.458623 -2.164115 1.164442
v -0.464927 -2.200270 0.701321
v -0.314124 -2.365727 1.364987
v -0.401547 -2.318732 1.224838
v -0.461677 -2.283276 0.809354
v -0.502774 -2.092442 0.851286
v -0.514363 -2.106532 0.899540
v -0.465906 -2.222063 0.705782
v -0.423678 -2.181710 1.250476
v -0.476779 -2.263607 0.695170
v -0.474968 -2.258851 0.667905
v -0.383440 -2.325644 1.260137
v -0.509019 -2.097275 0.879465
v -0.458553 -2.107643 0.608119
v -0.491524 -2.011068 0.745841
v -0.490290 -1.994964 0.725017
v -0.496397 -1.964453 0.703967
v -0.495543 -1.969256 0.722426
v -0.518238 -1.912973 0.719790
v -0.521741 -1.909946 0.708296
v -0.527176 -1.888310 0.711269
v -0.527839 -1.887977 0.693951
v -0.493506 -1.971142 0.747371
v -0.498935 -1.939601 0.740254
v -0.530988 -1.843644 0.660587
v -0.531135 -1.810804 0.580656
v -0.493031 -1.957606 0.765342
v -0.494854 -1.920136 0.755745
v -0.522386 -1.886724 0.722297
v -0.480766 -1.983458 0.660841
v -0.494759 -1.949570 0.674640
v -0.531889 -1.797458 0.602355
v -0.469218 -2.171677 0.591358
v -0.489780 -1.897566 0.771798
v -0.492071 -1.870288 0.764122
v -0.465372 -2.151800 0.611344
v -0.452611 -1.947811 0.524515
v -0.448578 -1.974692 0.517505
v -0.451839 -1.922023 0.474615
v -0.453467 -1.923782 0.498572
v -0.459611 -1.894110 0.471243
v -0.460174 -1.887612 0.428844
v -0.466108 -1.872317 0.442825
v -0.476000 -1.853487 0.430916
v -0.462049 -1.890227 0.381142
v -0.455156 -1.918282 0.415023
v -0.476548 -1.864028 0.375585
v -0.501848 -1.807633 0.460632
v -0.504348 -1.801815 0.445712
v -0.507722 -1.786584 0.466242
v -0.514049 -1.793479 0.405852
v -0.505427 -1.816304 0.392982
v -0.515509 -1.793288 0.375831
v -0.451502 -1.953770 0.430484
v -0.503520 -1.810312 0.474544
v -0.473296 -1.863711 0.465854
v -0.468896 -1.926445 0.580163
v -0.449736 -1.990764 0.468629
v -0.448857 -2.014554 0.524905
v -0.481454 -1.915303 0.611602
v -0.489612 -1.835371 0.467874
v -0.492625 -1.874885 0.596632
v -0.515201 -2.066702 0.896765
v -0.482076 -1.855484 0.483035
v -0.509787 -2.058602 0.882049
v -0.504932 -2.005298 0.912815
v -0.524998 -1.817761 0.549705
v -0.524540 -1.840285 0.627910
v -0.517141 -1.810692 0.504829
v -0.524167 -1.859684 0.657569
v -0.522687 -1.794620 0.521204
v -0.509385 -1.826241 0.501606
v -0.521482 -2.079144 0.905461
v -0.526247 -1.778501 0.562345
v -0.331841 -2.249500 1.388170
v -0.517696 -2.044385 0.909952
v -0.318071 -2.317702 1.345090
v -0.353167 -2.324835 1.304375
v -0.286790 -2.372748 1.395355
v -0.271004 -2.332695 1.394998
v -0.306401 -2.355632 1.374505
v -0.271200 -2.362795 1.410078
v -0.300596 -2.255206 1.416682
v -0.280421 -2.277935 1.424004
v -0.229628 -2.339242 1.422471
v -0.254966 -2.277665 1.442387
v -0.266382 -2.258122 1.441366
v -0.041473 -0.012002 -0.304868
v 0.038124 -0.006361 -0.247077
v -0.028199 -0.004870 -0.242705
v 0.033595 -0.010703 -0.316365
v -0.033473 -0.029089 -0.404503
v -0.059721 -0.033083 -0.419049
v 0.007636 -0.032036 -0.417072
v 0.032771 -0.008499 -0.214386
v -0.047219 -0.021924 -0.380376
v -0.007165 -0.012414 -0.183590
v 0.011237 -0.012129 -0.179999
v 0.014261 -0.009926 -0.123494
v -0.022707 -0.009482 -0.120852
v -0.026521 -0.010703 -0.178318
v 0.044072 -0.003934 -0.138998
v 0.096993 0.008508 -0.153935
v 0.103760 0.015132 -0.195265
v 0.117806 0.017590 -0.259124
v 0.099063 0.012676 -0.303510
v 0.083220 0.006082 -0.328705
v 0.114863 0.012391 -0.317690
v 0.081773 -0.002840 -0.369354
v 0.107348 0.003958 -0.357683
v 0.120505 0.014864 -0.183878
v 0.133713 0.016955 -0.243490
v 0.136214 0.013849 -0.289695
v 0.030313 -0.015441 -0.094010
v 0.090440 -0.001066 -0.122711
v 0.065728 -0.010385 -0.098779
v -0.023765 -0.012923 -0.104799
v 0.090495 -0.012146 -0.394563
v 0.061354 -0.024065 -0.413412
v 0.132596 0.006622 -0.333387
v -0.075319 -0.003475 -0.115315
v -0.124957 0.017003 -0.260497
v -0.121715 0.015179 -0.192791
v -0.117855 0.009760 -0.322745
v -0.141498 0.013611 -0.297515
v -0.147117 0.014658 -0.267148
v -0.134614 0.017953 -0.230317
v -0.139334 0.007414 -0.333240
v -0.143242 0.015179 -0.216001
v -0.103868 -0.000131 -0.358709
v -0.091335 0.003531 -0.329360
v -0.116467 0.009808 -0.159456
v -0.124615 -0.004807 -0.372632
v 0.118261 0.006669 -0.154069
v 0.141973 0.011487 -0.218682
v -0.116543 0.001566 -0.134294
v -0.093967 -0.017644 -0.398278
v 0.115545 -0.003284 -0.372665
v 0.136842 0.009855 -0.190744
v -0.093735 -0.013650 -0.094407
v -0.069532 -0.021529 -0.075157
v 0.133997 -0.005820 -0.362047
v 0.148291 0.006858 -0.292219
v -0.018513 -0.048252 -0.439619
v -0.026645 -0.042943 -0.041573
v 0.152970 0.004419 -0.244828
v 0.145779 -0.002652 -0.335818
v 0.067577 -0.035271 -0.427864
v -0.121592 -0.024841 -0.400862
v 0.106137 -0.022797 -0.403082
v -0.094301 -0.034478 -0.418957
v 0.016974 -0.058602 -0.453806
v 0.129052 -0.021862 -0.386322
v -0.068926 -0.054417 -0.439649
v 0.059774 -0.049140 -0.441264
v 0.097150 -0.044702 -0.425208
v -0.109496 -0.042737 -0.420019
v 3.818729 -0.596630 0.634312
v 5.076148 -0.219780 0.673826
v 5.130318 -0.240639 0.679870
v 3.754490 -0.616364 0.639559
v 3.616152 -0.662867 0.651081
v 5.186026 -0.200348 0.689167
v 5.176870 -0.226929 0.688543
v 5.195454 -0.255855 0.688174
v 5.241706 -0.219162 0.703611
v 5.273367 -0.203946 0.709829
v 5.340832 -0.218559 0.732533
v 5.392356 -0.199475 0.741204
v 5.401289 -0.218353 0.748883
v 5.438631 -0.220603 0.750414
v 5.369538 -0.231098 0.741913
v 5.407582 -0.233871 0.750674
v 5.442222 -0.238357 0.750872
v 1.915012 -1.151950 0.577695
v 1.937573 -1.163268 0.578160
v 1.982436 -1.147417 0.588702
v 1.963763 -1.138590 0.588301
v 1.910850 -1.140475 0.578135
v 1.872449 -1.142346 0.564009
v 1.934091 -1.126845 0.582048
v 1.873976 -1.165296 0.559000
v 1.821025 -1.153503 0.535723
v 1.812455 -1.163680 0.529912
v 1.900774 -1.172001 0.564083
v 1.813721 -1.140411 0.532479
v 1.897741 -1.125719 0.572689
v 1.857090 -1.116589 0.553942
v 1.881642 -1.097379 0.561379
v 1.902071 -1.064047 0.564158
v 3.276789 -0.784626 0.652169
v 3.396568 -0.739882 0.652711
v 3.479614 -0.720324 0.649573
v 3.543894 -0.673613 0.644662
v 3.505321 -0.706026 0.649814
v 3.563492 -0.691223 0.652515
v 3.580464 -0.677734 0.652700
v 5.200141 -0.180424 0.686358
v 3.533100 -0.493779 0.574299
v 3.218657 -0.690019 0.623238
v 3.188149 -0.683869 0.604851
v 3.235091 -0.665356 0.612947
v 3.288797 -0.623020 0.598367
v 5.429795 -0.201284 0.746126
v 2.983279 -0.808354 0.624637
v 2.964403 -0.798765 0.616676
v 3.040785 -0.702397 0.597756
v 3.071269 -0.682854 0.596487
v 2.988513 -0.742291 0.599105
v 3.254371 -0.629312 0.588985
v 3.483084 -0.475330 0.533829
v 3.588847 -0.415338 0.516454
v 3.069748 -0.660299 0.583479
v 2.954806 -0.782249 0.605550
v 5.388800 -0.161452 0.717075
v 3.570004 -0.463030 0.560292
v 3.122179 -0.612005 0.576452
v 3.581141 -0.434533 0.528499
v 3.670258 -0.385903 0.515807
v 5.443414 -0.186289 0.736321
v 5.429817 -0.171073 0.727172
v 3.435939 -0.534355 0.577737
v 2.939336 -0.831907 0.618880
v 3.002740 -0.824188 0.630574
v 5.450621 -0.202551 0.744135
v 2.927051 -0.812872 0.605293
v 2.953465 -0.849690 0.624507
v 2.991129 -0.723969 0.587133
v 2.890312 -0.863971 0.604219
v 2.876430 -0.860279 0.595526
v 2.859498 -0.880662 0.598171
v 2.857808 -0.865841 0.587789
v 2.824510 -0.875844 0.579550
v 2.746345 -0.917101 0.588082
v 2.849421 -0.841560 0.558459
v 2.931217 -0.858994 0.619107
v 2.880090 -0.841116 0.582944
v 2.941088 -0.776226 0.592023
v 2.883824 -0.826297 0.562708
v 2.884685 -0.808687 0.547213
v 2.892843 -0.808228 0.550072
v 5.465432 -0.217276 0.742962
v 5.468919 -0.192598 0.731273
v 5.456075 -0.172261 0.721811
v 2.908061 -0.811682 0.588522
v 5.463693 -0.238278 0.744890
v 5.484987 -0.211681 0.726884
v 5.480069 -0.234584 0.735199
v 5.496074 -0.235963 0.717172
v 3.393315 -0.409902 0.457466
v 3.259862 -0.487614 0.507049
v 3.207597 -0.520154 0.512610
v 3.203145 -0.519171 0.496744
v 3.308644 -0.466406 0.515625
v 3.593739 -0.301170 0.417634
v 3.476627 -0.382686 0.498024
v 3.202162 -0.532738 0.537604
v 3.247707 -0.511088 0.541583
v 3.940621 -0.172722 0.413323
v 3.637368 -0.308539 0.477185
v 3.185527 -0.524813 0.489442
v 3.964174 -0.168569 0.420499
v 3.505040 -0.346518 0.429116
v 3.437498 -0.407317 0.510684
v 3.809309 -0.206593 0.376859
v 3.157682 -0.563028 0.543852
v 3.174270 -0.562187 0.560202
v 3.873972 -0.190268 0.381238
v 4.100785 -0.132208 0.406663
v 3.215658 -0.537034 0.554548
v 3.454860 -0.367708 0.432344
v 3.624855 -0.276428 0.401188
v 3.539004 -0.324025 0.419892
v 3.170193 -0.521327 0.482189
v 3.167180 -0.580717 0.571400
v 5.324670 -0.020562 0.542836
v 5.263220 0.000819 0.515246
v 3.328161 -0.471130 0.532369
v 5.052083 -0.050693 0.535119
v 5.391047 -0.070442 0.597924
v 3.139695 -0.588706 0.566825
v 3.125955 -0.563995 0.493142
v 4.562575 -0.110368 0.494121
v 5.400312 -0.149233 0.705582
v 5.034061 0.018318 0.468381
v 4.374578 -0.049646 0.303291
v 4.905350 0.011741 0.450372
v 5.378120 -0.131052 0.682580
v 5.120083 0.049290 0.306596
v 5.302765 -0.005884 0.525272
v 5.055915 0.036848 0.320588
v 5.003151 0.026053 0.448250
v 5.262662 0.011249 0.500271
v 4.897808 0.096585 0.249679
v 4.831064 0.108838 0.232570
v 4.762421 0.110724 0.225578
v 4.706576 0.102259 0.229840
v 3.735004 -0.142480 0.327684
v 3.541133 -0.135585 0.260836
v 3.998879 0.059576 0.133465
v 4.307712 0.083637 0.161813
v 3.274216 -0.307065 0.366533
v 3.231470 -0.372496 0.417279
v 4.392082 0.105938 0.150903
v 3.245680 -0.294814 0.349712
v 3.427470 -0.314516 0.413698
v 4.016457 0.091164 0.105237
v 4.088803 0.098915 0.102876
v 3.271536 -0.381085 0.435985
v 3.215065 -0.406540 0.440346
v 3.200856 -0.340335 0.372922
v 5.420776 -0.142670 0.696971
v 5.161917 0.028748 0.469076
v 5.443766 -0.156492 0.709701
v 5.363770 -0.019832 0.536736
v 3.130519 -0.570208 0.501262
v 5.214636 0.027227 0.471793
v 4.373605 -0.073104 0.406945
v 5.260413 0.039701 0.314995
v 5.413585 -0.071298 0.594622
v 5.205073 0.056564 0.288166
v 5.363301 -0.006408 0.513680
v 3.062233 -0.626317 0.502795
v 3.094700 -0.618376 0.560644
v 5.137733 0.033407 0.453180
v 5.376361 -0.013508 0.521871
v 4.594097 -0.029692 0.410971
v 4.970562 0.026465 0.433721
v 5.045432 0.032886 0.435508
v 5.453514 -0.133968 0.672552
v 5.352838 0.012961 0.471765
v 5.335829 0.023644 0.443247
v 5.203683 0.029636 0.448020
v 5.002790 0.029668 0.331633
v 5.152717 0.036562 0.336143
v 5.238252 0.032757 0.341743
v 5.181865 0.074571 0.238098
v 5.375140 -0.001510 0.494567
v 5.467153 -0.134808 0.661097
v 5.275369 0.040778 0.303330
v 5.306940 0.030427 0.343098
v 5.468318 -0.155001 0.692383
v 4.872131 0.014658 0.421245
v 2.041693 -1.124198 0.595864
v 2.076303 -1.130584 0.594884
v 2.129582 -1.101802 0.600517
v 2.145630 -1.111121 0.597762
v 2.146136 -1.079880 0.598941
v 2.344342 -1.002422 0.601536
v 2.006526 -1.122612 0.592754
v 2.367047 -0.971419 0.597436
v 1.957681 -1.047436 0.575530
v 2.014180 -1.087313 0.581912
v 1.908731 -1.099423 0.569120
v 1.964951 -1.010140 0.570414
v 1.930364 -1.045154 0.570141
v 2.170183 -0.874163 0.561346
v 2.401280 -0.751136 0.538927
v 2.019360 -0.959151 0.564860
v 2.948044 -0.209699 0.346886
v 2.926818 -0.173609 0.331881
v 2.547113 -0.906973 0.571989
v 2.592869 -0.889601 0.564782
v 2.673607 -0.908541 0.570571
v 2.643547 -0.866444 0.556917
v 2.753722 -0.827627 0.555978
v 2.749722 -0.843413 0.560910
v 2.548003 -0.973891 0.587448
v 2.467647 -0.992404 0.591632
v 2.779483 -0.865112 0.561577
v 2.885808 -0.745635 0.530243
v 2.864217 -0.747221 0.530688
v 3.201587 -0.440348 0.457675
v 3.431494 -0.371464 0.432489
v 2.843465 -0.769839 0.540248
v 3.016454 -0.665926 0.508984
v 3.006092 -0.687372 0.515615
v 2.689013 -0.785420 0.515004
v 2.729596 -0.769522 0.509262
v 2.789553 -0.699353 0.480963
v 3.171270 -0.320681 0.357490
v 3.222815 -0.289393 0.344507
v 3.339743 -0.198034 0.292879
v 2.648511 -0.948088 0.587278
v 3.952802 0.089296 0.106665
v 2.949656 -0.743544 0.531514
v 2.671026 -0.953921 0.588407
v 2.734427 -0.929622 0.589235
v 2.809995 -0.911221 0.593534
v 3.048499 -0.649093 0.510398
v 3.006633 -0.693981 0.521294
v 3.042724 -0.662138 0.521625
v 3.005043 -0.701526 0.536293
v 2.936443 -0.768175 0.549149
v 3.116205 -0.591018 0.519200
v 3.108347 -0.594110 0.509547
v 3.140303 -0.569002 0.513815
v 3.126665 -0.587944 0.550025
v 3.085021 -0.622956 0.547748
v 2.974141 -0.731990 0.570819
v 2.937443 -0.772470 0.580519
v 3.433732 -0.426765 0.521130
v 3.373530 -0.479419 0.536575
v -0.460480 -0.797036 -0.469746
v -0.432263 -0.880407 -0.303850
v -0.443511 -0.897367 -0.281598
v -0.488444 -0.798242 -0.489291
v -0.483463 -0.750756 -0.584370
v -0.448921 -0.740294 -0.579825
v -0.431318 -0.746508 -0.557304
v -0.430242 -0.733955 -0.588147
v -0.406286 -0.740247 -0.565817
v -0.430025 -0.912156 -0.259062
v -0.374636 -0.744859 -0.558774
v -0.364518 -0.892358 -0.273563
v -0.357121 -0.735411 -0.577489
v -0.373972 -0.734508 -0.586676
v -0.352239 -0.723319 -0.606860
v -0.371451 -0.904594 -0.257588
v -0.350723 -0.903708 -0.250672
v -0.349463 -0.891219 -0.266410
v -0.333814 -0.723604 -0.583598
v -0.463474 -0.738932 -0.598479
v -0.461322 -0.923631 -0.259566
v -0.493205 -0.926722 -0.274188
v -0.505890 -0.916404 -0.297971
v -0.422249 -0.731481 -0.602016
v -0.505220 -0.755018 -0.604068
v -0.497111 -0.747570 -0.622773
v -0.368257 -0.727789 -0.620008
v -0.389491 -0.733605 -0.613325
v -0.426280 -0.932507 -0.241037
v -0.552928 -0.775181 -0.641183
v -0.587167 -0.798748 -0.628706
v -0.581865 -0.782741 -0.648863
v -0.610897 -0.787464 -0.642456
v -0.611069 -0.780570 -0.650667
v -0.470750 -0.740041 -0.626444
v -0.616328 -0.853923 -0.587957
v -0.370691 -0.730864 -0.646553
v -0.391739 -0.732940 -0.598897
v -0.636219 -0.879742 -0.560939
v -0.630158 -0.909050 -0.521508
v -0.598412 -0.780046 -0.669658
v -0.563542 -0.781108 -0.675038
v -0.517729 -0.761184 -0.655803
v -0.407198 -0.734414 -0.612992
v -0.394177 -0.744844 -0.659683
v -0.450729 -0.738629 -0.631003
v -0.420990 -0.747585 -0.643206
v -0.370734 -0.746665 -0.693651
v -0.324032 -0.726949 -0.701221
v -0.446341 -0.818608 -0.775331
v 0.029876 -0.257314 -0.326811
v -0.037172 -0.272845 -0.320472
v -0.038853 -0.231098 -0.343914
v 0.012237 -0.206514 -0.362888
v 0.048790 -0.199445 -0.363939
v -0.015180 -0.197257 -0.372987
v -0.049922 -0.204454 -0.362642
v -0.056253 -0.252670 -0.326859
v 0.059146 -0.261720 -0.316613
v 0.024402 -0.182485 -0.388492
v -0.038055 -0.183500 -0.387139
v 0.048507 -0.174655 -0.390571
v -0.064919 -0.292326 -0.304505
v 0.061058 -0.227324 -0.337373
v 0.071149 -0.181406 -0.368746
v -0.019300 -0.301359 -0.309753
v 0.026216 -0.287270 -0.312862
v 0.049333 -0.288046 -0.307845
v -0.042779 -0.314104 -0.302783
v 0.018927 -0.324564 -0.300883
v 0.043847 -0.317716 -0.298918
v -0.017273 -0.345407 -0.296487
v -0.049393 -0.339859 -0.294300
v 0.038163 -0.343615 -0.293532
v -0.069713 -0.341556 -0.287522
v 0.074269 -0.292135 -0.295901
v -0.018227 -0.432836 -0.281920
v 0.032699 -0.436530 -0.278788
v -0.039253 -0.436260 -0.279815
v 0.011873 -0.469306 -0.279069
v 0.055265 -0.431266 -0.274080
v -0.061835 -0.427765 -0.276342
v 0.067354 -0.343062 -0.283817
v 0.049928 -0.487375 -0.273198
v -0.060649 -0.457356 -0.273987
v -0.020092 -0.476218 -0.279349
v -0.052367 -0.505571 -0.277682
v -0.014210 -0.506062 -0.282338
v 0.035682 -0.500547 -0.278039
v 0.059648 -0.522831 -0.274504
v -0.076350 -0.496806 -0.270080
v -0.082243 -0.455485 -0.264883
v -0.078055 -0.259152 -0.312956
v -0.088036 -0.297841 -0.290646
v -0.075277 -0.212411 -0.345174
v -0.097012 -0.352413 -0.269984
v -0.089112 -0.419443 -0.263664
v -0.080631 -0.176320 -0.373147
v -0.075502 -0.531408 -0.276758
v -0.041326 -0.527049 -0.284473
v 0.003687 -0.529410 -0.288332
v 0.037431 -0.538144 -0.286465
v 0.078820 -0.483445 -0.259420
v 0.086676 -0.344471 -0.272010
v 0.080665 -0.263874 -0.303065
v 0.087040 -0.224377 -0.319032
v -0.063990 -0.177541 -0.383900
v 0.069965 -0.551504 -0.280472
v 0.094901 -0.251829 -0.296031
v 0.081823 -0.200142 -0.342578
v 0.000758 -0.151230 -0.436635
v -0.037714 -0.150024 -0.432477
v -0.063424 -0.149977 -0.421533
v -0.005584 -0.136885 -0.449107
v 0.036889 -0.153274 -0.426864
v 0.034537 -0.129040 -0.448684
v 0.009445 -0.114266 -0.460433
v -0.029314 -0.121352 -0.455120
v -0.017795 -0.104789 -0.462608
v 0.002270 -0.091220 -0.465527
v 0.024472 -0.094200 -0.463100
v 0.044752 -0.097244 -0.457504
v -0.046841 -0.137423 -0.441457
v 0.075065 -0.118895 -0.436111
v 0.071368 -0.100065 -0.445060
v 0.059599 -0.137185 -0.432855
v -0.058211 -0.118022 -0.448592
v -0.043282 -0.094217 -0.458034
v 0.071124 -0.083043 -0.447239
v -0.076518 -0.122002 -0.437861
v 0.082055 -0.132779 -0.420433
v -0.079108 -0.138708 -0.423328
v 0.102339 -0.101920 -0.422383
v -0.087903 -0.099953 -0.439102
v -0.074375 -0.082393 -0.446926
v 0.050106 -0.071963 -0.453872
v 0.102177 -0.118102 -0.413702
v 0.109822 -0.075324 -0.420794
v 0.005321 -0.072804 -0.461675
v 0.096813 -0.169234 -0.354273
v -0.036134 -0.072327 -0.455978
v -0.103306 -0.115740 -0.421525
v 0.088059 -0.060979 -0.435615
v -0.114076 -0.092932 -0.422231
v -0.105874 -0.068745 -0.430237
v 0.112650 -0.124299 -0.393522
v -0.104900 -0.245425 -0.296704
v -0.096884 -0.226421 -0.316131
v -0.103372 -0.191980 -0.333777
v -0.111110 -0.289726 -0.274242
v -0.091111 -0.058506 -0.435259
v -0.111168 -0.164369 -0.349988
v -0.106852 -0.136235 -0.396478
v -0.113574 -0.464726 -0.237870
v -0.132828 -0.094344 -0.401965
v -0.123015 -0.115789 -0.398467
v -0.129777 -0.072169 -0.410601
v -0.120844 -0.362019 -0.243639
v -0.085321 -0.533405 -0.271534
v -0.108108 -0.502402 -0.244686
v -0.130450 -0.177491 -0.302368
v -0.057803 -0.547971 -0.290836
v -0.134583 -0.150325 -0.324599
v -0.135211 -0.119322 -0.372881
v -0.088760 -0.559842 -0.280067
v -0.112355 -0.532088 -0.246890
v -0.024311 -0.543311 -0.295359
v -0.127545 -0.497979 -0.222578
v 0.015422 -0.549715 -0.298936
v 0.062271 -0.566975 -0.299742
v 0.187074 -2.046477 -0.491690
v 0.167010 -2.083218 -0.615119
v 0.225079 -2.049266 -0.580980
v 0.208516 -2.077020 -0.687909
v 0.092110 -2.004759 -0.218848
v 0.065872 -2.008484 -0.177863
v 0.124578 -1.984867 -0.212367
v 0.229248 -2.029564 -0.512669
v 0.139570 -2.097166 -0.655567
v 0.017705 -2.022925 -0.188651
v 0.057858 -2.081965 -0.480881
v 0.094005 -1.991920 -0.147328
v 0.106594 -2.104599 -0.663879
v 0.184460 -2.091839 -0.766970
v 0.154830 -2.099987 -0.750420
v 0.052581 -2.008818 -0.108676
v 0.076050 -1.999750 -0.123003
v 0.134171 -1.971063 -0.175041
v 0.124382 -1.976055 -0.088227
v 0.212430 -2.080047 -0.859520
v 0.084419 -1.998927 -0.075451
v 0.241373 -2.067049 -0.853763
v 0.252712 -2.060361 -0.781200
v 0.203835 -2.079635 -0.904069
v 0.114760 -1.979860 -0.119231
v 0.264787 -2.045780 -0.697337
v 0.056407 -2.012304 -0.052512
v 0.016117 -2.017899 -0.075285
v 0.261667 -2.050772 -0.945849
v 0.171247 -1.943705 -0.171749
v 0.220842 -2.065608 -0.971201
v 0.260493 -2.044559 -1.000397
v 0.305302 -2.012272 -0.685289
v 0.177654 -1.936398 -0.128180
v 0.288359 -1.985264 -0.518657
v 0.150623 -1.962774 -0.068135
v 0.286728 -2.020642 -1.061339
v 0.296231 -2.019119 -1.034760
v 0.203257 -1.915635 -0.170528
v 0.207708 -1.910023 -0.127842
v 0.208282 -1.927095 -0.237164
v 0.363977 -1.948635 -0.657766
v 0.462121 -1.893604 -1.154924
v 0.387466 -1.927936 -0.684199
v 0.186093 -1.935401 -0.074125
v 0.307605 -1.922736 -0.416704
v 0.476514 -1.881715 -1.138983
v 0.479999 -1.875344 -1.184498
v 0.243586 -1.891354 -0.242146
v 0.097125 -2.002730 -0.024719
v 0.254370 -1.867973 -0.214811
v 0.361711 -1.889371 -0.484944
v 0.407058 -1.855166 -0.546074
v 0.385957 -1.933466 -1.122054
v 0.224778 -1.897043 -0.081334
v 0.407653 -1.912688 -1.158082
v 0.275958 -1.858670 -0.261793
v 0.263021 -1.846513 -0.176296
v 0.364896 -1.874091 -0.460729
v 0.337456 -1.888389 -0.421195
v 0.474203 -1.874409 -1.207720
v 0.484810 -1.852963 -0.971555
v 0.139837 -1.983061 -0.014979
v 0.331740 -1.965024 -1.179931
v 0.438628 -1.904446 -1.156138
v 0.388792 -1.914732 -1.193720
v 0.290067 -2.003174 -1.129760
v 0.493487 -1.852030 -1.230824
v 0.250484 -1.863108 -0.094933
v 0.184047 -1.954483 -0.008282
v 0.254497 -1.879639 -0.000336
v 0.404264 -1.883839 -1.250251
v 0.485271 -1.855595 -1.239661
v 0.410816 -1.892557 -1.215807
v 0.251526 -1.902558 0.046248
v 0.350360 -1.928871 -1.247173
v 0.064378 -2.020467 -0.004034
v 0.124194 -2.001700 0.014894
v 0.320673 -1.959270 -1.215023
v 0.092551 -2.019928 0.024788
v 0.452875 -1.884221 -1.205827
v 0.424234 -1.845815 -1.300683
v 0.430841 -1.866532 -1.253588
v 0.512447 -1.797220 -1.315425
v 0.199614 -1.986025 0.100167
v 0.428833 -1.884427 -1.215341
v 0.232361 -1.963915 0.120601
v 0.258356 -1.948287 0.150797
v 0.375469 -1.878991 -1.317900
v 0.127985 -2.025096 0.076791
v 0.496298 -1.810216 -1.315108
v 0.165047 -2.022020 0.115974
v 0.030216 -2.031531 0.009164
v 0.431633 -1.811104 -1.352630
v 0.461857 -1.861555 -1.247479
v 0.514925 -1.761683 -1.370846
v 0.454986 -1.820028 -1.316217
v 0.497595 -1.773222 -1.369785
v 0.481827 -1.808680 -1.327432
v 0.257057 -2.016425 0.236870
v 0.457304 -1.785523 -1.366184
v 2.839793 -0.121590 0.214670
v -0.108035 -2.419316 1.479545
v -0.071510 -2.422581 1.487549
v -0.123422 -2.536274 1.383534
v -0.091452 -2.536068 1.396225
v -0.167860 -2.424025 1.451195
v -0.148469 -2.410156 1.468821
v -0.054729 -2.527397 1.412298
v -0.214163 -2.404559 1.437614
v -0.156745 -2.535465 1.362233
v -0.254158 -2.408792 1.404485
v -0.251998 -2.390231 1.419493
v -0.148862 -2.571921 1.324032
v -0.111291 -2.571429 1.348887
v -0.135319 -2.586740 1.323263
v -0.091207 -2.588437 1.345223
v -0.064887 -2.581098 1.356692
v -0.185166 -2.557449 1.302649
v -0.038599 -2.590876 1.354765
v -0.041467 -2.571824 1.368277
v -0.097643 -2.401929 1.491347
v -0.209849 -2.389440 1.446130
v -0.141802 -2.394369 1.477311
v -0.007118 -2.519426 1.422857
v -0.047970 -2.407286 1.499682
v -0.002333 -2.575042 1.366929
v -0.006983 -2.600450 1.352082
v -0.018722 -2.402262 1.504508
v 0.013426 -2.425878 1.491010
v 0.025747 -2.530139 1.411395
v 0.031979 -2.582318 1.358175
v -0.050280 -2.613716 1.345273
v -0.060850 -2.387490 1.503246
v -0.102830 -2.387505 1.493272
v -0.115815 -2.596979 1.330410
v -0.079976 -2.617759 1.338907
v -0.016719 -2.624448 1.345888
v -0.136082 -2.616142 1.313263
v 0.054494 -2.444170 1.473369
v 0.038866 -2.603414 1.347169
v 0.043774 -2.409997 1.496469
v 0.055602 -2.538651 1.398675
v 0.074196 -2.578545 1.350434
v 0.036334 -2.396223 1.502209
v -0.110555 -2.626666 1.327219
v -0.222834 -2.374477 1.440964
v 0.074716 -2.519314 1.410482
v 0.086105 -2.413436 1.484605
v 0.089464 -2.432234 1.472239
v 0.067153 -2.600291 1.341409
v 0.102645 -2.542787 1.376685
v -0.006201 -2.384051 1.507449
v 0.034882 -2.626128 1.343236
v 0.125084 -2.410521 1.471363
v -0.137779 -2.377568 1.479547
v 0.094827 -2.390866 1.488694
v -0.158768 -2.640185 1.293675
v 0.126845 -2.524750 1.379840
v 0.177500 -2.418286 1.439787
v 0.106593 -2.569432 1.342928
v 0.110442 -2.583554 1.328119
v 0.036091 -2.380610 1.503399
v 0.192487 -2.432867 1.418145
v 0.178838 -2.399520 1.449524
v 0.071974 -2.380610 1.495819
v 0.141702 -2.394369 1.469569
v 0.085651 -2.619724 1.329769
v 0.057740 -2.627840 1.338781
v -0.082376 -2.376648 1.497514
v 0.218269 -2.401564 1.422538
v 0.224914 -2.420172 1.403412
v 0.183602 -2.385872 1.450239
v 0.145963 -2.529379 1.360235
v 0.143859 -2.566991 1.314884
v 0.132427 -2.592937 1.307047
v 0.225631 -2.380278 1.426104
v 0.122408 -2.378122 1.478516
v -0.030386 -2.372242 1.503613
v 0.254239 -2.402547 1.389621
v 0.256151 -2.385699 1.398415
v -0.210022 -2.367771 1.445879
v 0.263822 -2.373969 1.393453
v 0.197154 -2.375824 1.442765
v 0.240791 -2.365997 1.413801
v -0.059211 -3.167103 1.545688
v -0.059177 -2.715917 1.360476
v -0.035246 -2.669223 1.349311
v -0.080043 -2.677814 1.344637
v -0.089905 -2.743671 1.362061
v -0.039066 -3.674542 1.769523
v -0.014476 -3.659215 1.766889
v -0.056203 -3.568902 1.721262
v -0.058674 -3.655283 1.755457
v -0.008516 -3.713801 1.783004
v -0.036136 -3.716925 1.781708
v 0.003721 -3.621556 1.750238
v 0.010876 -2.740327 1.371841
v 0.012160 -2.675278 1.351212
v 0.040670 -2.725253 1.363851
v 0.011040 -3.685699 1.773265
v 0.049381 -2.681364 1.348111
v -0.007683 -2.638776 1.345725
v 0.029545 -2.648792 1.345039
v -0.047525 -2.646130 1.344719
v -0.088800 -2.651566 1.336939
v 0.058725 -2.653262 1.340375
v 0.083056 -2.729136 1.350974
v 0.016831 -3.738877 1.781567
v -0.013401 -3.755313 1.785140
v -0.065322 -3.704371 1.767830
v -0.068652 -3.622315 1.737520
v 0.037784 -3.688585 1.762551
v 0.086792 -2.671505 1.332995
v 0.076212 -2.642358 1.333431
v -0.115122 -2.699892 1.335718
v -0.109604 -2.779872 1.365434
v -0.121750 -2.654704 1.322813
v -0.050371 -3.743727 1.779187
v 0.015764 -3.770085 1.778871
v -0.078741 -3.649197 1.740008
v 0.050404 -3.714848 1.759748
v 0.111130 -2.686627 1.321223
v 0.104344 -2.626999 1.319430
v 0.105597 -2.756208 1.344463
v -0.028287 -3.780197 1.777617
v 0.057823 -3.684843 1.745235
v -0.047899 -3.781624 1.772242
v 0.036161 -3.768896 1.768936
v 0.057203 -3.747198 1.755234
v -0.089542 -3.495373 1.666800
v -0.075498 -3.714895 1.761796
v -0.071558 -3.765837 1.764073
v 0.124919 -2.663231 1.306489
v 0.126600 -2.737251 1.319937
v 0.133819 -2.628393 1.298278
v -0.264045 -2.788463 1.047585
v -0.259157 -2.747190 1.041762
v -0.276853 -2.702239 0.990571
v -0.240829 -2.679114 1.041407
v -0.201475 -2.876858 1.155730
v -0.281608 -2.681047 0.979276
v -0.270810 -2.766638 1.027537
v -0.233726 -2.951416 1.135012
v -0.206430 -2.823222 1.136619
v -0.231324 -2.690256 1.063173
v -0.250977 -2.643182 1.029083
v -0.237353 -2.668272 1.048959
v -0.293258 -2.628093 0.972280
v -0.298562 -2.591399 0.964282
v -0.311926 -2.616712 0.938864
v -0.320430 -2.592620 0.918233
v -0.243496 -2.642849 1.046385
v -0.330503 -2.578118 0.883018
v -0.285616 -2.689765 0.965473
v -0.332829 -2.564899 0.860151
v -0.184061 -3.119396 1.242763
v -0.153672 -3.329820 1.371902
v -0.149051 -3.384424 1.394215
v -0.127318 -3.409641 1.446293
v -0.169914 -3.256259 1.315378
v -0.159766 -3.111422 1.282499
v -0.135461 -3.508892 1.454589
v -0.135331 -3.555334 1.478177
v -0.109115 -3.649308 1.563839
v -0.189049 -3.127415 1.231609
v -0.195335 -3.092862 1.213581
v -0.136891 -3.550183 1.467089
v -0.135685 -3.563861 1.460277
v -0.144755 -3.607893 1.476834
v -0.150174 -3.613391 1.487975
v -0.147085 -3.643460 1.489701
v -0.127706 -3.553416 1.447743
v -0.157513 -3.666759 1.511359
v -0.159681 -3.660515 1.524188
v -0.161071 -3.698744 1.538836
v -0.148481 -3.603502 1.492622
v -0.158022 -3.682514 1.542497
v -0.155574 -3.731332 1.562481
v -0.143627 -3.605229 1.503877
v -0.151173 -3.653603 1.532489
v -0.121906 -3.622759 1.533629
v -0.130316 -3.578839 1.500740
v -0.147090 -3.730032 1.575896
v -0.105321 -3.745915 1.611834
v -0.131491 -3.767073 1.603442
v -0.117295 -3.791372 1.627426
v -0.122807 -3.801626 1.624450
v -0.101460 -3.789628 1.648410
v -0.100136 -3.748418 1.624017
v -0.098798 -3.773382 1.651916
v -0.105274 -3.766264 1.676822
v -0.099749 -3.770735 1.725971
v -0.085855 -3.797157 1.735856
v -0.084272 -3.825624 1.709353
v -0.107971 -3.840666 1.651545
v -0.085640 -3.758055 1.752554
v -0.112136 -3.836148 1.640895
v -0.107783 -3.755266 1.703626
v -0.144435 -3.762223 1.576098
v -0.105292 -3.718652 1.720245
v -0.113336 -3.709760 1.693052
v -0.119303 -3.606132 1.663177
v -0.129351 -3.517325 1.590102
v -0.127428 -3.475228 1.579655
v -0.129887 -3.372297 1.521426
v -0.122226 -3.376292 1.555025
v -0.137254 -3.276087 1.467730
v -0.129702 -3.538850 1.581720
v -0.206934 -2.727679 1.216313
v -0.219916 -2.656401 1.188840
v -0.116633 -3.534300 1.643408
v -0.231718 -2.651694 1.140395
v -0.203013 -2.631293 1.234081
v -0.109116 -3.439201 1.613603
v -0.239834 -2.621404 1.121254
v -0.096946 -3.676348 1.727915
v -0.107093 -3.585480 1.682844
v -0.128977 -3.425966 1.502740
v -0.192179 -2.909002 1.185933
v -0.134313 -3.308945 1.404985
v -0.105254 -3.675381 1.588832
v -0.091321 -3.724405 1.746310
v -0.182406 -2.667560 1.265901
v -0.137511 -2.951069 1.399153
v -0.179547 -2.624622 1.271821
v -0.089770 -3.644679 1.727320
v -0.156594 -2.688038 1.299626
v -0.067041 -3.803846 1.748103
v -0.278286 -2.713572 0.952226
v -0.270482 -2.710337 0.901277
v -0.268695 -2.791078 1.025684
v -0.252231 -2.741578 0.906811
v -0.222899 -2.991834 1.124695
v -0.250711 -2.879473 1.080709
v -0.231499 -2.970421 1.126572
v -0.195617 -3.080023 1.174666
v -0.198979 -3.084002 1.196166
v -0.190427 -3.121393 1.212462
v -0.161380 -3.269860 1.287868
v -0.166272 -3.276278 1.303748
v -0.147971 -3.391857 1.371267
v -0.177560 -3.216444 1.279983
v -0.154004 -3.366623 1.370973
v -0.139258 -3.463404 1.413442
v -0.141244 -3.459662 1.423217
v -0.134730 -3.527897 1.447983
v -0.276961 -2.720070 0.990531
v -0.330599 -2.583792 0.867123
v -0.324983 -2.594523 0.839282
v -0.331227 -2.569621 0.830885
v -0.316631 -2.594870 0.803925
v -0.324313 -2.570574 0.803579
v -0.322308 -2.601861 0.905788
v -0.326557 -2.554485 0.804089
v -0.331325 -2.553440 0.839108
v -0.307465 -2.591431 0.777587
v -0.297254 -2.621515 0.789948
v -0.307985 -2.544499 0.760042
v -0.302253 -2.562744 0.753039
v -0.126455 -3.502459 1.419405
v -0.316894 -2.512943 0.792912
v -0.302816 -2.497045 0.753142
v -0.322293 -2.518570 0.862858
v -0.322488 -2.525400 0.818149
v -0.293723 -2.585995 0.748996
v -0.287425 -2.610230 0.757078
v 0.014445 -0.538555 -0.545343
v -0.008787 -0.539015 -0.559614
v -0.004925 -0.545418 -0.517144
v 0.060423 -0.524322 -0.582548
v 0.078329 -0.526652 -0.568918
v 0.028494 -0.568052 -0.410879
v -0.002358 -0.567846 -0.418200
v -0.046762 -0.572505 -0.391006
v 0.051610 -0.572158 -0.399491
v -0.058082 -0.523578 -0.573135
v -0.086248 -0.521563 -0.578425
v 0.054480 -0.579385 -0.345555
v 0.070361 -0.521643 -0.603335
v 0.093040 -0.520534 -0.598873
v 0.113181 -0.528743 -0.575617
v -0.037157 -0.575581 -0.363641
v -0.078022 -0.518901 -0.603590
v -0.040847 -0.526763 -0.580351
v -0.109867 -0.519678 -0.601257
v 0.122157 -0.523561 -0.607419
v 0.080842 -0.577688 -0.406710
v -0.081716 -0.575549 -0.408528
v -0.059471 -0.579273 -0.360815
v 0.028228 -0.574582 -0.346866
v -0.145508 -0.529854 -0.594867
v 0.079353 -0.587024 -0.359529
v 0.150817 -0.534482 -0.591004
v -0.013463 -0.573235 -0.341869
v 0.152411 -0.531043 -0.610387
v -0.138294 -0.525495 -0.610759
v -0.002304 -0.541235 -0.574621
v 0.104384 -0.522928 -0.617051
v -0.167442 -0.534862 -0.610891
v -0.101464 -0.587120 -0.391509
v -0.080793 -0.586074 -0.357652
v -0.176437 -0.542280 -0.589943
v -0.057142 -0.575820 -0.328224
v 0.056918 -0.578640 -0.330655
v -0.124718 -0.524766 -0.620201
v 0.047746 -0.528190 -0.601436
v 0.148395 -0.532167 -0.623634
v 0.033357 -0.569131 -0.321371
v -0.083343 -0.523086 -0.619072
v -0.154748 -0.534323 -0.628593
v -0.049815 -0.528634 -0.606606
v -0.194619 -0.550427 -0.633050
v 0.011918 -0.565928 -0.321075
v -0.025839 -0.566499 -0.320982
v 0.187082 -0.548794 -0.633592
v 0.082398 -0.530043 -0.628010
v -0.143337 -0.539426 -0.644764
v 0.112630 -0.530852 -0.631584
v 0.057375 -0.532596 -0.618479
v -0.111385 -0.535544 -0.642037
v -0.180625 -0.553375 -0.650025
v -0.078924 -0.575708 -0.304389
v 0.001139 -0.545703 -0.588870
v -0.049526 -0.562552 -0.307402
v -0.017016 -0.558225 -0.309704
v -0.219812 -0.572982 -0.649047
v -0.597226 -2.132368 1.146805
v -0.599786 -2.153385 1.109113
v -0.572769 -2.142734 1.144241
v -0.625212 -2.133383 1.124399
v -0.620542 -2.112143 1.155994
v -0.595908 -2.109164 1.174543
v -0.569108 -2.114743 1.178913
v -0.495156 -2.161770 1.135655
v -0.579509 -2.165067 1.095437
v -0.539213 -2.115393 1.182893
v -0.484272 -2.145761 1.154068
v -0.583238 -2.091951 1.193987
v -0.560131 -2.083803 1.205501
v -0.618363 -2.093742 1.175277
v -0.530270 -2.102031 1.193592
v -0.631415 -2.145952 1.089948
v -0.612670 -2.159471 1.074782
v -0.647296 -2.133462 1.095304
v -0.518149 -2.187890 1.067060
v -0.581341 -2.170566 1.072556
v -0.649860 -2.102570 1.138771
v -0.660495 -2.115456 1.106138
v -0.611896 -2.066575 1.196416
v -0.641045 -2.077765 1.169051
v -0.580478 -2.062311 1.212914
v -0.632827 -2.151325 1.058565
v -0.525488 -2.188270 1.043413
v -0.593587 -2.168807 1.047056
v -0.661795 -2.127788 1.069742
v -0.670065 -2.113141 1.086212
v -0.667958 -2.093536 1.123110
v -0.650997 -2.138834 1.048015
v -0.626041 -2.154209 1.036048
v -0.535016 -2.069523 1.214217
v -0.562397 -2.057666 1.218595
v -0.466372 -2.118373 1.170970
v -0.511082 -2.089224 1.199589
v -0.526787 -2.184816 1.012228
v -0.506969 -2.073247 1.205978
v -0.533821 -2.051153 1.219386
v -0.558513 -2.034605 1.224395
v -0.464137 -2.083344 1.183313
v 0.487602 -1.104717 -0.182358
v 0.460821 -1.079056 -0.128827
v 0.396385 -1.041603 -0.100555
v 0.493038 -1.094272 -0.139667
v 0.514240 -1.101103 -0.144985
v 0.508886 -1.113547 -0.192946
v 0.524833 -1.110773 -0.175815
v 1.631212 0.059276 -0.576874
v 1.868830 0.122231 -0.532596
v 1.582080 0.040081 -0.585903
v 1.722941 0.068294 -0.578055
v 1.644394 0.050811 -0.588838
v 1.873330 0.108156 -0.548774
v 1.809751 0.073445 -0.583662
v 1.592810 0.031189 -0.596878
v 1.921146 0.126939 -0.534339
v 1.944597 0.150730 -0.519322
v 1.713195 0.054567 -0.588651
v 1.765929 0.042331 -0.604093
v 1.631622 0.036134 -0.598184
v 1.798053 0.050305 -0.600179
v 1.887721 0.094890 -0.557364
v 1.541769 0.027907 -0.580190
v 1.973232 0.149827 -0.518702
v 1.473558 -0.012811 -0.588836
v 1.440686 -0.027377 -0.580680
v 2.344846 0.430244 -0.472473
v 2.258366 0.381267 -0.479093
v 2.278267 0.373993 -0.494432
v 2.376551 0.434254 -0.479854
v 2.097748 0.262615 -0.486607
v 2.026046 0.227397 -0.484391
v 2.358592 0.401746 -0.499318
v 1.964537 0.181479 -0.499338
v 2.244837 0.329534 -0.508527
v 2.291242 0.341088 -0.517532
v 1.992920 0.184806 -0.503963
v 2.393717 0.424000 -0.490379
v 2.076344 0.224733 -0.497032
v 2.273245 0.321942 -0.518966
v 1.409195 -0.056208 -0.593845
v 1.447179 -0.041911 -0.603312
v 1.500725 -0.006281 -0.597184
v 1.546067 0.016861 -0.595761
v 1.562307 0.006367 -0.607384
v 0.764319 -0.642151 -0.679725
v 1.602870 0.006764 -0.610093
v 0.756471 -0.663976 -0.690205
v 1.242629 -0.177541 -0.595610
v 0.896085 -0.489325 -0.641102
v 1.132460 -0.269042 -0.602249
v 1.037458 -0.352507 -0.611736
v 0.861108 -0.521484 -0.638304
v 0.683114 -0.726837 -0.682941
v 0.698802 -0.722098 -0.694158
v 0.694518 -0.747315 -0.708329
v 0.671290 -0.780078 -0.719708
v 0.660166 -0.772390 -0.711493
v 0.663223 -0.751121 -0.693643
v 0.632939 -0.785229 -0.710902
v 0.634912 -0.804345 -0.730498
v 0.627513 -0.780870 -0.701256
v 0.768377 -0.623797 -0.657324
v 0.653346 -0.752498 -0.680541
v 1.297814 -0.129767 -0.582027
v 1.608382 -0.033892 -0.618717
v 1.668017 0.012041 -0.606745
v 1.538628 -0.027077 -0.616635
v 0.758568 -0.753386 -0.715639
v 0.691121 -0.775323 -0.719735
v 0.747079 -0.787780 -0.727421
v 0.720343 -0.798924 -0.729323
v 1.700810 0.033075 -0.599669
v 1.725951 0.006161 -0.615644
v 1.729500 -0.023589 -0.623689
v 1.775863 0.029556 -0.610501
v 1.783667 0.010252 -0.614182
v 1.577753 -0.099479 -0.640132
v 0.710956 -0.858282 -0.757991
v 0.715179 -0.836647 -0.749529
v 0.718099 -0.925851 -0.776303
v 0.682962 -0.865288 -0.761887
v 0.692810 -0.920698 -0.779105
v 1.811023 0.035642 -0.603895
v 0.708807 -0.960466 -0.782705
v 0.643791 -0.830433 -0.748848
v 1.772947 -0.016076 -0.618347
v 0.651785 -0.928290 -0.794097
v 1.689162 -0.115583 -0.633500
v 0.645671 -0.883816 -0.777778
v 0.742478 -0.961892 -0.774567
v 1.825580 0.019032 -0.602798
v 0.665681 -0.959754 -0.794920
v 1.920101 0.090832 -0.550302
v 1.987700 0.134562 -0.519517
v 2.019336 0.160430 -0.510218
v 1.996236 0.171223 -0.510023
v 2.068995 0.192083 -0.503266
v 2.094634 0.196710 -0.501616
v 2.150350 0.251299 -0.501978
v 2.161199 0.237175 -0.502396
v 2.035338 0.151348 -0.508210
v 0.706844 -1.009507 -0.783033
v 2.298047 0.318645 -0.521680
v 2.315746 0.334906 -0.521905
v 1.865499 0.035848 -0.585850
v 1.990612 0.118110 -0.520029
v 2.017623 0.131964 -0.510497
v 0.737458 -0.997539 -0.772518
v 1.837126 0.002563 -0.598177
v 2.181496 0.217332 -0.497942
v 2.265002 0.261379 -0.507420
v 2.268937 0.242564 -0.505523
v 2.139433 0.188120 -0.494003
v 2.107278 0.162427 -0.492248
v 0.693786 -1.043298 -0.786028
v 1.942085 0.083399 -0.541122
v 0.627523 -0.977917 -0.816369
v 0.612290 -1.082051 -0.826427
v 1.889815 0.039319 -0.572296
v 1.738063 -0.104566 -0.618673
v 1.868543 0.014197 -0.583714
v 0.628422 -0.862609 -0.772406
v 0.586196 -0.990724 -0.841805
v 0.574785 -0.964113 -0.840410
v 0.605150 -0.910380 -0.812484
v 0.564518 -0.937770 -0.833326
v 0.602840 -0.890775 -0.804669
v 0.548482 -0.915912 -0.825312
v 0.531959 -0.907670 -0.824640
v 0.559520 -0.957297 -0.845004
v 1.708020 -0.165129 -0.614625
v 0.718962 -1.038418 -0.773415
v 0.600926 -1.024912 -0.836596
v 0.588444 -1.148797 -0.833974
v 1.102462 -0.698323 -0.695405
v 0.593693 -1.097046 -0.837912
v -0.008273 -2.347881 1.483010
v 0.043974 -2.351208 1.479974
v 0.004182 -2.369721 1.501883
v 0.088126 -2.368009 1.485461
v 0.108653 -2.354473 1.467989
v -0.060443 -2.367059 1.496283
v -0.046240 -2.347769 1.480848
v -0.126319 -2.345328 1.463363
v 0.123974 -2.345060 1.459289
v 0.140160 -2.362985 1.462995
v 0.212866 -2.350290 1.422557
v -0.169127 -2.345154 1.448644
v 0.243560 -2.343584 1.400791
v 0.214022 -2.337910 1.418523
v 0.590180 -2.150073 1.112101
v 0.594445 -2.129895 1.143812
v 0.562905 -2.158664 1.115199
v 0.576195 -2.123904 1.163953
v 0.547253 -2.139184 1.156130
v 0.557531 -2.116597 1.180475
v 0.491970 -2.163276 1.136677
v 0.489029 -2.183643 1.100119
v 0.478363 -2.155541 1.151757
v 0.469035 -2.173515 1.134963
v 0.450449 -2.161691 1.160133
v 0.587501 -2.102443 1.180188
v 0.549428 -2.098607 1.199770
v 0.612319 -2.107546 1.156548
v 0.616051 -2.133493 1.114546
v 0.576207 -2.162182 1.091072
v 0.631126 -2.109861 1.133221
v 0.468302 -2.138422 1.169310
v 0.512097 -2.103393 1.200353
v 0.572638 -2.070743 1.210497
v 0.598967 -2.082900 1.188886
v 0.464542 -2.190949 1.117202
v 0.541703 -2.077606 1.215277
v 0.624209 -2.077132 1.173063
v 0.483585 -2.195847 1.070264
v 0.507624 -2.186258 1.068450
v 0.554608 -2.173260 1.072307
v 0.617900 -2.143749 1.080833
v 0.450047 -2.180663 1.149523
v 0.637880 -2.122241 1.098897
v 0.588712 -2.161389 1.063570
v 0.640112 -2.083771 1.149690
v 0.650164 -2.099099 1.115914
v 0.585033 -2.057937 1.210696
v 0.508463 -2.188113 1.042133
v 0.483982 -2.200665 1.034590
v 0.630252 -2.136378 1.064615
v 0.611879 -2.148582 1.043788
v 0.570175 -2.167127 1.035326
v 0.518153 -2.182628 1.019454
v 0.648450 -2.117438 1.065665
v 0.464374 -2.215533 1.065060
v 0.452804 -2.207195 1.119178
v 0.441893 -2.201965 1.151162
v 0.657263 -2.102887 1.081646
v 0.458421 -2.229149 1.050217
v 0.603024 -2.150152 1.022942
v 0.631265 -2.132574 1.038073
v 0.490110 -2.190158 0.995583
v 0.472812 -2.209653 1.002556
v 0.665167 -2.080935 1.101774
v 0.445972 -2.245268 1.072147
v 0.582156 -2.152561 1.003036
v 0.648977 -2.112570 1.042457
v 0.456375 -2.241670 1.023126
v 0.613881 -2.135427 1.008114
v 0.483782 -2.187907 0.973833
v 0.504880 -2.173230 0.974785
v 0.478012 -2.188081 0.948421
v 0.529556 -2.157364 0.968852
v 0.636237 -2.117865 1.017416
v 0.468984 -2.212380 0.950046
v 0.666488 -2.083977 1.065386
v 0.671432 -2.067352 1.093060
v 0.517375 -2.071170 1.219852
v 0.460434 -2.116741 1.182075
v 0.500171 -2.091650 1.206843
v -1.956106 0.191195 -0.483050
v -1.951470 0.184506 -0.496644
v -1.898244 0.151521 -0.502980
v -2.169869 0.354021 -0.446073
v -1.887941 0.144532 -0.489231
v -2.053857 0.268653 -0.418704
v -1.964011 0.196583 -0.464759
v -1.925705 0.164202 -0.469500
v -2.214070 0.377496 -0.441093
v -1.848518 0.124387 -0.503809
v -1.862750 0.129728 -0.523648
v -1.810694 0.108838 -0.515067
v -1.813136 0.107792 -0.539913
v -2.000284 0.215682 -0.400467
v -2.102923 0.301511 -0.414128
v -1.786239 0.002579 -0.429448
v -1.864587 0.124069 -0.483276
v -2.062018 0.265674 -0.399923
v -1.718699 -0.076180 -0.415319
v -1.564583 -0.225248 -0.400030
v -1.549426 -0.245093 -0.382064
v -1.515179 -0.269692 -0.392842
v -1.635222 -0.155319 -0.409371
v -1.601962 -0.216103 -0.321294
v -1.560891 -0.269628 -0.281734
v -1.517845 -0.293499 -0.291785
v -1.519039 -0.272371 -0.344015
v -1.494573 -0.289378 -0.380104
v -1.427158 -0.336944 -0.386671
v -1.461895 -0.305988 -0.398887
v -1.384554 -0.359816 -0.399263
v -1.520686 -0.253826 -0.408845
v -1.100121 -0.573632 -0.252390
v -0.905722 -0.708736 -0.255353
v -0.863917 -0.757127 -0.233792
v -0.854706 -0.755321 -0.249640
v -1.241330 -0.448796 -0.401354
v -0.817103 -0.801951 -0.235698
v -2.180684 0.351707 -0.422743
v -0.855505 -0.748188 -0.270240
v -0.809881 -0.798242 -0.259439
v -1.218947 -0.473601 -0.384710
v -1.148602 -0.513480 -0.400924
v -1.122637 -0.541567 -0.384601
v -1.059202 -0.586962 -0.394243
v -1.058999 -0.592983 -0.378292
v -1.316419 -0.407793 -0.326843
v -0.921025 -0.689590 -0.282353
v -2.124291 0.308309 -0.403483
v -1.180145 -0.502068 -0.372242
v -1.128381 -0.539268 -0.364714
v -1.001081 -0.642404 -0.373576
v -0.891878 -0.734272 -0.393569
v -0.881884 -0.753101 -0.358583
v -0.821078 -0.817326 -0.361068
v -0.746595 -0.880201 -0.243335
v -0.882370 -0.722399 -0.289596
v -0.732471 -0.915406 -0.353522
v -0.736508 -0.898794 -0.225804
v -0.676874 -0.964524 -0.203823
v -0.658538 -0.974399 -0.216999
v -0.616876 -1.017210 -0.180211
v -0.614959 -1.015102 -0.191724
v -0.554669 -1.088218 -0.145259
v -0.553143 -1.087363 -0.152319
v -0.540571 -1.097632 -0.148961
v -0.774999 -0.867364 -0.213863
v -1.804736 0.101309 -0.504164
v -0.648441 -0.969660 -0.447744
v -0.834371 -0.768443 -0.288449
v -0.753753 -0.861120 -0.292074
v -1.041219 -0.607502 -0.358984
v -0.548936 -1.100296 -0.135898
v -0.837853 -0.672662 -0.573576
v -1.055175 -0.574646 -0.414569
v -0.901253 -0.735175 -0.222007
v -0.619278 -1.029430 -0.161551
v -1.865487 0.040714 -0.339086
v -0.664459 -0.910301 -0.495640
v -0.662767 -0.882151 -0.534847
v -0.670377 -0.848946 -0.565981
v -0.649895 -0.864717 -0.569411
v -2.099293 0.281634 -0.389007
v -0.733108 -0.934457 -0.188990
v -1.296493 -0.264288 -0.514542
v -0.649875 -0.904579 -0.515387
v -1.326051 -0.391230 -0.406770
v -0.650874 -0.998015 -0.404078
v -0.673329 -0.984114 -0.386072
v -0.647741 -1.019714 -0.360498
v -0.626899 -1.042871 -0.340450
v -0.646157 -1.025326 -0.337698
v -0.695395 -0.964254 -0.356347
v -0.604313 -1.068453 -0.295574
v -0.564946 -1.097743 -0.239595
v -0.660968 -0.824473 -0.588520
v -1.505447 -0.337911 -0.242537
v -1.742527 0.082828 -0.519451
v -1.753758 0.092132 -0.530629
v -0.670354 -0.981991 -0.186620
v -2.055206 0.247002 -0.384415
v -0.636824 -0.949435 -0.477756
v -0.709514 -0.959198 -0.185577
v -0.590940 -1.077978 -0.261877
v -1.558396 -0.215088 -0.415343
v -0.653749 -0.978947 -0.245725
v -0.971958 -0.666274 -0.356286
v -1.620503 0.061161 -0.563065
v -0.801933 -0.689717 -0.590783
v -0.642223 -0.816849 -0.609374
v -1.225709 -0.531882 -0.204163
v -1.584719 0.048908 -0.570144
v -1.521681 0.019776 -0.567976
v -1.518248 0.011805 -0.554358
v -1.576235 0.036071 -0.546512
v -1.463154 -0.014697 -0.567650
v -1.467085 -0.017074 -0.556199
v -1.390516 -0.069316 -0.558264
v -1.403360 -0.053911 -0.571588
v -1.313461 -0.124743 -0.566143
v -1.313483 -0.133429 -0.553339
v -1.241190 -0.187239 -0.563092
v -1.129530 -0.279455 -0.575955
v -1.098031 -0.299585 -0.599475
v -0.975303 -0.418382 -0.608610
v -1.424665 -0.050597 -0.550245
v -1.275008 -0.151277 -0.582981
v -0.989845 -0.400454 -0.620606
v -1.479505 -0.002017 -0.578310
v -1.487020 -0.012479 -0.546280
v -1.078302 -0.326911 -0.581905
v -1.017579 -0.390659 -0.585715
v -0.902611 -0.492908 -0.613854
v -0.824902 -0.566087 -0.640182
v -0.819090 -0.580747 -0.625365
v -0.775151 -0.623211 -0.644997
v -0.680573 -0.730102 -0.657164
v -1.235773 -0.353015 -0.480139
v -0.667156 -0.781885 -0.624766
v -2.008748 0.194110 -0.368503
v -2.095894 0.264421 -0.376949
v -1.782361 0.087219 -0.502408
v -0.681631 -0.725046 -0.672475
v -0.665153 -0.742229 -0.682031
v -0.725975 -0.702777 -0.630913
v -0.663216 -0.746983 -0.657476
v -0.675100 -0.749059 -0.642942
v -0.645767 -0.760836 -0.656382
v -0.636890 -0.762737 -0.676322
v -0.659858 -0.760851 -0.644609
v -0.635956 -0.779223 -0.641953
v -0.643375 -0.841671 -0.587449
v -1.217250 -0.441316 -0.423742
v -1.663465 0.044423 -0.519453
v -1.316955 -0.118072 -0.588664
v -1.248570 -0.196260 -0.550484
v -1.203751 -0.330461 -0.529761
v -1.596048 0.036181 -0.536521
v -1.420394 -0.041231 -0.584743
v -1.071066 -0.360401 -0.564510
v -1.222244 -0.554707 -0.186682
v -0.982386 -0.723810 -0.179665
v -1.209508 -0.204040 -0.599215
v -0.709812 -0.982102 -0.169725
v -1.324900 -0.221794 -0.525029
v -0.620561 -0.772026 -0.664900
v -1.540413 0.000313 -0.532314
v -1.311196 -0.150389 -0.543772
v -1.538988 0.029097 -0.579276
v -1.093753 -0.303262 -0.610664
v -0.726362 -0.676545 -0.680370
v -1.563154 -0.023747 -0.521812
v -1.648097 0.069815 -0.569492
v -1.414157 -0.145586 -0.523739
v -1.772471 0.098059 -0.537037
v -0.551801 -1.101802 -0.192868
v -0.908614 -0.482130 -0.648435
v -1.090572 -0.354980 -0.557310
v -0.695871 -0.930384 -0.291602
v -1.151748 -0.300662 -0.550196
v -1.178662 -0.231509 -0.608387
v -1.205577 -0.301044 -0.540231
v -1.025163 -0.461509 -0.565193
v -0.870247 -0.737979 -0.308689
v -1.472452 -0.009214 -0.592610
v -1.317246 -0.211649 -0.530182
v -0.882722 -0.749994 -0.352953
v -0.716706 -0.929099 -0.337436
v -0.726850 -0.898841 -0.308020
v -0.790103 -0.828974 -0.321198
v -1.053220 -0.405543 -0.561149
v -1.176232 -0.309348 -0.546347
v 0.576131 -1.968463 1.012863
v 0.576107 -1.939584 1.053187
v 0.541056 -1.936463 1.043205
v 0.504492 -1.964850 0.991457
v 0.481016 -1.963945 0.983840
v 0.547825 -1.921309 1.075233
v 0.466968 -1.950331 1.008185
v 0.572568 -1.919518 1.094489
v 0.518790 -1.921833 1.071232
v 0.470683 -1.941392 1.032325
v 0.549030 -1.910991 1.106618
v 0.522162 -1.914494 1.092775
v 0.601124 -1.937952 1.077848
v 0.466170 -1.935401 1.053237
v 0.606572 -1.962329 1.042654
v 0.594389 -1.984837 1.004432
v 0.570803 -2.002747 0.974755
v 0.508620 -2.002271 0.947415
v 0.564250 -1.911609 1.122554
v 0.592212 -1.922624 1.114404
v 0.622549 -1.992397 1.019573
v 0.628592 -1.962662 1.068583
v 0.604644 -2.017710 0.984112
v 0.520625 -2.023543 0.937975
v 0.574360 -2.021181 0.963437
v 0.624727 -1.947699 1.098406
v 0.645623 -1.984011 1.064276
v 0.646418 -2.001844 1.041326
v 0.536514 -1.908629 1.122251
v 0.553846 -1.909564 1.135682
v 0.644816 -1.969001 1.094456
v 0.602780 -1.928774 1.129363
v 0.465922 -1.931850 1.075877
v 0.509949 -1.913765 1.108589
v 0.569822 -1.915365 1.147841
v 0.627135 -1.947240 1.130987
v 0.595256 -1.927665 1.151081
v 0.660900 -1.994932 1.087128
v 0.662449 -2.011210 1.064515
v 0.527245 -1.910515 1.138684
v 0.655287 -1.980684 1.106723
v 0.649078 -1.972710 1.125070
v 0.613394 -1.942722 1.156640
v 0.543241 -1.914018 1.158519
v 0.498298 -1.917203 1.125251
v 0.562136 -1.921880 1.171883
v 0.583309 -1.931280 1.173793
v 0.450587 -1.938284 1.098844
v 0.630578 -1.957780 1.150612
v -0.092649 -2.310046 1.492188
v -0.108085 -2.293119 1.495939
v -0.061994 -2.281120 1.508012
v -0.010958 -2.289948 1.508896
v -0.016000 -2.314437 1.498295
v -0.111830 -2.262972 1.503145
v -0.010332 -2.269043 1.514039
v -0.148218 -2.288824 1.486586
v -0.165944 -2.264795 1.487428
v -0.047280 -2.253525 1.513903
v -0.007108 -2.247518 1.515647
v -0.138491 -2.233508 1.499056
v -0.115896 -2.214454 1.504036
v -0.187689 -2.227817 1.483699
v -0.203356 -2.255998 1.475295
v -0.041202 -2.220828 1.514455
v 0.006506 -2.218972 1.515233
v -0.112948 -2.179031 1.500731
v -0.148709 -2.173610 1.491128
v -0.210323 -2.212601 1.474950
v -0.234275 -2.229196 1.463473
v -0.189590 -2.171930 1.477926
v -0.019854 -2.185861 1.511833
v 0.046373 -2.249833 1.512460
v 0.042453 -2.275811 1.509914
v -0.024855 -2.136965 1.501315
v -0.055665 -2.115059 1.493392
v 0.073966 -2.231526 1.508685
v -0.093666 -2.095121 1.481964
v -0.238731 -2.190617 1.459952
v -0.157377 -2.106834 1.471026
v -0.235758 -2.156349 1.455154
v -0.005083 -2.103775 1.491241
v 0.029618 -2.116391 1.493969
v -0.046887 -2.087592 1.484425
v 0.078719 -2.192820 1.505013
v 0.059498 -2.156967 1.501779
v -0.175646 -2.074073 1.452573
v -0.015841 -2.059442 1.473758
v -0.052798 -2.031229 1.457858
v -0.222973 -2.113602 1.448168
v -0.098816 -2.029770 1.451320
v 0.109716 -2.228973 1.501636
v 0.128709 -2.188034 1.493383
v 0.147487 -2.150881 1.481128
v 0.098846 -2.073835 1.468495
v 0.065346 -2.032465 1.454728
v 0.137109 -2.117026 1.474586
v -0.195583 -2.042753 1.430032
v -0.121185 -1.994347 1.425144
v 0.126267 -2.055322 1.453539
v 0.157443 -2.088177 1.457593
v 0.161477 -2.215310 1.486475
v 0.088932 -2.262116 1.504393
v 0.160015 -2.056637 1.443314
v 0.199086 -2.196259 1.471024
v 0.133704 -2.248960 1.494638
v -0.150959 -1.961647 1.393557
v -0.255652 -2.119291 1.433123
v -0.207392 -2.006868 1.403037
v 0.220117 -2.153353 1.452696
v -0.154949 -1.932975 1.368364
v -0.270923 -2.203471 1.442924
v 0.231295 -2.199905 1.455751
v 0.203836 -2.222602 1.470116
v 0.188650 -2.256030 1.474155
v -0.267661 -2.234553 1.444439
v 0.227479 -2.245300 1.456929
v 0.086103 -2.284338 1.499858
v 0.157036 -2.274764 1.481827
v -0.237293 -2.265508 1.456652
v -0.204489 -2.286256 1.465825
v 0.083611 -2.307970 1.491183
v 0.117565 -2.308890 1.481863
v 0.256230 -2.255698 1.436823
v 0.214964 -2.279265 1.454370
v 0.176201 -2.299316 1.464275
v -0.169948 -2.310190 1.468574
v -0.062532 -2.342872 1.477977
v 0.247246 -2.284242 1.431920
v -0.018298 -2.342587 1.481848
v 0.017311 -2.342919 1.480684
v 0.063724 -2.342634 1.474507
v -0.147570 -2.330383 1.463705
v 0.211347 -2.313232 1.436560
v 0.511837 -1.967274 1.209295
v 0.477951 -1.978322 1.194915
v 0.499215 -1.999450 1.218932
v 0.495352 -1.956306 1.191921
v 0.518582 -1.986802 1.222129
v 0.478610 -2.014239 1.210929
v 0.430364 -1.982998 1.156076
v 0.479439 -1.947731 1.169088
v 0.525097 -1.941772 1.195304
v 0.508163 -1.930789 1.175037
v 0.440262 -1.961806 1.140847
v 0.494804 -1.926207 1.152034
v 0.438040 -1.951535 1.120132
v 0.531896 -1.920470 1.171469
v 0.545653 -1.958573 1.212185
v 0.514850 -1.916364 1.151211
v 0.546750 -1.930581 1.187634
v 0.536378 -1.985629 1.224390
v 0.558748 -1.943072 1.199420
v 0.500351 -2.019817 1.223587
v 0.458869 -2.037965 1.201270
v 0.559083 -1.971221 1.218256
v 0.529330 -2.019452 1.230666
v 0.486315 -2.049995 1.216869
v 0.437797 -2.063263 1.188818
v 0.431226 -2.080523 1.185545
v 0.555172 -2.002050 1.228056
v 0.508104 -2.052404 1.224287
v 0.443738 -2.091903 1.187025
v 0.489108 -2.074088 1.212362
v 0.538500 -2.041800 1.229035
v 5.498432 -0.159090 0.596201
v 5.506164 -0.206926 0.636496
v 5.504929 -0.183483 0.641430
v 5.475907 -0.103426 0.490238
v 5.458226 -0.108609 0.417025
v 5.456160 -0.082202 0.396353
v 5.445278 -0.087687 0.349069
v 5.446458 -0.106200 0.364676
v 5.499196 -0.255855 0.642984
v 5.507368 -0.232380 0.658140
v 5.442663 -0.067651 0.344883
v 5.437601 -0.080443 0.324334
v 5.425539 -0.098036 0.301882
v 5.496856 -0.276825 0.660314
v 5.437054 -0.113728 0.345111
v 5.481236 -0.233648 0.581033
v 5.415587 -0.079540 0.275605
v 5.437952 -0.136900 0.384530
v 5.466159 -0.186274 0.510338
v 5.504571 -0.253476 0.682223
v 5.474936 -0.309412 0.635679
v 5.484439 -0.304165 0.657014
v 5.466652 -0.285352 0.594647
v 5.406511 -0.110225 0.276337
v 5.404822 -0.088003 0.257312
v 5.468333 -0.262971 0.581974
v 5.443923 -0.211014 0.489097
v 5.427730 -0.169061 0.408013
v 5.420810 -0.066036 0.287490
v 5.410029 -0.129087 0.305787
v 5.466949 -0.328416 0.648562
v 5.382205 -0.092267 0.226971
v 5.385811 -0.111462 0.245400
v 5.495461 -0.282278 0.681173
v 5.391077 -0.069539 0.235536
v 5.460840 -0.325151 0.631404
v 5.367713 -0.073151 0.205414
v 5.355038 -0.106136 0.204226
v 5.385453 -0.130434 0.268462
v 5.478349 -0.315071 0.667758
v 5.349387 -0.093059 0.192327
v 5.455969 -0.295702 0.591993
v 5.406551 -0.058633 0.263041
v 5.358494 -0.123887 0.225917
v 5.334303 -0.073263 0.171729
v 5.508317 -0.222094 0.672062
v 5.456807 -0.341382 0.669763
v 5.379858 -0.054844 0.223725
v 5.505847 -0.225486 0.692831
v 5.462945 -0.333091 0.677200
v 5.451221 -0.344424 0.660570
v 5.506004 -0.198272 0.674236
v 5.338163 -0.048188 0.179022
v 5.479457 -0.103330 0.521723
v 5.422319 -0.046920 0.307488
v 5.299202 -0.040072 0.143821
v 5.490431 -0.131258 0.572000
v 5.490727 -0.285337 0.692282
v 5.496599 -0.257488 0.708073
v 5.436822 -0.046175 0.350258
v 5.353139 -0.040643 0.198659
v 5.384265 -0.038187 0.241146
v 5.459984 -0.064197 0.463003
v 5.499726 -0.166825 0.646532
v 5.440249 -0.042181 0.383499
v 5.486102 -0.281643 0.707768
v 5.243592 0.003705 0.113827
v 5.471184 -0.084976 0.518698
v 5.446003 -0.043164 0.433902
v 5.488345 -0.137044 0.617740
v 5.498258 -0.205199 0.705011
v 5.497334 -0.184450 0.686881
v 5.485495 -0.253937 0.726903
v 5.478453 -0.278363 0.719213
v 1.569605 -1.257464 0.449121
v 1.717343 -1.218631 0.468810
v 1.449561 -1.294743 0.398050
v 1.365762 -1.322465 0.374458
v 1.188917 -1.372583 0.339069
v 1.178400 -1.371948 0.346771
v 1.127913 -1.386499 0.317818
v 1.827534 -1.194635 0.495582
v 1.636493 -1.232801 0.470068
v 1.314158 -1.322972 0.403056
v 1.135193 -1.374769 0.344798
v 1.788010 -1.194492 0.504337
v 1.839509 -1.188026 0.516789
v 1.849006 -1.189579 0.507761
v 1.088722 -1.391094 0.309549
v 1.093147 -1.392364 0.293063
v 1.000786 -1.398529 0.262629
v 1.153305 -1.380808 0.308472
v 0.974458 -1.404283 0.224005
v 1.570405 -1.258208 0.417686
v 1.892289 -1.183967 0.500460
v 1.510452 -1.274059 0.399797
v 1.967179 -1.164377 0.478558
v 0.952360 -1.404837 0.235092
v 0.998940 -1.399780 0.221984
v 0.939748 -1.409751 0.197539
v 1.045399 -1.390509 0.232891
v 0.860709 -1.423920 0.142677
v 0.863698 -1.426250 0.158330
v 0.792269 -1.444795 0.116203
v 0.759143 -1.457252 0.117526
v 1.761690 -1.173475 0.393135
v 1.348403 -1.308105 0.306401
v 1.490423 -1.259778 0.332220
v 1.928217 -1.166327 0.456339
v 2.026604 -1.154074 0.485812
v 0.671720 -1.488336 0.083258
v 0.695893 -1.476147 0.071363
v 0.701453 -1.459329 0.016856
v 0.668866 -1.489951 0.068186
v 1.912733 -1.187629 0.537560
v 1.883115 -1.186550 0.538269
v 0.918275 -1.362089 0.056773
v 0.686889 -1.452228 -0.020722
v 1.873199 -0.973654 0.206789
v 2.108616 -1.101311 0.429312
v 0.750944 -1.380761 -0.111496
v 0.911714 -1.322480 -0.041179
v 0.930057 -1.325810 -0.009708
v 1.917955 -0.928402 0.175456
v 0.730546 -1.394597 -0.112223
v 2.315995 -1.089469 0.526338
v 2.118865 -1.149382 0.521324
v 2.062779 -1.159924 0.510396
v 1.987370 -1.174822 0.509969
v 2.584892 -1.003627 0.498206
v 2.388534 -1.069959 0.531475
v 2.231698 -1.117921 0.541894
v 2.536961 -1.030888 0.527220
v 2.624686 -1.008713 0.518085
v 2.696369 -0.964381 0.459336
v 2.625906 -1.011298 0.531088
v 1.944986 -1.184396 0.522814
v 2.797393 -0.973558 0.495175
v 2.836245 -0.969042 0.509205
v 2.821771 -0.961734 0.484662
v 2.854220 -0.967345 0.525953
v 2.919222 -0.944806 0.528894
v 2.856075 -0.953651 0.491477
v 2.979449 -0.922078 0.544895
v 3.039289 -0.892772 0.539165
v 3.053383 -0.893469 0.555753
v 3.123564 -0.866333 0.555290
v 1.975131 -1.182161 0.537982
v 2.733749 -0.993229 0.528492
v 3.199036 -0.838881 0.557326
v 3.369602 -0.783914 0.567760
v 3.492209 -0.742482 0.558760
v 3.630256 -0.696564 0.557530
v 3.650872 -0.691207 0.561275
v 3.692614 -0.671568 0.549211
v 3.357053 -0.781694 0.554775
v 3.667975 -0.687419 0.578232
v 1.862214 -1.006907 0.279570
v 3.868796 -0.626270 0.560228
v 4.101231 -0.561046 0.564326
v 4.673226 -0.406667 0.581794
v 4.731511 -0.394416 0.596945
v 4.456716 -0.460509 0.570134
v 4.735093 -0.388154 0.575952
v 4.877542 -0.359925 0.597893
v 4.927001 -0.348609 0.591548
v 4.963780 -0.342380 0.608420
v 5.049537 -0.321219 0.579477
v 2.983425 -0.908130 0.513491
v 3.129208 -0.857743 0.545246
v 5.035135 -0.328685 0.588226
v 5.089002 -0.326546 0.611107
v 5.164887 -0.322996 0.626994
v 1.882859 -1.163536 0.433990
v 1.944499 -0.928783 0.208263
v 0.677373 -1.474085 0.015602
v 1.006462 -1.277673 -0.006923
v 3.173164 -0.839245 0.544665
v 1.998481 -0.903232 0.243370
v 1.828736 -1.177405 0.431126
v 5.209301 -0.320586 0.609890
v 2.413956 -1.024453 0.439890
v 2.034372 -0.849834 0.176129
v 3.082801 -0.864194 0.528591
v 3.088214 -0.825503 0.478220
v 3.166386 -0.804472 0.515496
v 3.245826 -0.745050 0.484412
v 3.229048 -0.767319 0.506451
v 3.285524 -0.730467 0.488395
v 3.378400 -0.613938 0.404451
v 3.413724 -0.620309 0.437809
v 3.396006 -0.638869 0.450775
v 4.074339 -0.562743 0.555804
v 3.963487 -0.585535 0.545987
v 1.086712 -1.231803 0.018581
v 1.676197 -0.862688 0.093359
v 4.274454 -0.503923 0.559264
v 1.368329 -1.077312 0.128029
v 3.194652 -0.789936 0.514136
v 3.302790 -0.791648 0.545261
v 3.005830 -0.875051 0.490732
v 1.320873 -1.109091 0.126617
v 3.478989 -0.701002 0.522182
v 4.423368 -0.355345 0.461713
v 4.443316 -0.371717 0.506834
v 3.749418 -0.572284 0.467146
v 4.564120 -0.339844 0.500425
v 4.207745 -0.407254 0.454182
v 4.792489 -0.289378 0.483600
v 4.686441 -0.319746 0.512331
v 4.903876 -0.279424 0.516668
v 4.981078 -0.269454 0.521923
v 5.068255 -0.269027 0.543337
v 5.104506 -0.251893 0.492993
v 4.477510 -0.371052 0.516121
v 5.131846 -0.267821 0.547815
v 5.242410 -0.253858 0.507006
v 3.321889 -0.702412 0.480039
v 5.190987 -0.262115 0.538922
v 5.129145 -0.258835 0.528051
v 5.378846 -0.257423 0.529035
v 5.345192 -0.272972 0.551341
v 5.185990 -0.255300 0.508352
v 4.461611 -0.447878 0.559656
v 5.246293 -0.294926 0.577346
v 2.952683 -0.905071 0.492322
v 5.223678 -0.268297 0.549708
v 0.914759 -1.310735 -0.053820
v 3.554376 -0.555404 0.428181
v 3.566043 -0.539617 0.415840
v 5.322260 -0.227753 0.487549
v 0.778681 -1.349791 -0.125969
v 3.418892 -0.580082 0.385484
v 4.552141 -0.263035 0.391798
v 5.406589 -0.235804 0.500182
v 5.275403 -0.328210 0.619819
v 5.198380 -0.323613 0.621551
v 5.059839 -0.275731 0.548722
v 3.707957 -0.429380 0.326841
v 3.804417 -0.384700 0.306162
v 1.168681 -1.174934 0.034958
v 2.127323 -0.789271 0.217218
v 3.067958 -0.824553 0.468875
v 3.033614 -0.844192 0.476039
v 2.910397 -0.910935 0.474446
v 2.902358 -0.885307 0.436497
v 2.934608 -0.860834 0.435193
v 2.911067 -0.863908 0.421011
v 0.926980 -1.293475 -0.060672
v 0.649497 -1.434065 -0.159932
v 5.364047 -0.344441 0.638204
v 5.431955 -0.345185 0.644335
v 5.435955 -0.327084 0.616222
v 5.448259 -0.341444 0.642949
v 5.450287 -0.328035 0.624405
v 5.432035 -0.234965 0.506872
v 5.421963 -0.319143 0.603184
v 5.424426 -0.348386 0.657950
v 5.426804 -0.212552 0.473744
v 5.422348 -0.192534 0.440002
v 5.404630 -0.167285 0.374350
v 5.354502 -0.135046 0.237332
v 5.329820 -0.343300 0.651191
v 5.305983 -0.130973 0.196124
v 5.322460 -0.118878 0.189316
v 5.280571 -0.113680 0.157375
v 0.653986 -1.417787 -0.186628
v 5.381522 -0.349671 0.669599
v 3.839677 -0.427479 0.391106
v 1.234161 -1.116589 0.029908
v 3.449390 -0.633180 0.463532
v 3.903601 -0.413087 0.397181
v 2.982125 -0.799336 0.413921
v 3.038999 -0.727519 0.383578
v 3.055624 -0.716487 0.389634
v 3.137729 -0.628188 0.364313
v 5.269002 -0.333329 0.657282
v 3.211091 -0.556180 0.339938
v 3.346668 -0.470765 0.345637
v 3.382607 -0.443519 0.332023
v 3.412870 -0.400137 0.282103
v 3.603676 -0.289537 0.225091
v 3.657866 -0.296764 0.261992
v 3.348268 -0.441854 0.296621
v 3.256050 -0.541773 0.373190
v 3.160516 -0.626015 0.404023
v 3.167081 -0.627411 0.411712
v 3.099595 -0.690620 0.431351
v 3.126995 -0.653564 0.406478
v 3.078157 -0.705726 0.428453
v 3.035202 -0.758601 0.448106
v 3.026001 -0.758554 0.436532
v 2.543011 -0.205325 -0.089411
v 4.179222 -0.329826 0.383548
v 2.927179 -0.888031 0.464402
v 2.936715 -0.888540 0.473680
v 0.826329 -1.308865 -0.122542
v 0.734728 -1.322624 -0.216796
v 0.735642 -1.308294 -0.257121
v 0.767872 -1.285566 -0.260651
v 0.751822 -1.283807 -0.286512
v 0.765818 -1.276453 -0.283991
v 0.748107 -1.271317 -0.309953
v 0.762262 -1.259905 -0.310393
v 0.753762 -1.243674 -0.333565
v 0.722399 -1.302082 -0.295655
v 2.645030 -0.078272 -0.148438
v 2.682210 -0.021686 -0.196173
v 2.896176 0.191416 -0.301949
v 2.933259 0.188151 -0.253978
v 5.307734 -0.097180 0.160418
v 0.902668 -1.229076 -0.117220
v 0.760440 -1.225273 -0.347271
v 0.662833 -1.334019 -0.343817
v 2.635374 -0.109592 -0.097618
v 0.689466 -1.280224 -0.386141
v 0.638261 -1.418469 -0.220570
v 0.653238 -1.460487 -0.077780
v 0.660862 -1.490016 0.014510
v 5.439826 -0.346754 0.680842
v 5.413375 -0.348118 0.689876
v -0.506418 -1.976419 1.196055
v -0.503407 -1.952773 1.175260
v -0.530422 -1.950569 1.192136
v -0.445143 -1.986738 1.153452
v -0.444706 -2.004538 1.165160
v -0.454829 -1.961901 1.134279
v -0.516398 -1.934545 1.164263
v -0.547554 -1.930739 1.179926
v -0.540857 -1.919962 1.160947
v -0.440569 -1.957765 1.113033
v -0.520957 -1.923306 1.149262
v -0.458152 -1.946717 1.106814
v -0.541260 -1.970142 1.210110
v -0.560376 -1.942849 1.195379
v -0.525466 -1.994647 1.215108
v -0.502184 -2.002859 1.205264
v -0.454786 -2.020990 1.177961
v -0.437870 -2.021498 1.169865
v -0.447459 -1.944990 1.085461
v -0.525818 -1.914970 1.125613
v -0.545636 -1.911308 1.141356
v -0.572860 -1.927221 1.179174
v -0.561018 -1.913385 1.154342
v -0.570448 -1.954056 1.204209
v -0.564052 -1.976230 1.216365
v -0.547147 -1.994615 1.221139
v -0.495437 -2.033052 1.206928
v -0.453330 -2.046730 1.181908
v -0.524926 -2.024128 1.220102
v -0.547043 -2.018296 1.225102
v -0.591776 -1.934369 1.182252
v -0.458881 -2.063975 1.184490
v -0.502618 -2.050248 1.209651
v -0.567178 -2.008247 1.224028
v -0.584897 -1.976990 1.213161
v -0.592536 -1.994726 1.216296
v -0.601642 -1.958541 1.197467
v -0.587747 -1.919123 1.160306
v -0.469340 -1.936984 1.063227
v -0.546969 -1.908391 1.122244
v -0.531373 -1.912876 1.099851
v -2.433719 -1.037498 0.560996
v -2.361172 -1.044440 0.570551
v -2.324448 -1.043854 0.576614
v -2.296674 -1.034977 0.579096
v -2.197582 -1.098631 0.574411
v -2.135580 -1.110788 0.574806
v -2.126885 -1.133834 0.567248
v -2.170346 -1.122168 0.567561
v -2.106385 -1.122675 0.571525
v -2.339161 -1.064696 0.563653
v -2.071241 -1.138652 0.563829
v -2.102523 -1.148559 0.558322
v -2.062188 -1.119742 0.568419
v -2.150087 -1.141029 0.556870
v -2.057451 -1.150903 0.553163
v -2.027037 -1.140950 0.551302
v -2.090921 -1.156309 0.550091
v -2.380472 -1.068438 0.546385
v -2.428935 -1.051272 0.553022
v -2.456199 -1.045154 0.560505
v -2.466080 -1.034439 0.565248
v -2.471826 -1.042871 0.558348
v -2.505487 -1.017337 0.560523
v -2.503550 -1.029447 0.551459
v -2.552646 -1.012375 0.553491
v -2.185981 -1.135578 0.549164
v -2.137373 -1.151697 0.546828
v -2.652292 -0.998030 0.533383
v -2.062815 -1.161192 0.540792
v -2.038773 -1.155153 0.542585
v -2.435210 -1.056184 0.541874
v -2.404846 -1.067168 0.534591
v -2.503427 -1.035073 0.539694
v -1.970162 -1.144850 0.517988
v -1.965489 -1.125766 0.536603
v -1.951954 -1.137891 0.522312
v -1.916782 -1.130189 0.524215
v -1.980613 -1.116874 0.547923
v -1.890839 -1.146197 0.512889
v -1.928026 -1.152997 0.505062
v -1.847050 -1.169798 0.499952
v -1.858407 -1.177311 0.491499
v -1.767849 -1.200753 0.480687
v -1.771236 -1.185585 0.492320
v -0.287851 -0.130164 -1.996623
v -0.537110 0.518212 -2.659245
v -0.267789 -0.101777 -2.079716
v -0.413185 0.370473 -2.603708
v -0.332898 -0.024618 -2.093389
v -0.264942 -0.070013 -2.137019
v -0.299306 -0.152148 -1.951426
v -0.256865 -0.116739 -2.063477
v -0.273438 -0.156649 -1.962805
v -0.254915 -0.093456 -2.104985
v -0.623597 0.667059 -2.796645
v -0.361838 0.066471 -2.189410
v -0.413767 0.570263 -2.885773
v -0.435853 0.639527 -2.972783
v -0.311053 -0.162878 -1.929082
v -0.268622 -0.017597 -2.205264
v -0.260619 -0.054941 -2.160438
v -0.312935 0.155533 -2.392274
v -0.337730 -0.057270 -2.051098
v -0.324902 0.229868 -2.470171
v -0.281106 -0.181456 -1.909495
v -0.387077 0.485798 -2.778247
v -0.375708 0.083937 -2.204871
v -0.362055 0.014038 -2.130177
v -0.424498 0.658500 -3.002925
v -0.254593 -0.129847 -2.034846
v -0.431551 0.722328 -3.094063
v -0.265098 -0.167491 -1.938913
v -0.313433 -0.197733 -1.884601
v -0.333108 -0.151895 -1.939967
v -0.438300 0.797409 -3.212047
v -0.249100 -0.114901 -2.067494
v -0.661340 0.615990 -2.726784
v -0.409943 0.634756 -2.969303
v -0.303963 0.218155 -2.456727
v -0.258885 -0.024983 -2.195907
v -0.275565 -0.200728 -1.874899
v -0.351995 -0.054814 -2.055241
v -0.304206 -0.225185 -1.849541
v -0.338341 -0.203011 -1.882848
v -0.248225 -0.068698 -2.138408
v -0.241679 -0.179252 -1.903465
v -0.285856 0.154359 -2.388029
v -0.383873 0.060209 -2.183309
v 5.356667 -0.333947 0.699209
v 5.366434 -0.341127 0.698129
v 5.391544 -0.342476 0.700790
v 5.395747 -0.314451 0.706343
v 5.406976 -0.323993 0.704364
v 5.425511 -0.314801 0.706741
v 5.418201 -0.340382 0.699699
v 5.247838 -0.313533 0.678856
v 5.269433 -0.296732 0.683147
v 5.196430 -0.290963 0.669892
v 5.136800 -0.303056 0.653297
v 5.148039 -0.291723 0.659119
v 5.455002 -0.317463 0.698523
v 5.279421 -0.327164 0.678237
v 5.186677 -0.270928 0.680077
v 5.374015 -0.278790 0.732422
v 5.395761 -0.257915 0.745684
v 5.393969 -0.287999 0.730402
v 5.413748 -0.268107 0.744067
v 5.429605 -0.282705 0.736119
v 5.204573 -0.320777 0.659783
v 5.427636 -0.253240 0.749280
v 5.449498 -0.262448 0.743611
v 5.152651 -0.310871 0.650656
v 5.121024 -0.320934 0.630553
v 5.347595 -0.343647 0.687390
v 5.447266 -0.284607 0.731904
v 5.165610 -0.320127 0.641662
v 5.464346 -0.280231 0.728507
v 5.466177 -0.263986 0.736627
v 5.442334 -0.342380 0.689057
v 5.379779 -0.348054 0.688623
v 3.050808 -0.825297 0.635970
v 2.964787 -0.856190 0.624600
v 3.121004 -0.824885 0.640973
v 3.207170 -0.802933 0.648906
v 2.910150 -0.878554 0.610674
v 2.953824 -0.873830 0.618018
v 3.176317 -0.827247 0.638184
v 2.870241 -0.892581 0.599049
v 2.767401 -0.934440 0.588029
v 2.912121 -0.905197 0.598181
v 2.886086 -0.936581 0.584444
v 2.800542 -0.949356 0.577159
v 2.715202 -0.954729 0.583774
v 2.610809 -0.978376 0.586564
v 2.944055 -0.916007 0.587067
v 2.910332 -0.933331 0.582866
v 2.856692 -0.950894 0.575126
v 2.727998 -0.973702 0.568701
v 2.562804 -1.000678 0.580506
v 2.503378 -1.006131 0.585757
v 2.800737 -0.965934 0.564827
v 2.233151 -1.092481 0.587452
v 2.174178 -1.116321 0.589414
v 2.135714 -1.134595 0.584389
v 2.096338 -1.142679 0.585798
v 2.034018 -1.153345 0.584507
v 1.972711 -1.164789 0.579171
v 3.117099 -0.854208 0.622063
v 3.274710 -0.794215 0.647353
v 3.287336 -0.805152 0.630615
v 3.399308 -0.761518 0.638968
v 3.408270 -0.746871 0.649176
v 3.486635 -0.731323 0.642787
v 2.984088 -0.917433 0.571022
v 2.906342 -0.947153 0.560168
v 2.885437 -0.948341 0.571226
v 2.804645 -0.972846 0.554391
v 2.321021 -1.075759 0.569892
v 2.407050 -1.061146 0.551153
v 2.326371 -1.084795 0.549515
v 2.189010 -1.124245 0.574308
v 2.074015 -1.157592 0.573751
v 3.608174 -0.690351 0.642690
v 3.664752 -0.672583 0.635222
v 3.754073 -0.648522 0.612344
v 2.841889 -0.970151 0.540058
v 2.472207 -1.047657 0.537547
v 3.715666 -0.666750 0.601953
v 2.037202 -1.170352 0.556464
v 2.025153 -1.166407 0.572908
v 1.973530 -1.179640 0.559066
v 4.076997 -0.571682 0.598016
v 3.801573 -0.634115 0.608596
v 3.714769 -0.647746 0.637274
v 1.922541 -1.182287 0.557264
v 1.952570 -1.175820 0.568404
v 3.551585 -0.704173 0.649188
v 5.093464 -0.308668 0.643180
v 5.045347 -0.318858 0.632824
v 5.057068 -0.325754 0.622649
v 4.977421 -0.318763 0.638513
v 5.023026 -0.301947 0.648217
v 3.838959 -0.600466 0.629959
v 3.824011 -0.616490 0.621271
v 3.792163 -0.616679 0.632517
v 5.133650 -0.269042 0.672667
v 3.648240 -0.664341 0.647081
v -0.613401 -1.971348 1.012304
v -0.645335 -1.991208 1.017714
v -0.637338 -1.966751 1.038324
v -0.615665 -1.992570 0.991951
v -0.642163 -2.012986 0.995977
v -0.622284 -2.029946 0.970277
v -0.589677 -2.011686 0.962960
v -0.589085 -1.984187 0.985627
v -0.529574 -1.997723 0.948255
v -0.524043 -2.017646 0.930275
v -0.529072 -1.972616 0.976509
v -0.600418 -1.949220 1.032724
v -0.574026 -1.943055 1.029072
v -0.624191 -1.943784 1.061392
v -0.587765 -1.927713 1.060587
v -0.605057 -1.927474 1.073837
v -0.517993 -1.962345 0.988040
v -0.497873 -1.972886 0.961610
v -0.546854 -1.930027 1.044715
v -0.479750 -1.952279 0.998278
v -0.500951 -1.948002 1.012668
v -0.574934 -1.916523 1.079995
v -0.618113 -1.926794 1.093769
v -0.594046 -1.914479 1.102921
v -0.496542 -1.938428 1.035284
v -0.640192 -1.942169 1.090955
v -0.656179 -1.960380 1.079176
v -0.662750 -1.978734 1.056360
v -0.554447 -1.909882 1.100366
v -0.571462 -1.907900 1.121230
v -0.605023 -2.042942 0.954293
v -0.477637 -1.937793 1.045996
v -0.610485 -1.919439 1.122156
v -0.586914 -1.910832 1.133401
v -0.673672 -2.001304 1.046000
v -0.533804 -2.046857 0.921028
v -0.669921 -2.018328 1.024399
v -0.640374 -1.939267 1.114013
v -0.676660 -1.987943 1.072134
v -0.661216 -1.959747 1.101671
v -0.674185 -1.977054 1.098778
v -0.665049 -2.035841 1.006754
v -0.647407 -2.048174 0.982597
v -0.628448 -2.058713 0.963681
v -0.585829 -2.058570 0.940429
v -0.606724 -2.071061 0.948850
v -0.624016 -1.929139 1.138878
v -0.681212 -2.037285 1.031348
v -0.686747 -2.017043 1.060513
v -0.666119 -2.056604 1.000928
v -0.531299 -2.071726 0.914069
v -0.653333 -1.952359 1.124372
v -0.608098 -1.921150 1.143233
v -0.687354 -2.002826 1.094648
v -0.620898 -1.934148 1.157225
v -0.599818 -2.130609 0.967336
v -0.624614 -2.125236 0.979965
v -0.601001 -2.116644 0.958578
v -0.633277 -2.098322 0.971161
v -0.616134 -2.091063 0.956852
v -0.534173 -2.120941 0.927438
v -0.542925 -2.139357 0.943985
v -0.539044 -2.092712 0.920074
v -0.517212 -2.130197 0.918248
v -0.523794 -2.109226 0.914896
v -0.644874 -2.074896 0.976355
v -0.653576 -2.089209 0.986742
v -0.653582 -2.108752 0.997054
v -0.637635 -2.132495 0.999853
v -0.523643 -2.159962 0.951133
v -0.544909 -2.154367 0.960323
v -0.611399 -2.145302 0.991852
v -0.512748 -2.156714 0.934164
v -0.588190 -2.155732 0.989868
v -0.652745 -2.129706 1.019165
v -0.666897 -2.111176 1.020226
v -0.667136 -2.078003 1.001381
v -0.674165 -2.087656 1.015332
v -0.547981 -2.168412 0.986309
v -0.626818 -2.149185 1.015354
v -0.595657 -2.162879 1.013704
v -0.662915 -2.125853 1.042351
v -0.676655 -2.105899 1.042074
v -0.685534 -2.083376 1.043169
v -0.678885 -2.104820 1.064654
v -0.684112 -2.060646 1.031479
v -0.690404 -2.078097 1.066915
v -0.693170 -2.057493 1.060811
v -0.692640 -2.035032 1.065266
v -0.450178 -2.226961 0.593102
v -0.458094 -2.232446 0.607468
v -0.458739 -2.171295 0.563745
v -0.445315 -2.144461 0.526518
v -0.454623 -2.278902 0.647353
v -0.465037 -2.278600 0.662672
v -0.467425 -2.221920 0.615936
v -0.444522 -2.037538 0.461764
v -0.441860 -1.993126 0.424167
v -0.425291 -1.989702 0.399205
v -0.468995 -2.296130 0.692235
v -0.454840 -1.909470 0.381202
v -0.445053 -1.910167 0.355304
v -0.485638 -1.841948 0.345381
v -0.495968 -1.813481 0.334505
v -0.411396 -1.857370 0.266393
v -0.480843 -1.751729 0.264318
v -0.402520 -1.984234 0.375995
v -0.442639 -2.255569 0.612759
v -0.449843 -1.768627 0.224301
v -0.408213 -1.762413 0.152027
v -0.454490 -2.312344 0.690214
v -0.451946 -1.732869 0.186212
v -0.429022 -1.746278 0.160820
v -0.392581 -1.880670 0.272253
v -0.509349 -1.786108 0.341815
v -0.480664 -1.711408 0.230170
v -0.508364 -1.805747 0.355676
v -0.465335 -1.704323 0.177284
v -0.501828 -1.823799 0.363998
v -0.436500 -1.726116 0.141882
v -0.463933 -1.697934 0.156996
v -0.459604 -1.889483 0.359355
v -0.400935 -1.750779 0.122474
v -0.481057 -1.684162 0.202846
v -0.492314 -1.680073 0.246579
v -0.515945 -1.777866 0.355702
v -0.479170 -1.676823 0.170628
v -0.513751 -1.711994 0.323649
v -0.488437 -1.665602 0.218631
v -0.487593 -1.658343 0.192251
v -0.493765 -1.639212 0.245285
v -0.491291 -1.637753 0.213777
v -0.493225 -1.639321 0.188712
v 0.080487 1.195641 -3.931040
v 0.114753 1.161325 -4.080000
v 0.084594 1.172372 -3.875015
v 0.069254 1.215501 -3.959440
v 0.098692 1.146997 -3.851452
v 0.100337 1.180646 -4.087204
v 0.066937 1.187764 -3.854276
v 0.073415 1.132384 -3.726046
v 0.056035 1.231494 -3.998307
v 0.123854 1.153100 -4.086100
v 0.109990 1.183261 -4.139359
v 0.177501 1.088907 -3.900089
v 0.052394 1.229132 -3.955090
v 0.131872 1.159788 -4.129186
v 0.176380 1.058555 -3.794079
v 0.055032 1.161610 -3.757424
v 0.053274 1.184467 -3.811346
v 0.158031 0.758689 -3.150630
v 0.138953 0.345732 -2.523121
v 0.133080 0.181589 -2.313483
v 0.114892 0.030127 -2.119959
v 0.171381 0.653935 -3.007763
v 0.145257 0.274598 -2.438772
v 0.093456 0.785332 -3.061291
v 0.164398 0.418641 -2.650231
v 0.088821 0.967892 -3.391735
v 0.076108 0.297691 -2.351500
v 0.132775 1.171628 -4.157547
v 0.164860 0.537676 -2.831123
v 0.167230 0.948667 -3.502367
v 0.154786 1.125172 -4.001062
v 0.135028 1.146759 -4.090467
v 0.181124 1.105455 -3.973496
v 0.201888 1.055416 -3.823946
v 0.175008 0.534267 -2.835594
v 1.272091 -1.314618 0.410918
v 1.245644 -1.303461 0.408529
v 1.402861 -1.274947 0.442419
v 1.124068 -1.347697 0.369156
v 1.115012 -1.330643 0.371653
v 1.170385 -1.344132 0.381403
v 1.093771 -1.358286 0.355025
v 1.064532 -1.338805 0.356683
v 1.428572 -1.275185 0.445091
v 1.555839 -1.231580 0.473755
v 1.682129 -1.200419 0.494566
v 1.648537 -1.190641 0.491201
v 1.457029 -1.238221 0.455310
v 1.732151 -1.175963 0.508360
v 1.794532 -1.170575 0.522414
v 1.766980 -1.155310 0.516976
v 1.550224 -1.197503 0.474522
v 1.635767 -1.165787 0.486590
v 1.774302 -1.136814 0.515867
v 1.778032 -1.067106 0.498667
v 1.794305 -1.037894 0.496579
v 1.823068 -1.032347 0.498559
v 1.847145 -0.980944 0.485529
v 1.719029 -1.031253 0.491744
v 1.314283 -1.152918 0.481698
v 1.316238 -1.175916 0.484186
v 1.249128 -1.192765 0.475267
v 1.296040 -1.198518 0.481741
v 1.352750 -1.180196 0.486930
v 1.238050 -1.223102 0.470552
v 1.190639 -1.208455 0.462359
v 1.168253 -1.228300 0.455518
v 1.582963 -1.173664 0.482579
v 1.365427 -1.199754 0.483765
v 1.283403 -1.228014 0.473644
v 1.133153 -1.209724 0.445104
v 1.178734 -1.255070 0.450611
v 1.507388 -1.181320 0.482696
v 1.134618 -1.250505 0.440726
v 1.106013 -1.232850 0.432863
v 1.829104 -1.177105 0.528566
v 1.090712 -1.218282 0.425596
v 1.142355 -1.271570 0.433481
v 1.689134 -1.211531 0.487096
v 1.076480 -1.269558 0.408045
v 0.947533 -1.306456 0.342750
v 1.051739 -1.253675 0.397162
v 0.811501 -1.307170 0.279470
v 0.785403 -1.307359 0.264378
v 0.732018 -1.342325 0.226421
v 1.071201 -1.206665 0.411950
v 0.732470 -1.357144 0.223354
v 0.659964 -1.393298 0.193672
v 0.632888 -1.393632 0.183485
v 0.759169 -1.347697 0.238028
v 0.606453 -1.393997 0.166606
v 0.615448 -1.406136 0.167490
v 0.569371 -1.396421 0.135445
v 0.549804 -1.412905 0.125115
v 0.535952 -1.434112 0.121208
v 0.565249 -1.438344 0.122128
v 0.578740 -1.420228 0.131667
v 0.603568 -1.492122 0.100609
v 0.621633 -1.502473 0.091752
v 0.600214 -1.468126 0.111767
v 0.623096 -1.484277 0.104692
v 0.622640 -1.450231 0.127349
v 0.653292 -1.469791 0.120722
v 0.681247 -1.437456 0.154708
v 0.788704 -1.417946 0.195128
v 0.737049 -1.419990 0.181268
v 0.785302 -1.396088 0.206059
v 0.895219 -1.403268 0.231286
v 0.905210 -1.381490 0.252927
v 0.936895 -1.399353 0.246293
v 0.776533 -1.361250 0.235571
v 0.754505 -1.381743 0.213169
v 0.747473 -1.364134 0.224880
v 0.663528 -1.407215 0.184977
v 0.633235 -1.411795 0.172832
v 1.013511 -1.362359 0.319669
v 1.049859 -1.364657 0.335192
v 1.027959 -1.350550 0.337109
v 1.086600 -1.376164 0.336014
v 1.137255 -1.357889 0.365533
v 0.888317 -1.343894 0.302049
v 1.182258 -1.354909 0.372939
v 1.024589 -1.318407 0.370525
v 1.059554 -1.318788 0.378102
v 1.085813 -1.299134 0.399529
v 1.038711 -1.384232 0.307402
v 0.974112 -1.396818 0.260986
v 1.315311 -1.314492 0.413146
v 0.663178 -1.479253 0.109767
v 0.640472 -1.493487 0.094785
v 1.523100 -1.259493 0.455227
v 0.886686 -1.412302 0.216311
v 1.061359 -1.390271 0.305490
v 1.723560 -1.199389 0.498051
v 1.818653 -1.184364 0.518524
v 0.892362 -1.416551 0.202630
v 0.806838 -1.441435 0.148014
v 0.678089 -1.482803 0.098082
v 0.726134 -1.462341 0.128088
v 0.647874 -1.499049 0.080955
v 1.879468 -1.179720 0.549295
v 0.648422 -1.505420 0.060402
v 0.633880 -1.522698 0.060671
v 1.239790 -1.256545 0.456803
v 1.271471 -1.254943 0.457493
v 1.228200 -1.243960 0.462824
v 1.178412 -1.270730 0.441801
v 1.488056 -1.198248 0.474672
v 1.200432 -1.276642 0.438654
v 1.288117 -1.287975 0.420317
v 1.240080 -1.281001 0.427651
v 1.214841 -1.298040 0.409823
v -0.393534 -0.248137 -1.969948
v -0.397454 -0.275048 -1.945690
v -0.392639 -0.231081 -1.932292
v -0.391668 -0.205040 -1.969134
v -0.391058 -0.133367 -2.026482
v -0.397845 -0.269913 -1.967374
v -0.385479 -0.166905 -1.982207
v -0.389370 -0.231207 -1.909057
v -0.403344 -0.291073 -1.956668
v -0.401623 -0.268930 -1.913568
v -0.397874 -0.177508 -2.024432
v -0.403268 -0.268851 -1.892091
v -0.408507 -0.301582 -1.936230
v -0.415825 -0.297524 -1.898148
v -0.418843 -0.300979 -1.867488
v -0.393656 -0.251084 -1.886620
v -0.412191 -0.307082 -1.948992
v -0.406128 -0.158822 -2.051591
v -0.374716 -0.138977 -1.988652
v -0.374902 -0.167823 -1.957602
v -0.407687 -0.287982 -1.969095
v -0.377515 -0.229195 -1.883871
v -0.440696 -0.342206 -1.839685
v -0.433812 -0.323313 -1.891097
v -0.437818 -0.331094 -1.857660
v -0.414470 -0.130973 -2.078851
v -0.408624 -0.205484 -2.019527
v -0.401389 -0.032290 -2.118913
v -0.422279 0.027907 -2.184183
v -0.359034 -0.142780 -1.964564
v -0.418723 -0.303421 -1.964861
v -0.463833 -0.360560 -1.856000
v -0.473926 -0.380420 -1.838895
v -0.390464 -0.273495 -1.850012
v -0.456197 -0.346247 -1.878394
v -0.393901 0.019761 -2.153059
v -0.475642 -0.399043 -1.821410
v -0.495414 -0.403322 -1.833819
v -0.481530 -0.365078 -1.872634
v -0.420238 -0.152813 -2.068625
v -0.359879 -0.217988 -1.878411
v -0.436436 -0.066036 -2.140097
v -0.443117 -0.333029 -1.896863
v -0.423032 -0.318810 -1.928698
v -0.477494 -0.423833 -1.806970
v -0.421845 -0.282546 -1.982938
v -0.435641 -0.114789 -2.105341
v -0.376156 -0.278204 -1.837413
v -0.378505 0.031648 -2.153730
v -0.358015 -0.249720 -1.847806
v -0.457861 0.180812 -2.316085
v -0.419417 -0.211664 -2.021743
v -0.464904 -0.348815 -1.888393
v -0.426025 -0.317289 -1.944287
v -0.343507 -0.225883 -1.861472
v -0.432900 -0.297873 -1.976848
v -0.449565 -0.330999 -1.919622
v -0.502450 -0.438654 -1.807269
v -0.431149 -0.151625 -2.074139
v -0.328853 -0.262971 -1.826542
v -0.354229 -0.299950 -1.817655
v -0.390820 -0.412405 -1.788802
v -0.411424 -0.468197 -1.771811
v -0.417773 -0.492670 -1.757129
v -0.314019 -0.277522 -1.805548
v -0.294644 -0.259691 -1.809055
v -0.277856 -0.266776 -1.786464
v -0.270782 -0.317131 -1.686776
v -0.417054 -0.449494 -1.784694
v -0.448954 -0.520566 -1.749078
v -0.428418 -0.477074 -1.775097
v -0.483704 -0.590559 -1.690892
v -0.529594 -0.636224 -1.685394
v -0.444177 -0.501261 -1.764457
v -0.306940 -0.242478 -1.833161
v -0.519985 -0.604254 -1.701246
v -0.501108 -0.579908 -1.712399
v -0.563717 -0.591321 -1.728201
v -0.537457 -0.597945 -1.712685
v -0.269647 -0.240307 -1.815697
v -0.506689 -0.569146 -1.723244
v -0.555881 -0.541582 -1.752773
v -0.554031 -0.514400 -1.770598
v -0.542765 -0.433962 -1.829917
v -0.594717 -0.221556 -1.996075
v -0.514982 -0.414023 -1.832328
v -0.495695 -0.382385 -1.856146
v -0.430729 -0.190839 -2.038344
v -0.243034 -0.247232 -1.787747
v -0.518808 0.108188 -2.298611
v -0.475738 -0.449352 -1.794597
v -0.253793 -0.222871 -1.831335
v -0.453886 -0.479466 -1.778975
v -0.493300 -0.470480 -1.786339
v -0.452883 -0.297429 -1.979421
v -0.443884 -0.312551 -1.960647
v -0.210782 -0.233174 -1.792705
v -0.499798 -0.351494 -1.887909
v -0.468451 -0.337340 -1.911060
v -0.480794 -0.331270 -1.917468
v -0.176748 -0.170708 -1.888597
v -0.197024 -0.164037 -1.909478
v -0.150271 -0.127502 -1.945946
v -0.187711 -0.141053 -1.944735
v -0.153688 -0.103283 -1.979345
v -0.170918 -0.100938 -1.991290
v -0.206212 0.123166 -2.264566
v -0.200707 0.205254 -2.352601
v -0.127211 -0.041420 -2.050549
v -0.374196 0.819425 -3.202624
v -0.126218 0.053315 -2.164736
v -0.084704 -0.072787 -1.995399
v -0.086812 -0.101714 -1.964356
v -0.065492 -0.062977 -1.996359
v -0.072838 -0.022400 -2.038311
v -0.068129 -0.102427 -1.959777
v -0.078727 -0.134126 -1.926374
v -0.018623 0.046499 -2.087429
v -0.051313 0.109282 -2.148678
v -0.039913 0.116192 -2.151281
v -0.033927 0.292413 -2.331644
v -0.056754 0.292888 -2.343075
v -0.045997 0.322384 -2.369890
v -0.025438 0.341405 -2.385787
v -0.041041 0.517133 -2.625272
v -0.021863 0.173808 -2.205597
v -0.031278 0.625723 -2.777153
v -0.029618 0.745691 -2.953354
v -0.013983 0.321640 -2.362138
v -0.424034 0.757483 -3.142713
v -0.393236 0.864994 -3.283891
v -0.136607 0.130632 -2.262018
v -0.130978 0.246210 -2.407038
v -0.142747 0.206601 -2.358940
v -0.139882 0.283331 -2.459442
v -0.129757 0.338188 -2.523337
v -0.139582 -0.184959 -1.858653
v 0.004786 0.789009 -3.008655
v -0.031189 0.857164 -3.140394
v -0.068961 0.368984 -2.444806
v -0.167697 -0.223300 -1.796953
v -0.049522 -0.111477 -1.952295
v -0.070069 0.700994 -2.920210
v -0.236411 -0.070060 -2.127175
v -0.241027 -0.098703 -2.090016
v -0.231990 -0.112413 -2.057018
v -0.375055 0.922592 -3.379620
v -0.139139 0.372740 -2.578905
v -0.131071 0.410860 -2.623385
v -0.240642 -0.131132 -2.025083
v -0.092964 -0.169599 -1.882738
v -0.193280 -0.115122 -1.993235
v -0.186001 -0.068239 -2.046208
v -0.015101 1.182422 -3.796267
v -0.095417 0.095176 -2.186209
v -0.217695 -0.313136 -1.629312
v -0.194088 -0.307224 -1.624500
v -0.105767 -0.192709 -1.848709
v -0.148973 -0.266538 -1.705475
v -0.152593 0.283552 -2.459218
v -0.146919 0.403743 -2.627607
v -0.144370 0.482692 -2.745863
v -0.147217 0.570532 -2.884183
v -0.155939 0.673477 -3.046889
v -0.166163 0.875645 -3.388512
v -0.175071 0.908376 -3.455185
v -0.153508 0.912115 -3.447020
v -0.146802 0.978796 -3.580651
v -0.186081 0.648610 -3.015520
v -0.010538 1.203598 -3.846299
v 0.015146 1.170010 -3.753254
v 0.032708 0.874694 -3.160966
v -0.162795 -0.332664 -1.533493
v -0.193290 -0.355995 -1.479364
v -0.129163 0.902146 -3.394140
v -0.024272 1.197718 -3.850755
v -0.225794 -0.080887 -2.097006
v -0.112686 -0.248961 -1.745901
v -0.008497 0.157481 -2.190887
v -0.465349 -0.304609 -1.968614
v 0.022400 1.192899 -3.808358
v 0.032077 0.421923 -2.486869
v 0.043419 0.381014 -2.434565
v 0.008113 0.318280 -2.362754
v 0.038334 0.237351 -2.270726
v 0.004354 0.163743 -2.201063
v 0.049621 0.100991 -2.136996
v 0.044468 0.319754 -2.361181
v 0.028252 -0.017629 -2.030892
v 0.073793 -0.085166 -1.973702
v -0.228659 -0.042720 -2.148273
v -0.037054 1.177113 -3.821572
v -0.163391 -0.494793 -0.890345
v -0.122033 -0.521104 -0.777423
v -0.171992 -0.570493 -0.698502
v -0.137656 -0.558860 -0.690111
v -0.248044 -0.517807 -0.972863
v -0.110199 -0.554501 -0.684902
v -0.173496 -0.571967 -0.684037
v -0.102932 -0.506571 -0.807674
v -0.201011 -0.044637 -2.094669
v -0.101249 -0.490419 -0.857653
v -0.080589 -0.549698 -0.694350
v -0.106949 -0.326467 -1.545048
v 0.025297 1.092108 -3.586667
v -0.082795 -0.463332 -0.955905
v -0.097113 -0.555610 -0.671402
v 0.022637 1.234347 -3.936261
v -0.353307 0.925795 -3.388888
v 0.044414 0.439866 -2.512191
v 0.056237 0.516674 -2.623777
v -0.187598 0.315174 -2.488486
v 0.069110 -0.108957 -1.952850
v 0.086104 -0.131290 -1.928210
v 0.020148 -0.122143 -1.950236
v 0.091118 -0.175938 -1.876538
v 0.119250 -0.219035 -1.802595
v 0.105018 -0.255332 -1.733808
v 0.020738 -0.232651 -1.818922
v 0.019210 -0.265998 -1.754124
v 0.010748 -0.211426 -1.855100
v 0.106326 -0.147298 -1.908619
v 0.098970 -0.111636 -1.950206
v 0.009942 -0.194784 -1.876972
v 0.039096 -0.346865 -1.519995
v 0.007427 -0.298920 -1.678332
v 0.089063 -0.335470 -1.521538
v 0.140277 -0.272450 -1.688395
v 0.001540 -0.242731 -1.801818
v 0.023856 -0.097956 -1.970982
v 0.168188 -0.250926 -1.737383
v -0.003393 -0.273321 -1.739005
v -0.004621 -0.319222 -1.624184
v 0.006182 -0.039360 -2.018628
v 0.008710 0.004799 -2.054312
v 0.008247 -0.426671 -1.188585
v 0.006352 -0.506253 -0.843599
v 0.057019 -0.491925 -0.859027
v 0.010357 -0.561046 -0.678887
v 0.062741 -0.555816 -0.677273
v 0.083763 -0.489675 -0.859524
v 0.091078 -0.514336 -0.783494
v -0.006162 -0.166937 -1.907079
v -0.003396 -0.125282 -1.947544
v 0.165274 -0.113507 -1.962697
v 0.141024 -0.067445 -2.019908
v 0.163152 -0.060186 -2.029610
v 0.177925 0.095729 -2.212473
v -0.020345 -0.211855 -1.850125
v 0.182213 -0.273828 -1.691198
v -0.015446 -0.563820 -0.668425
v 0.103523 -0.555404 -0.680840
v 0.002285 -0.565501 -0.658192
v 0.175681 -0.142242 -1.925664
v 0.046506 0.730078 -2.929075
v -0.204989 0.396959 -2.595839
v -0.187768 0.604245 -2.943233
v 0.036179 1.119038 -3.647538
v 0.066479 -0.557845 -0.659852
v 0.118582 -0.076101 -2.003682
v -0.010510 -0.341968 -1.552699
v 0.211591 -0.261355 -1.730057
v 0.200849 -0.286652 -1.669812
v -0.281795 0.716733 -3.047333
v 0.118976 -0.493082 -0.857762
v 0.097368 -0.075466 -1.989086
v -0.059362 -0.559224 -0.665490
v 0.036627 1.201791 -3.839140
v 0.195201 -0.307891 -1.614723
v 0.241720 -0.225359 -1.811462
v 0.114100 -0.555627 -0.665102
v 0.182724 0.021141 -2.128181
v 0.190195 0.123831 -2.247062
v -0.175172 0.405360 -2.625293
v 0.281019 -0.203787 -1.864022
v 0.230476 -0.172564 -1.902416
v 0.036783 1.222237 -3.899760
v -0.140059 -0.556719 -0.670974
v 0.261768 -0.178918 -1.904550
v 0.309557 -0.193516 -1.887003
v 0.289885 -0.182912 -1.903791
v 0.307473 -0.171011 -1.922184
v 0.278356 -0.153321 -1.970233
v 0.284841 -0.139167 -1.997299
v 0.305262 -0.149803 -1.959407
v 0.296773 -0.121954 -2.014117
v 0.337139 -0.062200 -2.049920
v 0.348521 -0.045843 -2.062947
v 0.358838 0.053505 -2.180263
v 0.322274 -0.180694 -1.904593
v 0.347031 -0.117484 -1.976204
v 0.266431 -0.117610 -2.059869
v 0.279574 -0.104630 -2.073759
v 0.271241 -0.090429 -2.104784
v 0.277309 -0.053085 -2.157476
v 0.259200 -0.105200 -2.081650
v 0.378975 0.030888 -2.143995
v 0.423136 0.139999 -2.258833
v 0.299007 0.002975 -2.217384
v 0.289808 0.014261 -2.236474
v 0.311472 0.073619 -2.298164
v 0.275220 -0.024921 -2.192370
v 0.365946 0.205982 -2.426200
v 0.357880 0.245211 -2.481484
v 0.344094 0.142615 -2.359550
v 0.369425 0.108615 -2.246462
v 0.258966 -0.131814 -2.026723
v 0.737195 0.824529 -2.948940
v 0.320047 -0.208637 -1.868189
v 0.392162 0.434556 -2.711126
v 0.839415 0.838318 -2.962003
v 0.849590 0.912829 -3.057751
v 0.785492 0.656058 -2.766640
v 0.870800 0.760606 -2.857771
v 0.979619 0.681404 -2.712994
v 0.995479 0.740935 -2.771198
v 1.025789 0.872776 -2.923818
v 0.837409 0.582768 -2.675416
v 0.854122 0.396880 -2.473620
v 0.638080 0.229915 -2.369737
v 1.041848 0.898137 -2.956252
v 0.578665 0.210991 -2.377355
v 1.012887 0.688107 -2.717500
v 0.581444 -0.199016 -2.012420
v 0.805467 0.907344 -3.048205
v 0.594751 0.101326 -2.265883
v 0.514660 -0.078160 -2.122114
v 0.535888 0.094272 -2.283235
v 0.469072 -0.159345 -2.061620
v 0.433644 -0.208908 -2.018735
v 0.260539 -0.061486 -2.143284
v 0.556741 -0.304212 -1.927045
v 0.531974 -0.289694 -1.949591
v 0.527093 -0.327370 -1.910688
v 0.498631 -0.323043 -1.923800
v 0.498942 -0.354013 -1.884835
v 0.478017 -0.337165 -1.907573
v 0.483116 -0.313168 -1.948225
v 0.461655 -0.315150 -1.952602
v 0.468773 -0.299094 -1.973506
v 0.499372 -0.283782 -1.981201
v 0.451692 -0.307700 -1.962593
v 0.507411 -0.257202 -2.005505
v 0.489867 -0.362160 -1.872091
v 0.538874 -0.352239 -1.884219
v 0.335364 -0.218671 -1.860015
v 0.262026 -0.155351 -1.963463
v 0.599120 -0.045746 -2.157042
v 0.284624 -0.229004 -1.828099
v 0.272196 -0.255870 -1.781477
v 0.543193 0.150698 -2.329532
v 0.513250 -0.402134 -1.837249
v 0.454328 -0.329320 -1.911899
v 0.307841 -0.251417 -1.813623
v 1.059159 0.815605 -2.859344
v 0.593111 -0.247152 -1.970690
v 0.446952 -0.318081 -1.940252
v 0.572334 -0.332885 -1.904632
v 1.038665 0.945323 -3.025479
v 1.049488 0.960015 -3.052560
v 0.983471 0.580011 -2.620395
v 0.250962 -0.122746 -2.041996
v 0.466384 -0.181486 -2.044775
v 0.226993 -0.154160 -1.939410
v 1.072376 0.900134 -2.970419
v 0.136031 0.117492 -2.240475
v 0.432189 -0.175970 -2.047691
v 0.433904 0.613058 -2.938148
v 0.445653 0.631983 -2.961430
v 0.445625 0.716021 -3.074861
v 0.466632 0.703546 -3.058314
v 0.470700 0.765995 -3.154204
v 0.450102 0.783588 -3.175013
v 0.181692 -0.103727 -1.983905
v 0.062964 0.372185 -2.430513
v -0.506166 -0.306162 -1.937721
v 1.035230 0.706065 -2.739596
v 1.067703 0.940187 -3.028565
v 0.948729 0.464132 -2.522329
v 0.138291 -0.559510 -0.690675
v 0.418472 0.815272 -3.198261
v 0.072817 0.116748 -2.159239
v 0.079275 0.141203 -2.188197
v 0.240936 0.328566 -2.503946
v 0.385923 0.786441 -3.140875
v 0.408885 0.841853 -3.236572
v 0.389903 0.835274 -3.220962
v 0.412644 0.929013 -3.389158
v 0.431089 0.960981 -3.457302
v 0.446211 -0.287349 -1.978278
v 0.890217 0.334620 -2.419029
v 0.450290 0.312653 -2.453335
v 0.190178 -0.353919 -1.473363
v 0.447344 0.956703 -3.459598
v 1.071212 0.860540 -2.918783
v 0.203675 -0.138279 -1.950177
v 0.243745 -0.307938 -1.654546
v 1.020634 0.636056 -2.676045
v 0.249222 -0.084896 -2.104592
v 0.224089 -0.311916 -1.625891
v 0.435688 0.999021 -3.542382
v 0.232323 -0.341049 -1.556867
v 0.154308 -0.526019 -0.790210
v 0.368667 -0.080173 -2.026583
v 0.187197 -0.080142 -2.018554
v 0.362354 -0.228671 -1.860178
v 0.330152 -0.257835 -1.820484
v 0.158207 0.233133 -2.393330
v 0.491652 0.894284 -3.383840
v 0.494650 0.929107 -3.456480
v 1.070137 0.962298 -3.071994
v 1.048302 0.985738 -3.103757
v 0.349641 0.066121 -2.211651
v 0.425783 -0.303167 -1.951996
v 0.402374 0.207472 -2.354092
v 0.038106 1.235186 -3.953435
v 0.420743 -0.220603 -2.003304
v 0.541751 -0.447196 -1.811978
v 0.923761 0.382329 -2.458598
v 0.266089 -0.014491 -2.199253
v 0.283207 0.158463 -2.377710
v 0.414391 0.093226 -2.215115
v 0.464596 0.998277 -3.566800
v 0.445545 1.024144 -3.613367
v 0.430071 -0.312583 -1.936507
v 0.424176 -0.292088 -1.963786
v 0.432067 -0.232936 -2.002543
v 0.219389 -0.130497 -1.980633
v 1.067685 0.985453 -3.122373
v 0.173284 -0.573076 -0.691899
v 0.194973 -0.063103 -2.045673
v -0.029206 -0.563804 -0.646158
v 0.266079 -0.306210 -1.684238
v 0.294477 -0.273401 -1.774517
v 0.426068 -0.273401 -1.977874
v 0.468978 0.954056 -3.476087
v 1.017343 0.591915 -2.642384
v 0.618884 0.689169 -2.842306
v 0.506735 -0.433724 -1.804512
v 0.385575 -0.259485 -1.846415
v 0.242664 -0.102015 -2.070350
v 0.039045 1.243698 -4.023455
v 0.136300 -0.560095 -0.672415
v 0.160915 0.313906 -2.501581
v 0.415038 0.316315 -2.536562
v 0.545745 -0.502512 -1.772741
v 0.507057 -0.473887 -1.782309
v 0.529952 -0.519598 -1.759116
v 0.518008 -0.561919 -1.728746
v 0.485725 -0.505191 -1.766260
v 0.475599 -0.516651 -1.757339
v 0.503895 -0.582476 -1.707330
v 0.448405 -0.503986 -1.757890
v 0.540408 -0.593983 -1.711878
v 0.533159 -0.620405 -1.690237
v 0.468007 -0.481607 -1.776238
v 0.433784 -0.472715 -1.772625
v 0.487266 -0.439207 -1.795801
v 0.247871 -0.051785 -2.144138
v 0.451332 0.121375 -2.257147
v 0.507367 0.991856 -3.617211
v -0.001104 -0.564834 -0.640411
v 0.249249 0.215826 -2.385153
v 0.684776 0.925510 -3.149769
v 0.714568 0.977132 -3.208173
v 0.680077 0.945290 -3.201164
v 0.377558 -0.281293 -1.828799
v 0.423005 -0.312059 -1.830911
v 0.339518 -0.274589 -1.812631
v 0.431483 -0.347721 -1.814685
v 0.386357 -0.308539 -1.819206
v 0.255203 0.003958 -2.208531
v 0.257580 0.073762 -2.272968
v 0.271224 0.155183 -2.362437
v 0.468652 -0.393354 -1.810004
v 0.706889 1.083756 -3.499633
v 0.690785 1.081425 -3.544945
v 0.391504 -0.337800 -1.809425
v 0.211688 -0.093376 -2.030903
v 0.657027 1.056049 -3.572283
v 0.644276 1.040533 -3.558764
v 0.649217 1.031656 -3.525354
v 0.625848 0.890401 -3.246155
v 0.505019 0.514662 -2.751568
v 0.525644 0.584765 -2.841565
v 0.610177 0.836385 -3.162246
v -0.220761 -0.596265 -0.677729
v 0.575152 1.067303 -3.956048
v 0.569847 1.070917 -4.062874
v 0.518256 1.087116 -4.137853
v 0.609264 1.062708 -3.977845
v 0.594464 1.063420 -4.027277
v 0.454451 1.099701 -4.219264
v 0.493028 1.076703 -4.199470
v 0.542366 1.055431 -4.158856
v 0.467385 1.106485 -4.191539
v 0.553862 1.060631 -4.132392
v 0.566441 1.029326 -4.149133
v 0.419036 1.133937 -4.207456
v 0.593092 1.060758 -4.039242
v 0.460130 1.117088 -4.175729
v 0.631941 1.048425 -3.974258
v 0.645593 1.047839 -3.944322
v 0.643953 1.057984 -3.908385
v 0.667262 1.041039 -3.895427
v 0.680758 1.059331 -3.797594
v 0.707765 1.058316 -3.688012
v 0.421007 1.139390 -4.175875
v 0.690529 1.070538 -3.675807
v 0.705800 1.075291 -3.623101
v 0.723258 1.024635 -3.775969
v 0.720272 1.015125 -3.816662
v 0.745392 0.998577 -3.806675
v 0.721301 0.992697 -3.861364
v 0.782609 0.993744 -3.771977
v 0.777144 1.009324 -3.747907
v 0.670465 1.005425 -3.976680
v 0.687512 1.077368 -3.634246
v 0.785182 1.025523 -3.702888
v 0.783778 1.090460 -3.495352
v 0.810403 1.078018 -3.507346
v 0.857089 1.072138 -3.443100
v 0.803004 1.069650 -3.552844
v 0.830394 1.014681 -3.697343
v 0.811000 1.086689 -3.437934
v 0.796750 1.018090 -3.713821
v 0.881103 1.046619 -3.609968
v 0.515922 1.086989 -3.988806
v 0.769026 1.095325 -3.481401
v 0.742318 1.096642 -3.506847
v 0.417803 1.136299 -4.109160
v 0.336741 1.166271 -4.147368
v 0.349085 1.160945 -4.106434
v 0.291485 1.177001 -4.178195
v 0.718713 1.093804 -3.542833
v 0.617305 1.067494 -3.892215
v 0.443044 1.109291 -3.936385
v 0.874255 1.057731 -3.590205
v 0.904847 1.057572 -3.567109
v 0.884118 1.067129 -3.549253
v 0.907518 1.066653 -3.535557
v 0.928121 1.059649 -3.533227
v 0.932250 1.065274 -3.506833
v 0.958582 1.054813 -3.490073
v 0.982785 1.055290 -3.426525
v 0.961703 1.065226 -3.431098
v 0.915788 1.070156 -3.506125
v 0.937699 1.070838 -3.442071
v 0.960674 1.066829 -3.393895
v 0.930049 1.048077 -3.555797
v 1.030684 1.032497 -3.247399
v 1.009152 1.041342 -3.253258
v 0.839838 1.063278 -3.564950
v 0.942292 1.069997 -3.392098
v 0.894030 1.070932 -3.514447
v 0.856509 1.066732 -3.542525
v 0.877062 1.070441 -3.461072
v 0.962958 1.045430 -3.503129
v 0.982075 1.042910 -3.464994
v 0.867545 1.058237 -3.355649
v 0.598565 1.064782 -3.960496
v 0.799943 1.086878 -3.415001
v 0.981852 1.053608 -3.292076
v 0.278715 1.177476 -4.164168
v 1.036961 1.023017 -3.207874
v 0.868029 1.068682 -3.416421
v 0.576371 1.064782 -3.925091
v 0.449873 1.083137 -3.816360
v 0.761393 1.093090 -3.449951
v 0.892510 1.067541 -3.415916
v 0.431504 1.089034 -3.819297
v 0.931980 1.067541 -3.369367
v 1.000468 1.036444 -3.224058
v 1.022498 1.021670 -3.184178
v 0.980681 1.046063 -3.254423
v 0.884030 1.051548 -3.333268
v 0.704046 1.090001 -3.559621
v 0.549809 1.059155 -3.889245
v 0.866619 1.045748 -3.306728
v 1.045819 1.008642 -3.163465
v 0.809440 1.073247 -3.362222
v 0.424509 1.067335 -3.731525
v 0.661872 1.071709 -3.677699
v 0.778403 1.086213 -3.410311
v 0.258958 1.175734 -4.157240
v 0.732796 1.093820 -3.486111
v 0.574802 1.061249 -3.880840
v 0.941460 1.055843 -3.302941
v 0.405460 1.062326 -3.710199
v 0.881058 1.037918 -3.288495
v 0.415694 1.042307 -3.648646
v 0.899134 1.048013 -3.316594
v 0.981540 1.035715 -3.218994
v 0.163962 1.169028 -4.170922
v 0.517823 0.985803 -3.611316
v 0.819653 1.053102 -3.303117
v 0.389175 1.072486 -3.748375
v 0.142198 1.179522 -4.202092
v 1.013436 1.014887 -3.162059
v 0.422473 1.012811 -3.570396
v 0.825724 1.032797 -3.255408
v 0.713577 1.091331 -3.516420
v 0.675021 1.074641 -3.612844
v 0.556571 1.049425 -3.837118
v 0.788985 1.062628 -3.331478
v 0.765322 1.074088 -3.376620
v 0.529958 0.969224 -3.550837
v 0.890550 1.012843 -3.223148
v 0.910419 1.026664 -3.247578
v 0.747916 1.085610 -3.428538
v 0.947342 1.042577 -3.255276
v 0.180408 1.168775 -4.167754
v 0.151056 1.151324 -4.120186
v 0.616232 1.063182 -3.727349
v 0.382399 1.052008 -3.686247
v 0.157440 1.138755 -4.085372
v 0.177173 1.131004 -4.068771
v 0.212536 1.072629 -3.889647
v 0.240123 1.017899 -3.718615
v 0.203313 0.983679 -3.616880
v 0.411237 0.974849 -3.480379
v 0.231286 0.955751 -3.557692
v 0.386571 0.998942 -3.539589
v 0.391829 0.968557 -3.468453
v 0.262560 0.964786 -3.565960
v 0.572059 1.053831 -3.829107
v 0.647198 1.062658 -3.650539
v 0.615791 1.051628 -3.644473
v 0.643404 1.051786 -3.599690
v 0.873844 0.992397 -3.182832
v 0.913509 1.003380 -3.192928
v 0.999184 0.990715 -3.111624
v 0.806304 1.007548 -3.206049
v 0.784018 1.017328 -3.231123
v 0.211632 0.914524 -3.469312
v 0.237061 0.914177 -3.469424
v 0.513194 0.949521 -3.507632
v 0.501763 0.924242 -3.446863
v 0.514150 0.913306 -3.412471
v 0.502647 0.897311 -3.385883
v 0.532934 0.933243 -3.437056
v 0.763976 1.023414 -3.253990
v 0.566244 1.032353 -3.733689
v 0.738821 1.077685 -3.414588
v 0.887622 0.977561 -3.155143
v 0.499968 0.821438 -3.236018
v 0.238122 0.885440 -3.413469
v 0.967446 1.001700 -3.149673
v 1.012472 0.959000 -3.051256
v 0.916781 0.975231 -3.138153
v 0.809652 0.978449 -3.153732
v 0.215534 0.791497 -3.248138
v 0.517096 0.885663 -3.345533
v 0.329071 0.724737 -3.046086
v 0.606414 1.041927 -3.626713
v 0.737656 0.951012 -3.134345
v 0.483843 0.825861 -3.257849
v 0.752086 0.917298 -3.071910
v 0.718701 0.884410 -3.039592
v 0.642477 0.999815 -3.463271
v 0.564547 0.973328 -3.487866
v 0.564274 0.958286 -3.444430
v 0.554477 0.917221 -3.356822
v 0.589185 1.011892 -3.572562
v 0.525183 0.802989 -3.164440
v 0.697012 0.880574 -3.052548
v 0.390194 0.292223 -2.525302
v 0.175569 0.377352 -2.592997
v 0.177862 0.337600 -2.535352
v 0.176219 0.277672 -2.451415
v 0.312769 0.684557 -2.987914
v 0.179815 0.439437 -2.685983
v 0.180571 0.509874 -2.799042
v 0.360350 1.008310 -3.581334
v 0.406354 -0.249276 -1.959980
v 0.405354 -0.210920 -1.958414
v 0.406749 -0.237295 -1.929510
v 0.407798 -0.265603 -1.942465
v 0.413712 -0.264224 -1.891843
v 0.413037 -0.286319 -1.935585
v 0.411833 -0.282578 -1.951542
v 0.411122 -0.193722 -2.007265
v 0.404771 -0.173023 -1.990073
v 0.411570 -0.123602 -2.046845
v 0.400072 -0.199254 -1.946040
v 0.395911 -0.211269 -1.915396
v 0.413105 -0.264857 -1.969724
v 0.411238 -0.228688 -1.986427
v 0.417937 -0.166208 -2.041331
v 0.396494 -0.131528 -2.006890
v 0.388481 -0.148851 -1.974783
v 0.406086 -0.092790 -2.057953
v 0.402310 -0.249246 -1.873749
v 0.421942 -0.183944 -2.034536
v 0.419512 -0.299521 -1.931620
v 0.423627 -0.289537 -1.858674
v 0.425375 -0.289949 -1.880494
v 0.438548 -0.320348 -1.840296
v 0.451556 -0.329320 -1.871815
v 0.459945 -0.344630 -1.850208
v 0.397205 -0.067509 -2.065914
v 0.385109 -0.086164 -2.034268
v 0.437821 -0.085008 -2.113918
v 0.385112 -0.207496 -1.900469
v 0.374919 -0.129040 -1.977829
v 0.480314 -0.365616 -1.855663
v 0.404956 -0.273860 -1.848428
v 0.453327 -0.330873 -1.893490
v 0.488049 -0.400422 -1.818594
v 3.821198 0.518957 -0.306461
v 3.978451 0.452402 -0.221058
v 3.991891 0.433780 -0.229667
v 3.825122 0.536725 -0.279636
v 3.792016 0.544888 -0.298126
v 3.856038 0.525963 -0.256628
v 3.770721 0.534602 -0.323289
v 3.760945 0.554365 -0.305050
v 3.781162 0.516136 -0.331266
v 3.822692 0.489808 -0.322149
v 3.966483 0.434333 -0.247126
v 3.795838 0.554080 -0.270307
v 3.825756 0.543650 -0.247354
v 3.905443 0.500856 -0.223113
v 3.865513 0.522904 -0.220137
v 3.949685 0.476812 -0.200952
v 3.997672 0.450658 -0.201235
v 3.742392 0.570611 -0.266720
v 3.993598 0.455541 -0.180690
v 3.725589 0.571896 -0.286358
v 3.645069 0.578617 -0.297549
v 3.606750 0.579867 -0.286708
v 3.528677 0.572546 -0.301764
v 5.147317 0.107206 0.097991
v 5.147044 0.095729 0.076442
v 5.195109 0.046658 0.093007
v 5.080119 0.156689 0.062389
v 5.087625 0.156848 0.075704
v 5.233196 0.032789 0.133882
v 5.267849 0.009917 0.150924
v 5.269827 0.018524 0.172861
v 5.103078 0.121993 0.052617
v 5.383963 -0.023700 0.258411
v 5.162287 0.062794 0.068404
v 5.130738 0.083478 0.052422
v 5.355727 -0.013476 0.231396
v 4.960699 0.246940 0.043313
v 5.381950 -0.013620 0.274477
v 4.983796 0.235336 0.058386
v 5.407501 -0.028089 0.301272
v 4.888170 0.283045 0.016458
v 4.907926 0.281396 0.034539
v 4.947858 0.263059 0.061751
v 5.057712 0.183333 0.082446
v 5.409421 -0.014253 0.350598
v 5.423649 -0.029136 0.343918
v 5.230076 0.040319 0.149204
v 5.363240 -0.003729 0.268243
v 5.189739 0.072224 0.135277
v 5.313600 0.002390 0.205348
v 5.377987 -0.001414 0.311602
v 5.419841 -0.019959 0.369504
v 5.216409 0.057326 0.199442
v 5.156209 0.094176 0.166012
v 5.396724 -0.002714 0.379263
v 4.945682 0.264882 0.075152
v 5.253128 0.047752 0.268742
v 5.153868 0.093417 0.190635
v 4.903383 0.290352 0.057704
v 5.440277 -0.036775 0.461482
v 5.414652 -0.015109 0.448950
v 5.073983 0.167181 0.119921
v 5.347085 0.023041 0.418835
v 5.431861 -0.031387 0.478451
v 5.454348 -0.054576 0.475670
v 5.328254 0.025736 0.371854
v 5.367291 0.009887 0.463894
v 5.343950 0.023374 0.436856
v 5.318508 0.030713 0.403061
v 5.435221 -0.044258 0.516516
v 4.860507 0.310513 0.037832
v 4.824044 0.324667 0.035299
v 5.467835 -0.092537 0.568179
v 5.444441 -0.065686 0.555532
v 5.299036 0.030681 0.370700
v 5.492303 -0.160772 0.662712
v 4.769077 0.337317 0.027467
v 5.483785 -0.161104 0.682057
v 5.474561 -0.171723 0.707850
v 4.715451 0.346239 0.012945
v 5.154227 0.030871 0.430214
v 5.486325 -0.185877 0.709801
v 5.046745 0.029080 0.374016
v 4.674029 0.349727 -0.010449
v 4.468539 0.356621 -0.051114
v 4.375169 0.365798 -0.077806
v 4.176771 0.397054 -0.115591
v 4.989476 0.023644 0.404998
v 4.970532 0.026497 0.425520
v -0.671408 -1.992603 1.146083
v -0.670613 -2.014666 1.156084
v -0.654031 -1.990970 1.170241
v -0.652774 -1.971648 1.160001
v -0.681710 -2.016125 1.136401
v -0.630247 -1.964230 1.180722
v -0.631439 -1.994235 1.193223
v -0.643849 -2.025396 1.184823
v -0.664969 -2.040153 1.161484
v -0.617607 -2.020419 1.205821
v -0.613048 -1.987388 1.204471
v -0.678782 -2.041959 1.140657
v -0.626134 -2.044574 1.195977
v -0.651310 -2.059822 1.169510
v -0.596815 -2.014666 1.216585
v -0.599842 -2.045527 1.211035
v -0.665059 -2.071947 1.147782
v -0.683755 -2.064276 1.119987
v -0.690951 -2.037394 1.113145
v -0.577563 -2.032926 1.221443
v -0.683898 -2.087639 1.093173
v -0.689720 -2.016472 1.113263
v -0.692328 -2.063675 1.091249
v -0.676376 -1.984916 1.124205
v -0.659975 -1.964453 1.137095
v -0.694711 -2.032878 1.082392
v -0.610541 -1.940757 1.176809
v -0.642343 -1.950505 1.150561
v -0.046167 -3.846276 1.709300
v -0.034454 -3.856120 1.691768
v -0.006200 -3.849017 1.709426
v -0.024838 -3.834119 1.733973
v 0.017403 -3.836069 1.726584
v 0.001711 -3.820821 1.750813
v 0.028888 -3.848764 1.699121
v 0.049070 -3.859733 1.664989
v 0.019727 -3.863933 1.664494
v -0.027390 -3.862965 1.665951
v -0.067506 -3.860161 1.663861
v -0.052190 -3.863077 1.650472
v -0.056826 -3.830807 1.727669
v -0.079066 -3.848082 1.680800
v -0.074020 -3.860683 1.647055
v -0.038674 -3.808743 1.759382
v 0.029164 -3.820694 1.741293
v 0.043831 -3.835561 1.711288
v 0.059564 -3.843835 1.682835
v 0.084241 -3.844246 1.663048
v 0.069688 -3.855929 1.649160
v 0.040351 -3.861048 1.650620
v -0.012992 -3.861618 1.656137
v -0.094677 -3.851047 1.652061
v 0.015762 -3.799249 1.765269
v 0.050972 -3.816114 1.729582
v 0.082345 -3.849303 1.643578
v 0.091112 -3.842963 1.650674
v 0.051125 -3.796016 1.746261
v 0.074670 -3.826021 1.686767
v 0.534279 0.886010 -3.985250
v 0.535598 0.886027 -3.961404
v 0.580173 0.852393 -3.962879
v 0.581863 0.848066 -4.007265
v 0.572890 0.868544 -3.924381
v 0.571591 0.871667 -3.904452
v 0.603675 0.844404 -3.934272
v 0.604208 0.838556 -3.984395
v 0.600782 0.864535 -3.876544
v 0.627744 0.848542 -3.876311
v 0.630251 0.840616 -3.897379
v 0.642725 0.863631 -3.817651
v 0.630128 0.834229 -3.933121
v 0.666136 0.843359 -3.841150
v 0.655142 0.835766 -3.879115
v 0.592088 0.868559 -3.867412
v 0.711300 0.857069 -3.756976
v 0.697060 0.839444 -3.823957
v 0.710510 0.864170 -3.724554
v 0.592403 0.845704 -4.034842
v 0.633576 0.831645 -3.973571
v 0.666741 0.830980 -3.897974
v 0.616957 0.837050 -4.016060
v 0.487043 0.907361 -4.030499
v 0.738135 0.860761 -3.722877
v 0.768261 0.864359 -3.674502
v 0.706678 0.837986 -3.829481
v 0.550647 0.873347 -3.891236
v 0.654917 0.830394 -3.953378
v 0.731110 0.845799 -3.802827
v 0.462079 0.904461 -3.985691
v 0.497371 0.871856 -3.746481
v 0.479805 0.876121 -3.751110
v 0.545745 0.847495 -3.722062
v 0.595613 0.831724 -3.694471
v 0.493501 0.860826 -3.684325
v 0.503992 0.863235 -3.709141
v 0.559648 0.826844 -3.643680
v 0.638415 0.835815 -4.010508
v 0.662305 0.833183 -3.977695
v 0.586086 0.865185 -3.843395
v 0.676120 0.830774 -3.918037
v 0.613448 0.847669 -4.052675
v 0.584906 0.857908 -4.069638
v 0.496604 0.833768 -3.596228
v 0.792402 0.860176 -3.618014
v 0.479675 0.851346 -3.649955
v 0.697755 0.834182 -3.877978
v 0.610131 0.846022 -3.755089
v 0.608166 0.772302 -3.509301
v 0.496904 0.805493 -3.523246
v 0.476646 0.833277 -3.598465
v 0.777963 0.866626 -3.694400
v 0.799839 0.869241 -3.655277
v 0.762059 0.861032 -3.746229
v 0.649076 0.775458 -3.508124
v 0.630284 0.850254 -4.053515
v 0.591728 0.754265 -3.467583
v 0.562454 0.776455 -3.502932
v 0.656366 0.839427 -4.008188
v 0.496964 0.787614 -3.485951
v 0.521374 0.769942 -3.463747
v 0.820238 0.866294 -3.606852
v 0.649863 0.848336 -4.036289
v 0.371457 0.878895 -3.846058
v 0.349116 0.790656 -3.587014
v 0.300609 0.791641 -3.578156
v 0.394701 0.814655 -3.635862
v 0.368916 0.769799 -3.538424
v 0.404381 0.770528 -3.525934
v 0.369460 0.736799 -3.470986
v 0.793629 0.872300 -3.701678
v 0.296722 0.724722 -3.436684
v 0.698087 0.837921 -3.915452
v 0.614679 0.702229 -3.366133
v 0.844924 0.827318 -3.475681
v 0.808480 0.807569 -3.448263
v 0.758898 0.742235 -3.327464
v 0.829631 0.797203 -3.422172
v 0.288747 0.691437 -3.376483
v 0.464176 0.820108 -3.576235
v 0.729436 0.723104 -3.301052
v 0.734934 0.748797 -3.349907
v 0.263732 0.752221 -3.502737
v 0.363650 0.694970 -3.394952
v 0.398869 0.686966 -3.372358
v 0.735258 0.846624 -3.829198
v 0.552511 0.687410 -3.338703
v 0.729078 0.693449 -3.248899
v 0.588387 0.872474 -4.093751
v 0.484994 0.724848 -3.374756
v 0.499378 0.747767 -3.414362
v 0.468230 0.685048 -3.312708
v 0.469561 0.630477 -3.224718
v 0.615747 0.868909 -4.085785
v 0.546196 0.624676 -3.238617
v 0.870025 0.811357 -3.425656
v 0.427178 0.791894 -3.553845
v 0.795418 0.612361 -3.135803
v 0.336115 0.558709 -3.178407
v 0.492407 0.425379 -2.950661
v 0.487946 0.622267 -3.214964
v 0.472239 0.582641 -3.155081
v 0.430515 0.487652 -3.023295
v 0.356212 0.485069 -3.072264
v 0.712727 0.654173 -3.188886
v 0.680928 0.603151 -3.122677
v 0.511475 0.380317 -2.889999
v 0.413509 0.399796 -2.910292
v 0.763017 0.427612 -2.881721
v 0.287278 0.537058 -3.137350
v 0.599770 0.401207 -2.861629
v 0.690619 0.394660 -2.858406
v 0.703343 0.359760 -2.814966
v 0.338279 0.373296 -2.931918
v 0.250388 0.416043 -2.983569
v 0.408161 0.355401 -2.858344
v 0.639990 0.861793 -4.063927
v 0.784570 0.395025 -2.818216
v 0.320901 0.298197 -2.850639
v 0.303482 0.297832 -2.854892
v 0.293590 0.220580 -2.770452
v 0.613635 0.351232 -2.800203
v 0.657025 0.343450 -2.799949
v 0.234853 0.369696 -2.935686
v 0.238819 0.327996 -2.886058
v 0.248005 0.586065 -3.221240
v 0.353847 0.216617 -2.717158
v 0.236001 0.422191 -2.999367
v 0.599982 0.883127 -4.102998
v 0.665732 0.209723 -2.651115
v 0.623608 0.169243 -2.623570
v 0.338555 0.107159 -2.602542
v 0.329677 0.112627 -2.611679
v 0.568884 0.268621 -2.716914
v 0.228340 0.231215 -2.788472
v 0.571675 0.891067 -4.112652
v 0.342463 -0.102680 -2.405296
v 0.245137 -0.049473 -2.509944
v 0.225397 0.321846 -2.887029
v 0.288000 -0.120431 -2.399905
v 0.843504 0.881921 -3.610564
v 0.295323 -0.023763 -2.488258
v 0.434841 -0.237928 -2.291714
v 0.471386 -0.220541 -2.294895
v 0.281673 -0.212647 -2.322604
v 0.298595 -0.272466 -2.263299
v 0.236649 0.493723 -3.094305
v 0.402553 -0.077939 -2.409595
v 0.358824 -0.135109 -2.360696
v 0.363492 -0.168585 -2.327941
v 0.348615 -0.201696 -2.301510
v 0.341184 -0.192106 -2.313390
v 0.441906 -0.316275 -2.224377
v 0.461913 -0.010211 -2.470730
v 0.683031 0.841092 -3.970526
v 0.235467 0.826891 -3.727012
v 0.348340 -0.256917 -2.257581
v 0.415202 -0.394036 -2.170364
v 0.671455 0.854755 -4.019463
v 0.328809 -0.378376 -2.168000
v 0.401729 -0.543627 -2.060625
v 0.425173 -0.577182 -2.030290
v 0.430147 -0.482493 -2.098471
v 0.806423 0.883618 -3.710364
v 0.402510 -0.599957 -2.022247
v 0.382511 -0.561934 -2.050052
v 0.231822 0.788756 -3.638306
v 0.204750 0.489364 -3.134589
v 0.186774 0.477715 -3.133605
v 0.205347 0.559754 -3.242654
v 0.189450 0.571737 -3.274573
v 0.213166 0.662747 -3.410813
v 0.195760 0.671180 -3.450926
v 0.210368 0.731790 -3.560998
v 0.346041 -0.441713 -2.125420
v 0.332954 -0.439604 -2.126860
v 0.348684 -0.508488 -2.083226
v 0.732062 0.851363 -3.870987
v 0.705118 0.854058 -3.951695
v 0.761260 0.861617 -3.795921
v 0.544344 0.421020 -2.933111
v 0.559965 0.407595 -2.900432
v 0.618111 0.480157 -2.965323
v 0.700952 0.684986 -3.247942
v 0.706002 0.719000 -3.313574
v 0.674960 0.755898 -3.442934
v 0.406182 -0.710639 -1.965696
v 0.459230 -1.298199 -1.727518
v 0.398169 -1.216381 -1.829074
v 0.468500 -1.415948 -1.673309
v 0.327463 -0.489055 -2.107176
v 0.320346 -0.440127 -2.135813
v 0.475980 -1.315792 -1.705071
v 0.252285 -0.447370 -2.210657
v 0.426870 -1.458140 -1.701911
v 0.393762 -0.666894 -1.993036
v 0.413911 -0.677528 -1.971940
v 0.352677 -0.547018 -2.063753
v 0.463146 -0.961133 -1.803748
v 0.313969 -0.398363 -2.164588
v 0.393241 -1.426758 -1.750658
v 0.468245 -1.564113 -1.592182
v 0.439864 -0.712415 -1.932056
v 0.228126 -1.121233 -2.026052
v 0.389844 -1.474053 -1.730018
v 0.233134 -0.620056 -2.159230
v 0.233752 -0.430189 -2.234880
v 0.491745 -1.393980 -1.663992
v 0.181018 -1.141885 -2.053798
v 0.152648 -1.172270 -2.067079
v 0.156500 -1.119189 -2.081253
v 0.119093 -1.167119 -2.105271
v 0.094818 -1.122834 -2.142574
v 0.140623 -1.212878 -2.058927
v 0.090650 -1.169163 -2.129774
v 0.144075 -1.026529 -2.108290
v 0.075510 -1.138510 -2.152076
v 0.081419 -1.103005 -2.155015
v 0.488660 -1.303002 -1.700991
v 0.230088 -0.282578 -2.320395
v 0.404395 -0.641104 -1.997630
v 0.409511 -1.581802 -1.645210
v 0.369458 -1.498257 -1.733636
v 0.065616 -1.173237 -2.145331
v 0.067656 -1.202465 -2.129284
v 0.114584 -1.033503 -2.127131
v 0.178962 -0.660014 -2.178685
v 0.221487 -0.396983 -2.260572
v 0.226725 -0.231953 -2.360464
v 0.512828 -0.906576 -1.790756
v 0.495874 -0.799939 -1.846424
v 0.525508 -0.859676 -1.792142
v 0.513347 -1.028353 -1.756830
v 0.506949 -0.777208 -1.845284
v 0.572047 -1.116113 -1.686945
v 0.576111 -0.909921 -1.723253
v 0.540182 -0.836836 -1.777038
v 0.479617 -0.734557 -1.893860
v 0.575864 -1.202607 -1.673141
v 0.579713 -1.248636 -1.658206
v 0.561858 -1.253643 -1.674836
v 0.550247 -1.325271 -1.661490
v 0.556709 -1.389035 -1.628483
v 0.577285 -1.392474 -1.604164
v 0.566933 -1.469997 -1.579959
v 0.556373 -1.493566 -1.577996
v 0.535575 -1.312938 -1.675704
v 0.558948 -0.825964 -1.750701
v 0.575402 -0.789762 -1.744243
v 0.590345 -0.733208 -1.743660
v 0.586044 -0.705756 -1.758292
v 0.562754 -0.755859 -1.760366
v 0.563559 -0.719451 -1.770970
v 0.585947 -0.628679 -1.792348
v 0.567095 -1.519306 -1.549568
v 0.553052 -1.546093 -1.549136
v 0.577249 -1.485354 -1.556166
v 0.562240 -0.695740 -1.786871
v 0.544660 -0.755400 -1.797682
v 0.519984 -0.490434 -1.999891
v 0.550947 -0.544609 -1.937111
v 0.508971 -0.417779 -2.053253
v 0.540201 -1.544888 -1.561220
v 0.486789 -0.405463 -2.084357
v 0.561329 -0.564042 -1.910168
v 0.484489 -1.573369 -1.572727
v 0.208428 -0.281040 -2.337624
v 0.264039 -0.206578 -2.342633
v 0.378587 -0.594189 -2.031880
v 0.499712 -0.334756 -2.124669
v 0.521282 -1.559312 -1.563338
v 0.360740 -1.594308 -1.676458
v 0.325475 -1.585796 -1.707699
v 0.074931 -1.069879 -2.160156
v 0.190168 -0.437813 -2.259172
v 0.580049 -0.492749 -1.950901
v 0.390919 -1.630414 -1.623138
v 0.546856 -1.635676 -1.480311
v 0.465446 -0.363349 -2.161559
v 0.446647 -0.367328 -2.176744
v 0.526331 -1.589585 -1.539422
v 0.275118 -0.152957 -2.376988
v 0.534620 -1.631206 -1.497547
v 0.236210 -0.153828 -2.419542
v 0.574659 -0.553169 -1.896986
v 0.466042 -1.620525 -1.549548
v 0.429069 -1.659911 -1.556582
v 0.557132 -1.626278 -1.473204
v 0.477839 -1.629844 -1.532612
v 0.276094 -0.114107 -2.413226
v 0.254521 -0.054132 -2.499167
v 0.486505 -0.276857 -2.223689
v 0.352475 -1.670023 -1.617787
v 0.552022 -0.710718 -1.805032
v 0.518596 -1.677441 -1.465620
v 0.462777 -1.670008 -1.503079
v 0.478164 -1.654078 -1.509773
v 0.514917 -0.203519 -2.272578
v 0.496347 -0.278204 -2.204014
v 0.527471 -1.747214 -1.373273
v 0.401884 -1.739699 -1.499791
v 0.495051 -0.198272 -2.301137
v 0.516477 -1.708873 -1.433943
v 0.448197 -1.767121 -1.397518
v 0.508187 -0.290740 -2.158380
v 0.534847 -1.749685 -1.350371
v 0.145588 0.522380 -3.283519
v 0.178144 0.593721 -3.342383
v 0.189056 0.693101 -3.512058
v 0.471817 -1.727495 -1.431950
v 0.639955 -2.003809 1.173290
v 0.651988 -1.990052 1.148455
v 0.634735 -1.976531 1.166823
v 0.617151 -1.985105 1.191524
v 0.657428 -2.020325 1.150631
v 0.662544 -2.007280 1.135401
v 0.649768 -2.036508 1.162933
v 0.611536 -2.008151 1.201841
v 0.627030 -2.030723 1.188385
v 0.592333 -1.977957 1.207886
v 0.609115 -1.953026 1.177154
v 0.586718 -1.954641 1.197054
v 0.580777 -1.996661 1.218851
v 0.600979 -2.032861 1.208061
v 0.576611 -2.014651 1.222532
v 0.640876 -2.054592 1.168063
v 0.581048 -2.037126 1.218617
v 0.615261 -2.056986 1.191058
v 0.659281 -2.054116 1.142530
v 0.669389 -2.031943 1.125013
v 0.557734 -2.026379 1.228235
v 0.560954 -2.052104 1.222184
v 0.659676 -2.075117 1.125302
v 0.669941 -2.058301 1.113929
v 0.670398 -2.017472 1.111721
v 0.673902 -2.043798 1.096363
v 0.662171 -1.994330 1.115753
v 4.181088 0.387480 -0.160731
v 4.087798 0.415505 -0.181078
v 4.074581 0.424253 -0.173152
v 4.170770 0.396992 -0.149505
v 4.038415 0.428389 -0.200833
v 4.265810 0.375293 -0.131927
v 4.059827 0.412873 -0.203927
v 4.700405 0.338108 -0.033868
v 4.668030 0.346651 -0.032826
v 4.701695 0.346365 -0.016872
v 4.752790 0.333923 -0.011599
v 4.418450 0.360774 -0.079863
v 4.775891 0.335270 0.012722
v 0.538920 1.002128 -4.181834
v 0.554186 1.014190 -4.169740
v 0.584853 0.974660 -4.140918
v 0.590050 0.939664 -4.131149
v 0.551482 0.967384 -4.165385
v 0.640656 0.915223 -4.091177
v 0.631786 0.901797 -4.094975
v 0.609855 0.898738 -4.107408
v 0.648179 0.884901 -4.075842
v 0.624402 0.879577 -4.089596
v 0.660457 0.872665 -4.055775
v 0.669702 0.884584 -4.051664
v 0.594390 0.982126 -4.129383
v 0.650583 0.928775 -4.082030
v 0.666575 0.911847 -4.062830
v 0.686166 0.897232 -4.030795
v 0.790355 0.973249 -3.788913
v 0.902552 1.037759 -3.603829
v 0.756449 0.976578 -3.827097
v 0.918674 1.019087 -3.604656
v 0.934379 1.036300 -3.566362
v 0.743193 0.953944 -3.877915
v 0.786514 0.957273 -3.806691
v 0.768032 0.941867 -3.844130
v 0.950766 1.023414 -3.551679
v 0.748948 0.931707 -3.888873
v 0.729604 0.950932 -3.912406
v 1.008498 1.028629 -3.422725
v 0.940496 1.004712 -3.578630
v 0.711829 0.942008 -3.973136
v 0.690497 0.979905 -3.974819
v 0.687089 0.946747 -4.018544
v 0.662689 0.943276 -4.061339
v 0.610772 0.993030 -4.100528
v 0.689901 0.921547 -4.025831
v 0.709613 0.924843 -3.988481
v 0.793786 0.921895 -3.804800
v 0.722904 0.912115 -3.961541
v 0.765369 0.913591 -3.859220
v 1.002025 1.007945 -3.446725
v 0.932409 0.992159 -3.591811
v 1.052334 0.998213 -3.314111
v 1.073000 0.983299 -3.252241
v 1.057630 0.970381 -3.297375
v 0.943555 0.982014 -3.568533
v 0.788409 0.906902 -3.808338
v 1.091115 0.953612 -3.190915
v 1.092792 0.935907 -3.183537
v 0.705219 0.884807 -3.991298
v 0.906674 0.966607 -3.624371
v 0.860119 0.942785 -3.694121
v 1.088381 0.911006 -3.176123
v 0.679463 0.868370 -4.024924
v 0.994886 0.964896 -3.439613
v 0.936022 0.964357 -3.568503
v 1.108736 0.827382 -3.017084
v 0.692885 0.860888 -3.993273
v 1.098834 0.849366 -3.078170
v 1.085147 0.881050 -3.148274
v 0.841524 0.925033 -3.709721
v 0.900883 0.945876 -3.613813
v 0.751956 0.866706 -3.852373
v 1.055986 0.544682 -2.751252
v 0.958876 0.956639 -3.505877
v 0.857505 0.896266 -3.611285
v 0.899316 0.909882 -3.543694
v 0.949023 0.876041 -3.404274
v 0.962755 0.849937 -3.339362
v 0.957081 0.911577 -3.416803
v 0.958440 0.818473 -3.306266
v 0.983447 0.884569 -3.313288
v 0.978068 0.905903 -3.358168
v 0.997576 0.847511 -3.216777
v 0.993493 0.756850 -3.068868
v 0.592509 -0.068792 -2.332216
v 1.019713 0.449566 -2.687644
v 0.650941 -0.286731 -2.091945
v 0.619635 -0.359118 -2.044847
v 0.596944 -0.393021 -2.034136
v 0.644499 -0.274398 -2.116149
v 0.669786 -0.192218 -2.187850
v 0.632138 -0.261735 -2.140703
v 1.068731 0.814146 -3.079846
v 0.551571 -0.459765 -2.004213
v 0.734422 0.157989 -2.498928
v 0.695312 0.081228 -2.433135
v 0.578116 -0.369246 -2.067087
v 0.544364 -0.197242 -2.221979
v 0.530673 -0.277458 -2.148879
v 0.518860 -0.290629 -2.144684
v 0.519516 -0.335120 -2.106124
v 0.564012 -0.342238 -2.092606
v 0.791234 0.232706 -2.562911
v 0.668274 0.000392 -2.361857
v 0.541441 -0.296685 -2.129282
v -0.611294 -1.577143 0.033072
v -0.588134 -1.590711 0.062465
v -0.610861 -1.565351 0.058699
v -0.622466 -1.560612 0.039472
v -0.640499 -1.522841 0.054910
v -0.645873 -1.524109 0.033371
v -0.656024 -1.505485 0.054254
v -0.645796 -1.505199 0.072033
v -0.570948 -1.595132 0.084131
v -0.550104 -1.598112 0.109152
v -0.529716 -1.622790 0.114565
v -0.522878 -1.617496 0.134015
v -0.506106 -1.649434 0.116169
v -0.502869 -1.640447 0.149173
v -0.507870 -1.614358 0.166158
v -0.490886 -1.655775 0.160943
v -0.551577 -1.618163 0.070916
v -0.476853 -1.679217 0.132275
v -0.595822 -1.591074 0.035393
v -0.626516 -1.561403 0.008763
v -0.493749 -1.665046 0.089196
v -0.666913 -1.492187 0.076595
v -0.678020 -1.488034 0.055242
v -0.653924 -1.510208 0.005813
v -0.654149 -1.490269 0.086973
v -0.689348 -1.472120 0.109313
v -0.695535 -1.477335 0.095089
v -0.774575 -1.447584 0.142027
v -0.814951 -1.439692 0.142064
v -0.859276 -1.427455 0.156553
v -0.846512 -1.424459 0.177830
v -0.894821 -1.416137 0.193615
v -0.981234 -1.401730 0.230789
v -0.958236 -1.399465 0.240246
v -0.843753 -1.416519 0.194040
v -0.949978 -1.392697 0.250976
v -1.111334 -1.377352 0.327637
v -1.135295 -1.382520 0.319241
v -1.180395 -1.372519 0.332992
v -1.332676 -1.334637 0.363941
v -1.592947 -1.255975 0.420958
v -1.735673 -1.214796 0.465905
v -1.831036 -1.190529 0.480671
v -1.920929 -1.172746 0.472859
v -1.937628 -1.166612 0.483306
v -1.984600 -1.164931 0.467930
v -1.983634 -1.165201 0.481614
v -2.070144 -1.166707 0.506325
v -2.052165 -1.166231 0.523472
v -2.093329 -1.163189 0.533415
v -2.105933 -1.162934 0.518472
v -2.149276 -1.152014 0.535270
v -2.450795 -1.057231 0.512534
v -2.619325 -1.013246 0.511601
v -2.816636 -0.976840 0.506225
v -2.025734 -1.161127 0.524938
v -1.981569 -1.158195 0.499570
v -1.959808 -1.158798 0.493528
v -1.295446 -1.323733 0.389805
v -1.178028 -1.358603 0.355498
v -1.144794 -1.359807 0.351705
v -0.661011 -1.470155 0.110341
v -0.779346 -1.425205 0.173899
v -0.705607 -1.444604 0.146421
v -1.082215 -1.371631 0.328164
v -0.627303 -1.486798 0.091598
v -1.187097 -1.340566 0.372707
v -0.687392 -1.432241 0.153366
v -0.657750 -1.417358 0.164591
v -0.631775 -1.449075 0.120553
v -0.676330 -1.403110 0.180134
v -0.723346 -1.387085 0.194927
v -0.780659 -1.360583 0.228132
v -0.764203 -1.399907 0.187065
v -0.626643 -1.413555 0.155326
v -0.860997 -1.346794 0.276821
v -1.034430 -1.354465 0.321702
v -1.032972 -1.329898 0.346749
v -1.100204 -1.320927 0.365246
v -1.161352 -1.282459 0.416946
v -1.189052 -1.299007 0.394988
v -1.190396 -1.280145 0.421032
v -1.278153 -1.252487 0.446069
v -1.430090 -1.231026 0.443484
v -1.211831 -1.261855 0.439219
v -1.350240 -1.222800 0.463113
v -1.474132 -1.201324 0.461410
v -1.145408 -1.319183 0.372301
v -1.227696 -1.310388 0.387536
v -1.078318 -1.343323 0.341736
v -1.340597 -1.275074 0.414278
v -1.494438 -1.207869 0.456415
v -0.836072 -1.334114 0.276658
v -1.310661 -1.306138 0.403343
v -1.093188 -1.357445 0.342173
v -0.628637 -1.468221 0.104534
v -1.147397 -1.268797 0.424833
v -0.588109 -1.463863 0.103920
v -1.136268 -1.332799 0.361786
v -0.600681 -1.425728 0.127144
v -1.003778 -1.324383 0.342102
v -1.148580 -1.344940 0.362895
v -0.592564 -1.442418 0.113317
v -0.662886 -1.392903 0.183966
v -0.749114 -1.372281 0.210095
v -1.418840 -1.273789 0.428239
v -1.383027 -1.205619 0.469146
v -1.537498 -1.183776 0.466432
v -0.781683 -1.345638 0.238689
v -0.634014 -1.395074 0.170748
v -0.854707 -1.326015 0.288209
v -1.051940 -1.303935 0.369876
v -1.125604 -1.252708 0.424006
v -0.578863 -1.423017 0.119152
v -0.584978 -1.412272 0.126622
v -0.603415 -1.400574 0.147164
v -0.810537 -1.318756 0.270038
v -0.560013 -1.407960 0.117928
v -0.759460 -1.337205 0.229662
v -0.723562 -1.362439 0.207321
v 4.850077 0.307962 0.016114
v 4.822693 0.319945 0.013722
v 4.785662 0.321893 -0.009523
v 4.839146 0.302858 0.001336
v 4.893226 0.265403 0.005943
v 5.070747 0.136908 0.038488
v 2.439069 0.465162 -0.459116
v 2.400237 0.456476 -0.462753
v 2.417674 0.449328 -0.473530
v 2.461619 0.459376 -0.465309
v 2.580922 0.493755 -0.418421
v 2.571247 0.501553 -0.408213
v 2.810322 0.485228 -0.365454
v 2.852202 0.476907 -0.375427
v 2.645115 0.505880 -0.375052
v 2.860208 0.483437 -0.353131
v 2.751345 0.495182 -0.356168
v 2.572495 0.506482 -0.392889
v 2.950370 0.480204 -0.363494
v 3.722428 0.567030 -0.302961
v 3.763863 0.562560 -0.283602
v 3.729622 0.554112 -0.320872
v 3.684289 0.568408 -0.315383
v 3.639897 0.572799 -0.314944
v 3.575648 0.568773 -0.322059
v 3.511717 0.566460 -0.316439
v 3.041869 0.475559 -0.377974
v 3.024242 0.482724 -0.364699
v 3.506107 0.552653 -0.338679
v 3.590048 0.554065 -0.342787
v 3.063060 0.493026 -0.347463
v 2.856542 0.462926 -0.397035
v 3.112579 0.467824 -0.389410
v 3.557592 0.539656 -0.355591
v 3.193647 0.464179 -0.392877
v 3.652190 0.541717 -0.350771
v 2.801704 0.442180 -0.416043
v 2.672916 0.474909 -0.413624
v 2.754780 0.448599 -0.415749
v 3.645042 0.522254 -0.361933
v 3.596034 0.507544 -0.371365
v 2.684518 0.455302 -0.420043
v 3.196953 0.449517 -0.398573
v 2.905049 0.414235 -0.427692
v 3.692643 0.533364 -0.349182
v 2.831106 0.420100 -0.424568
v 2.754902 0.433557 -0.419538
v 2.497725 0.454003 -0.465168
v 2.648866 0.466809 -0.422328
v 2.629203 0.442084 -0.434492
v 3.714001 0.506197 -0.354902
v 3.656638 0.506911 -0.365062
v 2.507157 0.434254 -0.472357
v 2.465030 0.434397 -0.481134
v 2.431988 0.432003 -0.486225
v 2.406847 0.406422 -0.500011
v 2.452038 0.405693 -0.493483
v 2.397376 0.380429 -0.509539
v 2.326656 0.364134 -0.514310
v 3.711912 0.545411 -0.335949
v 2.355934 0.355386 -0.518110
v 3.665873 0.555760 -0.336039
v 2.698239 0.427121 -0.422436
v 2.943309 0.400257 -0.428385
v 2.524631 0.414743 -0.470945
v 2.845144 0.405693 -0.427623
v 2.649939 0.421653 -0.431088
v 2.762180 0.409719 -0.419553
v 2.409714 0.367890 -0.508073
v 2.471505 0.389447 -0.489674
v 2.689799 0.404583 -0.421707
v 2.345956 0.333211 -0.519014
v 2.640756 0.410796 -0.432477
v 3.629390 0.564383 -0.329645
v 4.627826 0.340532 -0.056595
v 4.247957 0.369967 -0.149732
v 4.167005 0.380253 -0.176556
v 4.286451 0.349473 -0.153761
v 4.703695 0.329549 -0.040708
v 4.608362 0.322860 -0.077499
v 4.073158 0.398639 -0.207810
v 4.812664 0.301020 -0.014641
v 4.742194 0.313698 -0.036172
v 4.169724 0.366242 -0.185439
v 4.272410 0.339788 -0.163831
v 4.369203 0.318439 -0.145638
v 4.803698 0.285993 -0.025930
v 4.061439 0.383629 -0.219719
v 4.005136 0.402569 -0.238672
v 4.852535 0.277451 -0.009501
v 4.560201 0.312400 -0.094961
v 4.196482 0.339614 -0.186158
v 4.103366 0.362152 -0.209447
v 4.022621 0.374896 -0.234906
v 4.222876 0.324175 -0.181197
v 4.834092 0.257432 -0.022279
v 4.963975 0.191971 0.012130
v 4.730696 0.285596 -0.048067
v 5.095311 0.091499 0.036901
v 3.943784 0.393186 -0.264252
v 5.137082 0.059750 0.050769
v 5.113360 0.054741 0.044185
v 3.942047 0.420591 -0.265550
v 4.652039 0.253088 -0.061353
v 4.194123 0.318027 -0.185369
v 4.768531 0.229044 -0.036540
v 4.834985 0.202369 -0.020961
v 4.741900 0.171826 -0.056277
v 4.901788 0.160160 -0.002880
v 4.576141 0.219170 -0.082516
v 4.595956 0.204001 -0.079367
v 4.699890 0.163219 -0.065125
v 4.535356 0.183744 -0.093218
v 5.047542 0.063824 0.036341
v 5.093618 0.028700 0.048619
v 4.742384 0.151015 -0.057291
v 4.531915 0.245861 -0.093776
v 4.632370 0.143121 -0.077282
v 4.577745 0.157213 -0.085011
v 4.497310 0.235448 -0.101058
v 4.423639 0.230677 -0.112263
v 5.154073 0.000757 0.066369
v 3.986340 0.363437 -0.244339
v 4.482932 0.250014 -0.106290
v 5.158770 0.025912 0.062137
v 4.916319 0.029224 -0.001403
v 3.841324 0.459170 -0.317971
v 3.808023 0.470503 -0.332550
v 3.771940 0.496529 -0.341858
v 3.764253 0.470915 -0.346669
v 3.695401 0.474957 -0.360206
v 3.562249 0.492757 -0.375825
v 5.264301 -0.053085 0.121456
v 5.247284 -0.020150 0.110114
v 3.284035 0.442322 -0.392610
v 3.429768 0.456491 -0.381721
v 3.055509 0.394074 -0.415566
v 4.983812 0.001154 0.021573
v 4.225495 0.212243 -0.134127
v 3.160618 0.402222 -0.399732
v 3.753697 0.389859 -0.330454
v 3.443368 0.446205 -0.377401
v 5.173790 -0.069998 0.090007
v 5.215032 -0.079160 0.106428
v 2.903482 0.391316 -0.428691
v 5.251825 -0.073675 0.120139
v 3.969498 0.188927 -0.138698
v 3.528173 0.403949 -0.352500
v 3.552233 0.333084 -0.334612
v 2.872870 0.350962 -0.418311
v 3.350704 0.336047 -0.328985
v 5.300024 -0.082820 0.148884
v 5.297777 -0.060392 0.141926
v 5.258427 -0.099256 0.133883
v 2.708536 0.329407 -0.401997
v -0.126435 -3.790754 1.582934
v -0.110682 -3.832995 1.624186
v -0.148225 -3.747610 1.559865
v -0.112736 -3.816035 1.600622
v -0.094556 -3.851459 1.638755
v -0.090104 -3.834895 1.610070
v -0.076267 -3.853932 1.630549
v 0.594433 -0.804851 -0.719203
v 0.591935 -0.792980 -0.699168
v 0.608359 -0.819576 -0.741364
v 0.563329 -0.803852 -0.711337
v 0.547265 -0.841036 -0.762446
v 0.591445 -0.853543 -0.778726
v 0.535026 -0.868029 -0.791027
v 0.574323 -0.786544 -0.682016
v 0.544745 -0.780791 -0.675076
v 0.603205 -0.783247 -0.681506
v 0.476956 -0.779238 -0.682231
v 0.462383 -0.749756 -0.641049
v 0.432954 -0.741435 -0.624422
v 0.622976 -0.831907 -0.752481
v 0.513584 -0.879727 -0.806588
v 0.588347 -0.875274 -0.797356
v 0.531844 -0.892502 -0.811874
v 0.480535 -0.799589 -0.719319
v 0.476984 -0.825282 -0.759432
v 0.429508 -0.754877 -0.649910
v 0.408962 -0.744241 -0.633520
v 0.604786 -0.868950 -0.789550
v 0.503792 -0.753783 -0.636788
v 0.397741 -0.735317 -0.608708
v 0.441326 -0.776829 -0.697577
v 0.452555 -0.809384 -0.750447
v 0.471401 -0.835521 -0.777284
v 0.443019 -0.813569 -0.766542
v 0.345831 -0.745303 -0.710244
v 0.365310 -0.745097 -0.691611
v 0.338624 -0.727504 -0.683514
v 0.312785 -0.696058 -0.660059
v 0.305047 -0.710527 -0.691186
v 0.495946 -0.867871 -0.809967
v 0.349316 -0.749409 -0.718946
v 0.398162 -0.781947 -0.745147
v 0.454103 -0.825805 -0.790760
v 0.290008 -0.692919 -0.689250
v 0.256576 -0.609499 -0.647862
v 0.254326 -0.641184 -0.688616
v 0.239406 -0.618994 -0.680443
v 0.229967 -0.584838 -0.649754
v 0.203805 -0.586612 -0.675529
v 0.203174 -0.565643 -0.649674
v 0.167907 -0.564914 -0.666137
v 0.167602 -0.547209 -0.642899
v 0.162326 -0.568861 -0.678556
v 0.138925 -0.542359 -0.645444
v 0.198461 -0.587912 -0.687946
v 0.220760 -0.604364 -0.687594
v 0.110090 -0.551330 -0.656835
v 0.068078 -0.552330 -0.646346
v 0.008860 -0.557592 -0.617487
v -0.016588 -0.559825 -0.624605
v -0.009703 -0.548082 -0.599463
v -0.067183 -0.552789 -0.649306
v -0.086949 -0.552645 -0.658601
v -0.067009 -0.536305 -0.632690
v 0.033167 -0.552645 -0.624493
v 0.092363 -0.543168 -0.260872
v 0.109805 -0.546971 -0.244447
v 0.117144 -0.587103 -0.253737
v 0.093027 -0.515795 -0.254010
v 0.107079 -0.488296 -0.237503
v 0.120250 -0.499009 -0.222283
v 0.129556 -0.545815 -0.216532
v 0.142470 -0.600672 -0.214882
v 0.108452 -0.360877 -0.247592
v 0.093634 -0.377473 -0.259274
v 0.136226 -0.243523 -0.238294
v 0.109932 -0.254967 -0.277391
v 0.124319 -0.222680 -0.269108
v 0.141549 -0.199160 -0.245786
v 0.145779 -0.455105 -0.177677
v 0.157505 -0.583697 -0.172457
v 0.157551 -0.423818 -0.151528
v 0.108640 -0.212711 -0.300727
v 0.153997 -0.168775 -0.223848
v 0.124487 -0.188112 -0.291261
v 0.166908 -0.565199 -0.140832
v 0.139038 -0.164322 -0.277597
v 0.150740 -0.151562 -0.248845
v 0.161095 -0.156016 -0.194481
v 0.175482 -0.534164 -0.094838
v 0.160796 -0.116898 -0.220878
v 0.175918 -0.563772 -0.107661
v 0.119436 -0.154859 -0.335832
v 0.105993 -0.179379 -0.330815
v 0.165756 -0.634797 -0.182969
v 0.179596 -0.670539 -0.167527
v 0.180530 -0.609928 -0.124769
v 0.170750 -0.177888 -0.137607
v 0.133813 -0.613858 -0.246041
v 0.172859 -0.199698 -0.100281
v 0.177911 -0.405987 -0.058458
v 0.161393 -0.125520 -0.163065
v 0.161114 -0.103948 -0.196577
v 0.166649 -0.653325 -0.199829
v 0.153694 -0.091364 -0.343129
v 0.168517 -0.068730 -0.281763
v 0.162640 -0.082757 -0.312013
v 0.155890 -0.068635 -0.352938
v 0.147166 -0.082313 -0.368150
v 0.148479 -0.052261 -0.371474
v 0.155023 -0.037648 -0.352586
v 0.163517 -0.051264 -0.330684
v 0.168979 -0.052071 -0.299956
v 0.168171 -0.032607 -0.304080
v 0.133818 -0.061027 -0.395395
v 0.130928 -0.091791 -0.394056
v 0.158070 -0.020071 -0.330493
v 0.168842 -0.022606 -0.283901
v 0.135743 -0.106786 -0.372254
v 0.169552 -0.041452 -0.247037
v 0.137321 -0.036095 -0.385505
v 0.183824 -0.688337 -0.119836
v 0.167136 -0.020259 -0.243377
v 0.155823 -0.099114 -0.140892
v 0.140028 -0.019642 -0.370142
v 0.169913 -0.199207 -0.073142
v 0.181240 -0.706818 -0.101744
v 0.157315 -0.007961 -0.312656
v 0.165814 -0.154192 -0.092226
v 0.162291 -0.037584 -0.196352
v 0.152293 -0.074119 -0.150624
v 0.173135 -0.466168 -0.037882
v 0.169329 -0.266506 -0.042979
v 0.158332 -0.029342 -0.182472
v 0.144363 -0.065338 -0.122881
v 0.111065 -0.594253 -0.272243
v 0.118553 -0.043655 -0.409094
v 0.161380 -0.006075 -0.276717
v 0.164935 -0.276730 -0.026491
v 0.135915 -0.059632 -0.102276
v -0.158030 -3.705465 1.531930
v -0.146600 -3.723390 1.533889
v -0.146619 -3.691470 1.511675
v -0.131224 -3.734850 1.533725
v -0.110294 -3.796460 1.577738
v -0.136344 -3.670722 1.496283
v -0.133594 -3.627959 1.476058
v -0.096175 -3.777091 1.557372
v -0.120199 -3.699950 1.508534
v -0.121003 -3.632745 1.474587
v -0.113634 -3.558663 1.441466
v -0.096684 -3.714674 1.516947
v -0.099547 -3.583991 1.450634
v -0.102828 -3.488303 1.398956
v -0.123810 -3.473754 1.399301
v -0.127484 -3.295521 1.278925
v -0.064515 -3.127097 1.150514
v -0.063645 -2.955649 1.010612
v -0.080765 -3.777597 1.561960
v -0.059433 -3.698000 1.532501
v 0.050841 -3.161858 1.177504
v -0.021037 -3.115813 1.134981
v 0.010596 -3.778659 1.588306
v -0.045975 -3.781735 1.586812
v -0.011273 -3.823341 1.625195
v -0.027245 -3.850952 1.641143
v -0.001744 -3.856785 1.648661
v -0.019517 -2.920953 0.972593
v 0.038924 -2.899254 0.959139
v -0.067230 -2.915849 0.975310
v -0.096623 -2.895307 0.952568
v 0.063388 -3.496182 1.402063
v 0.079844 -3.498956 1.405088
v 0.068847 -3.581660 1.451922
v 0.084448 -3.564288 1.443544
v 0.101356 -3.319660 1.293545
v 0.098238 -3.240917 1.236572
v -0.071607 -3.841775 1.616845
v 0.090964 -2.896259 0.952498
v -0.021963 -2.871390 0.926457
v 0.044527 -2.855619 0.915153
v -0.005537 -2.863957 0.918310
v -0.059825 -2.872784 0.933485
v 0.039758 -3.632269 1.493232
v 0.032648 -3.721346 1.547869
v -0.070685 -3.811691 1.594347
v 0.082132 -3.660133 1.488489
v 0.097385 -3.672513 1.494387
v 0.087622 -3.700883 1.509258
v 0.109988 -3.690550 1.506613
v 0.115501 -3.734550 1.537298
v 0.089666 -3.778106 1.565235
v 0.069281 -3.762478 1.551829
v 0.067629 -3.784445 1.568412
v 0.076963 -3.819409 1.602845
v 0.030998 -3.851823 1.637144
v 0.064774 -3.848781 1.632642
v -0.098153 -2.849421 0.904922
v -0.141749 -2.895656 0.959645
v -0.135310 -2.847853 0.909140
v 0.062090 -3.718160 1.526063
v 0.048002 -3.783812 1.573920
v -0.056786 -3.777265 1.578732
v 0.116770 -3.658359 1.493232
v 0.026459 -3.794922 1.592751
v -0.076878 -2.671887 0.680648
v -0.123479 -2.673550 0.689512
v -0.104928 -2.644021 0.659842
v 0.048655 -2.617553 0.637755
v 0.045628 -2.636920 0.649699
v 0.083047 -2.655671 0.667171
v 0.103384 -2.627601 0.650592
v 0.083156 -2.614336 0.638801
v 0.042805 -2.686849 0.695293
v -0.106641 -2.612006 0.640259
v -0.136126 -2.647256 0.669514
v 0.141539 -2.630645 0.663904
v 0.140977 -2.655894 0.683075
v -0.134397 -2.613019 0.647056
v 0.036848 -2.585122 0.623695
v 0.128034 -2.608835 0.646627
v 0.066276 -2.573774 0.621161
v -0.164031 -2.666213 0.697528
v 0.087014 -3.825656 1.613605
v -0.158742 -2.639108 0.671649
v -0.105685 -2.584251 0.628854
v 0.103656 -2.591369 0.632847
v 0.150863 -2.848788 0.924337
v 0.092063 -3.496736 1.408723
v 0.093778 -3.571517 1.450758
v 0.113682 -3.612329 1.475363
v 0.122314 -3.747498 1.552789
v -0.157427 -2.865225 0.936178
v -0.172471 -2.923426 0.999983
v -0.171221 -2.611038 0.659703
v 0.167490 -2.664422 0.705648
v 0.100992 -3.788836 1.582312
v -0.142778 -3.152537 1.178630
v 0.163173 -2.599911 0.656043
v 0.093085 -2.559352 0.620874
v -0.190827 -2.655418 0.702407
v -0.195172 -2.634655 0.687279
v -0.197772 -2.613589 0.674926
v 0.145390 -2.581874 0.641326
v -0.161101 -2.591114 0.646746
v 0.127408 -3.682625 1.510150
v 0.189834 -2.620675 0.682408
v -0.142559 -2.563377 0.632663
v 0.131799 -3.714007 1.532797
v 0.172482 -2.865890 0.959867
v 0.082332 -2.479403 0.604011
v -0.143945 -3.294253 1.288483
v 0.207138 -2.654339 0.724881
v 0.047212 -2.493447 0.604781
v 0.069135 -2.451968 0.590727
v 0.080610 -2.376489 0.551823
v 0.061847 -2.364032 0.542711
v 0.109384 -2.368470 0.548895
v 0.131202 -2.379057 0.561558
v 0.183704 -2.363620 0.557618
v 0.004607 -2.365332 0.547844
v -0.001368 -2.351558 0.535367
v -0.095995 -2.364333 0.542096
v -0.085036 -2.380166 0.553507
v -0.133964 -2.378963 0.556108
v -0.148810 -2.358658 0.538021
v -0.081239 -2.350908 0.528303
v -0.017438 -2.340019 0.521134
v 0.141641 -2.353285 0.535436
v -0.109914 -2.458466 0.597988
v 0.064757 -2.341207 0.516331
v 0.006406 -2.337260 0.517797
v -0.093260 -2.465693 0.599089
v -0.126882 -2.476423 0.609560
v 0.114856 -2.451603 0.600597
v 0.173727 -2.384875 0.578291
v 0.136706 -2.395511 0.575115
v 0.189591 -2.414878 0.611591
v 0.238142 -2.448497 0.660746
v 0.264298 -2.434311 0.665450
v 0.226449 -2.363635 0.574606
v 0.073464 -2.266713 0.403400
v -0.085295 -2.130054 0.220700
v 0.122003 -2.137013 0.249592
v 0.214863 -2.453030 0.648726
v 0.119432 -2.477170 0.611960
v 0.157324 -2.440635 0.612004
v -0.107834 -2.498328 0.612099
v -0.068741 -2.111320 0.187570
v 0.034934 -2.108434 0.176643
v 0.037001 -2.086957 0.140943
v -0.109662 -2.067049 0.134500
v -0.144712 -2.457816 0.606423
v -0.168581 -2.495603 0.629429
v -0.003039 -2.075688 0.114596
v 0.070406 -2.075388 0.132204
v 0.300669 -2.408744 0.662941
v 0.291525 -2.304293 0.552845
v 0.117394 -2.045954 0.108956
v 0.166054 -2.462254 0.625754
v 0.258208 -2.459592 0.683472
v 0.277717 -2.458165 0.701233
v -0.039458 -2.063881 0.094619
v 0.051057 -2.062248 0.098995
v 0.011180 -2.062755 0.088484
v 0.088801 -2.042103 0.077054
v 0.180142 -2.085404 0.224565
v 0.139159 -3.125767 1.169428
v 0.221030 -2.623972 0.708455
v 0.208290 -2.590337 0.677963
v 0.235412 -2.477391 0.674107
v 0.176007 -2.485856 0.636572
v 0.408884 -2.288079 0.632995
v 0.194030 -2.570097 0.661029
v 0.159627 -2.558211 0.640193
v 0.209226 -2.069681 0.234448
v 0.333445 -2.248104 0.536868
v 0.395784 -2.235932 0.577421
v 0.427287 -2.244062 0.603171
v 0.350268 -2.088194 0.443062
v 0.358214 -2.165700 0.505298
v 0.425503 -2.283339 0.639369
v 0.408220 -2.004776 0.410491
v 0.404567 -2.324850 0.670190
v 0.338671 -1.939457 0.302383
v 0.436076 -2.299046 0.666293
v 0.402575 -1.864914 0.279904
v 0.334193 -2.012939 0.366657
v 0.326534 -2.218910 0.508675
v 0.443299 -2.259407 0.632748
v 0.122804 -3.356575 1.336514
v 0.103972 -3.501745 1.421092
v 0.197895 -2.827137 0.946804
v 0.434996 -2.322726 0.697645
v 0.246919 -2.628093 0.738133
v 0.398684 -2.350384 0.702509
v 0.243962 -2.589942 0.707023
v 0.150998 -3.127779 1.183491
v 0.180392 -2.548748 0.647936
v 0.207828 -2.481132 0.654114
v 0.432040 -2.108814 0.504978
v 0.352957 -1.791482 0.139680
v 0.253660 -2.606362 0.727165
v 0.258863 -2.478944 0.697976
v 0.105150 -3.558678 1.453555
v 0.392118 -1.760527 0.143372
v 0.232223 -2.569368 0.688121
v 0.295651 -2.479008 0.754014
v 0.426424 -2.343490 0.724803
v 0.427929 -1.790770 0.233169
v 0.217833 -2.756922 0.890729
v 0.265559 -2.624622 0.758535
v 0.399974 -2.375571 0.755859
v 0.363970 -1.762318 0.107386
v 0.423022 -1.988608 0.414211
v 0.425887 -2.026838 0.446634
v 0.284809 -2.493827 0.746598
v 0.211548 -2.545451 0.666591
v 0.450280 -2.287824 0.673117
v 0.467636 -1.839824 0.333581
v 0.419623 -1.749606 0.169256
v 0.252516 -2.566388 0.705333
v 0.231152 -2.499581 0.677083
v 0.269336 -2.583237 0.731106
v 0.353588 -1.740081 0.049763
v 0.389497 -1.732045 0.079301
v 0.132781 -3.639228 1.500579
v 0.449744 -2.242018 0.626939
v 0.419467 -1.729889 0.134449
v 0.336826 -1.802609 0.131784
v 0.278207 -2.599276 0.753985
v 0.270513 -2.637317 0.786306
v 0.127185 -3.749750 1.564474
v 0.475921 -1.589094 -0.221387
v 0.439655 -1.576714 -0.292626
v 0.479615 -1.497972 -0.406010
v 0.437090 -1.559913 -0.337978
v 0.529742 -1.541607 -0.261699
v 0.517220 -1.571848 -0.208506
v 0.565246 -1.476035 -0.329302
v 0.354563 -1.681895 -0.096425
v 0.528518 -1.625358 0.027786
v 0.538693 -1.562815 -0.191799
v 0.419396 -1.716544 0.094340
v 0.314246 -2.463222 0.765292
v 0.579387 -1.383108 -0.458601
v 0.434503 -2.343822 0.741273
v 0.161594 -3.125196 1.196689
v 0.202770 -2.997064 1.128403
v 0.441080 -1.900245 0.358195
v 0.447742 -2.316735 0.710786
v 0.262299 -2.496316 0.710863
v 0.158956 -3.160573 1.226232
v 0.379816 -1.635265 -0.221705
v 0.357638 -1.662114 -0.169711
v 0.562727 -1.507641 -0.271691
v 0.599620 -1.577587 -0.004929
v 0.605435 -1.560769 -0.044690
v 0.137410 -3.667013 1.515044
v 0.466227 -1.783875 0.285340
v 0.486522 -1.820140 0.345929
v 0.439926 -1.754615 0.211557
v 0.431008 -1.731474 0.162775
v 0.599549 -1.352880 -0.477449
v 0.137219 -3.720760 1.549350
v 0.304485 -2.483033 0.779926
v 0.442078 -1.711773 0.149201
v 0.457064 -2.293880 0.695629
v 0.609142 -1.542052 -0.078162
v 0.288915 -2.609595 0.785368
v 0.580980 -1.597685 0.034871
v 0.230679 -2.765765 0.930601
v 0.111217 -3.495785 1.428367
v 0.110674 -3.543383 1.457723
v 0.445300 -1.700502 0.110849
v -0.272640 -1.988672 0.213908
v -0.290897 -2.013177 0.271626
v -0.344533 -2.104916 0.433578
v -0.342516 -2.220937 0.510843
v -0.359142 -2.141196 0.476394
v -0.212745 -2.015886 0.156496
v -0.309860 -2.267426 0.516003
v -0.349257 -2.032465 0.383215
v -0.364675 -2.110305 0.458275
v -0.197982 -2.076385 0.220988
v -0.418689 -2.256030 0.599721
v -0.401429 -2.216865 0.555582
v -0.421488 -2.290377 0.635434
v -0.345147 -2.397476 0.676840
v -0.411716 -2.343949 0.692681
v -0.304566 -2.455248 0.709103
v -0.152050 -2.026284 0.095835
v -0.293107 -2.453268 0.693825
v -0.267621 -2.449368 0.667913
v -0.265463 -2.483082 0.689991
v -0.289280 -2.483953 0.719992
v -0.310632 -2.479008 0.752897
v -0.316762 -2.464996 0.742856
v -0.274965 -2.500975 0.708869
v -0.245579 -2.496015 0.676493
v -0.338636 -2.459575 0.781430
v -0.416821 -2.370880 0.749555
v -0.163174 -2.084168 0.199922
v -0.236092 -2.462334 0.654881
v -0.278888 -2.342001 0.570014
v -0.157004 -2.116771 0.238025
v -0.213186 -2.448941 0.632474
v -0.208474 -2.477850 0.643481
v -0.236505 -2.402991 0.610570
v -0.222245 -2.272958 0.442781
v -0.197310 -2.417857 0.603793
v -0.425693 -2.184119 0.540602
v -0.145275 -2.056669 0.143689
v -0.230249 -2.360735 0.562912
v -0.129311 -2.107879 0.208947
v -0.178043 -2.470179 0.624557
v -0.214609 -2.310126 0.482640
v -0.174887 -2.389787 0.573742
v -0.194558 -2.500801 0.643056
v -0.251018 -2.559367 0.692462
v -0.279663 -2.565865 0.722873
v -0.249841 -2.582634 0.698583
v -0.272379 -2.599103 0.728688
v -0.248350 -2.610388 0.711127
v -0.267406 -2.628981 0.747547
v -0.247103 -2.646780 0.743278
v -0.226136 -2.639140 0.714047
v -0.219010 -2.662693 0.733262
v -0.264317 -2.651836 0.773137
v -0.200738 -2.793376 0.889804
v -0.227283 -2.765465 0.891539
v -0.204910 -2.889444 0.996952
v -0.135264 -3.379130 1.342476
v -0.217112 -2.589134 0.676117
v -1.312722 -0.931302 -0.029117
v -1.419538 -0.851340 -0.032804
v -1.316811 -0.921713 -0.035393
v -1.258671 -0.965666 -0.037254
v -1.413794 -0.846410 -0.044050
v -1.464729 -0.817008 -0.038205
v -1.236964 -0.968566 -0.057742
v -1.220675 -0.994862 -0.040746
v -1.400518 -0.850563 -0.055546
v -1.507244 -0.777399 -0.058926
v -1.249602 -0.938705 -0.124008
v -1.317608 -0.897732 -0.109426
v -1.056718 -1.072986 -0.165748
v -1.409466 -0.829926 -0.131627
v -1.659884 -0.662232 -0.160085
v -1.791877 -0.573488 -0.115691
v -1.845032 -0.508568 -0.215105
v -1.877248 -0.489405 -0.168167
v -1.892154 -0.487375 -0.141547
v -1.881875 -0.469941 -0.235827
v -1.822955 -0.512751 -0.248167
v -0.851481 -1.255593 -0.162154
v -1.963234 -0.404908 -0.172082
v -0.777078 -1.304349 -0.202997
v -0.663911 -1.349093 -0.335571
v -1.858947 -0.473983 -0.267876
v -0.648839 -1.465337 -0.107119
v -0.686357 -1.421749 -0.140677
v -0.700146 -1.450454 -0.028021
v -0.676625 -1.476321 -0.014921
v -0.656421 -1.484627 -0.047318
v -0.670557 -1.492202 0.017599
v -0.686579 -1.478492 0.019720
v -0.703098 -1.460787 -0.004204
v -0.706449 -1.469965 0.037588
v -0.772922 -1.363977 -0.132907
v -0.779533 -1.423240 0.005038
v -0.918949 -1.362089 0.039237
v -0.888665 -1.358206 -0.009172
v -1.134754 -1.228886 0.067697
v -1.026873 -1.278639 -0.003599
v -1.165362 -1.184411 0.021434
v -1.053943 -1.120884 -0.083410
v -1.810341 -0.505477 -0.273358
v -0.806054 -1.329058 -0.140579
v -1.054124 -1.243880 -0.023792
v -1.883562 -0.424435 -0.306459
v -1.206389 -0.941352 -0.165760
v -1.977472 -0.315150 -0.340195
v -0.759415 -1.440357 0.016120
v -1.095364 -1.020887 -0.180224
v -1.908121 -0.387965 -0.324923
v -0.720768 -1.250458 -0.394776
v -1.014259 -1.161095 -0.088786
v -0.946450 -1.071765 -0.284353
v -1.058409 -0.983306 -0.242228
v -1.060817 -0.974969 -0.253233
v -1.119274 -0.930684 -0.236601
v -1.082768 -0.975858 -0.224468
v -1.133782 -0.936723 -0.215229
v -1.170214 -0.896322 -0.224783
v -1.155787 -0.901615 -0.235007
v -1.226287 -0.850404 -0.238380
v -1.216859 -0.867332 -0.220529
v -1.402681 -0.723540 -0.260916
v -1.486601 -0.662820 -0.273251
v -1.182426 -0.897193 -0.214642
v -1.587756 -0.563693 -0.316074
v -1.624552 -0.523181 -0.334980
v -1.588180 -0.552836 -0.334328
v -1.636201 -0.501594 -0.355164
v -1.461453 -0.668541 -0.289780
v -1.680440 -0.467801 -0.349184
v -1.809484 -0.278504 -0.420364
v -1.834197 -0.229004 -0.443225
v -1.527519 -0.481242 -0.521307
v -1.577782 -0.470179 -0.476900
v -1.297620 -0.675325 -0.505246
v -1.159448 -0.784912 -0.533479
v -1.725054 -0.263035 -0.558698
v -1.129843 -0.820574 -0.529216
v -1.167025 -0.875051 -0.452611
v -1.883867 -0.148566 -0.473185
v -1.792670 -0.186432 -0.558787
v -0.787284 -1.066597 -0.711434
v -1.351246 -0.757760 -0.263468
v -0.792879 -1.089566 -0.676409
v -0.571030 -1.332466 -0.710198
v -0.648404 -1.233577 -0.740475
v -0.573944 -1.295773 -0.766680
v -1.083814 -0.952780 -0.260640
v -0.748181 -1.105193 -0.723491
v -0.576975 -1.258573 -0.801720
v -1.131297 -0.916198 -0.254856
v -1.854394 -0.112365 -0.554063
v -1.945830 -0.035904 -0.510725
v -0.734339 -1.078010 -0.757162
v -0.606214 -1.365245 -0.447667
v -0.533708 -1.439882 -0.446601
v -0.545091 -1.525710 -0.286317
v -0.568876 -1.511032 -0.270201
v -0.433145 -1.566445 -0.342584
v -0.525065 -1.553541 -0.256873
v -0.609070 -1.569139 -0.033506
v -0.617614 -1.555112 -0.051501
v -0.384800 -1.629574 -0.253690
v -0.628066 -1.554494 -0.017690
v -0.608666 -1.579187 0.002526
v -0.591946 -1.592691 0.012911
v -0.632703 -1.533254 -0.054542
v -0.367557 -1.681609 -0.085368
v -0.377109 -1.738210 0.061459
v -0.405325 -1.734360 0.094362
v -0.427996 -1.723263 0.113194
v -0.450405 -1.708444 0.134411
v -0.527103 -1.634029 0.042884
v -0.455382 -1.697872 0.104923
v -0.568918 -1.252519 -0.820143
v -0.724978 -1.109885 -0.745146
v -1.950869 -0.060441 -0.488880
v -0.696866 -1.479380 0.079124
v -1.727233 -0.545735 -0.280783
v -0.641466 -1.533095 -0.017149
v -1.918476 -0.348229 -0.352944
v -1.887985 -0.064671 -0.554489
v -1.941160 -0.006772 -0.535931
v -1.968228 -0.007676 -0.510797
v -0.686130 -1.137241 -0.770600
v -0.683228 -1.106556 -0.785285
v -0.578731 -1.223782 -0.819559
v -0.600171 -1.204271 -0.809237
v -2.003180 0.051382 -0.519025
v -2.004917 0.022218 -0.505990
v -0.653743 -1.134072 -0.801130
v -1.970075 -0.054655 -0.483026
v -1.788596 -0.102221 -0.614557
v -0.821520 -1.436521 0.111273
v -2.024363 0.055423 -0.511243
v -1.810396 -0.320619 -0.396404
v -2.043096 0.047213 -0.503290
v -2.016645 -0.007375 -0.491414
v -1.159427 -1.381173 0.314423
v -1.118346 -1.388891 0.295910
v -1.035123 -1.394282 0.229579
v -1.132732 -1.384011 0.274407
v -1.040083 -1.385991 0.207131
v -0.960591 -1.406295 0.198246
v -0.936882 -1.404600 0.160501
v -0.887594 -1.417534 0.142529
v -1.175546 -1.377940 0.302952
v -1.181026 -1.370951 0.275448
v -1.364598 -1.314777 0.316251
v -1.260235 -1.343261 0.280490
v -1.455794 -1.276642 0.314593
v -1.839302 -1.137511 0.373701
v -1.784616 -1.167516 0.382150
v -1.632928 -1.240995 0.412394
v -1.152167 -1.333543 0.203790
v -1.068109 -1.361218 0.188249
v -1.235831 -1.311877 0.235294
v -1.109504 -1.364910 0.219675
v -1.814461 -1.164583 0.395872
v -0.975900 -1.348347 0.072274
v -1.224512 -1.279162 0.152940
v -1.929450 -1.087504 0.370909
v -1.844436 -0.996224 0.184458
v -1.888978 -0.992009 0.251793
v -1.908754 -0.988823 0.262629
v -1.862452 -1.137923 0.386875
v -2.003051 -0.910903 0.232599
v -1.452079 -1.159971 0.162162
v -1.904768 -1.066456 0.319916
v -1.981628 -1.022361 0.322280
v -1.997306 -1.026117 0.345382
v -2.064966 -0.820258 0.131428
v -2.111128 -0.758236 0.095152
v -1.900356 -0.969549 0.199788
v -2.128504 -0.755177 0.108475
v -2.089126 -0.907464 0.273119
v -1.099844 -1.260476 0.076764
v -1.987299 -1.131060 0.412687
v -2.064257 -0.865097 0.225142
v -2.110512 -0.832018 0.222908
v -2.092819 -0.834047 0.207557
v -2.169328 -0.761201 0.193532
v -1.058725 -1.308929 0.089950
v -1.940144 -1.090357 0.376596
v -1.895623 -1.126384 0.388178
v -1.165711 -1.282427 0.126640
v -2.402452 -0.463156 0.075909
v -2.625397 -0.165414 -0.068444
v -2.621359 -0.147394 -0.089166
v -2.693232 -0.114187 -0.087678
v -1.243512 -1.176090 0.111778
v -1.950511 -1.125607 0.398974
v -2.108394 -0.963986 0.339171
v -1.324428 -1.118301 0.116479
v -1.345776 -1.114765 0.126156
v -1.394888 -1.080436 0.125708
v -1.549126 -0.977046 0.116481
v -1.824931 -0.775355 0.066608
v -1.907202 -0.695249 0.036609
v -2.271442 -0.224059 -0.179827
v -1.376992 -1.011170 0.010194
v -1.604143 -0.946803 0.113443
v -1.969080 -0.642595 0.015584
v -1.714451 -0.873815 0.095164
v -1.153073 -1.163790 -0.008658
v -1.462485 -1.133564 0.149883
v -2.511310 -0.475234 0.130501
v -1.930874 -0.477660 -0.126109
v -1.911370 -0.477074 -0.136678
v -1.867873 -0.520963 -0.120688
v -1.615618 -0.729992 -0.047151
v -1.519708 -0.784976 -0.038141
v -1.167238 -1.260903 0.115983
v -1.893828 -0.726093 0.051447
v -1.092028 -1.211642 -0.019341
v -1.489845 -0.824046 -0.023723
v -1.473339 -1.037324 0.127865
v -1.244555 -1.073668 -0.008271
v -2.106764 -1.097696 0.397199
v -2.226068 -1.061670 0.392384
v -2.361854 -0.987839 0.376708
v -2.455415 -0.930178 0.374567
v -2.343412 -0.917624 0.314983
v -2.540360 -0.994941 0.422792
v -2.403553 -0.995463 0.392494
v -2.522044 -0.975017 0.401256
v -2.624853 -0.942573 0.395926
v -2.650973 -0.955283 0.411370
v -2.140852 -1.048419 0.364134
v -1.435379 -0.943459 -0.002580
v -2.031011 -1.034089 0.362282
v -1.179282 -1.106650 -0.021486
v -1.516682 -0.891487 -0.006899
v -1.300645 -0.954063 -0.021408
v -1.223310 -1.009078 -0.030570
v -1.166157 -1.042110 -0.046260
v -1.985640 -0.766130 0.058136
v -1.170975 -1.062335 -0.035522
v -2.028161 -1.076268 0.374922
v -2.685132 -0.964160 0.432020
v -2.649647 -0.317813 0.050901
v -2.428625 -0.720260 0.230471
v -1.292292 -0.982403 -0.015438
v -1.638337 -0.938482 0.113467
v -2.586805 -0.390642 0.089948
v -1.500061 -0.836107 -0.019639
v -2.603638 -0.159137 -0.093329
v -2.048092 -1.155121 0.467033
v -2.108886 -1.157894 0.497991
v -2.571477 -0.164654 -0.145165
v -1.430366 -0.889554 -0.012700
v -2.727922 -0.990582 0.483622
v -2.648934 -1.005622 0.494452
v -2.603696 -1.002516 0.477150
v -2.545754 -1.016037 0.477659
v -2.556178 -0.529029 0.142743
v -2.180433 -1.140555 0.503444
v -2.301423 -1.099502 0.499098
v -2.136810 -0.758522 0.124784
v -2.429617 -1.058975 0.490516
v -2.573044 -1.024785 0.504367
v -1.995495 -1.161207 0.459224
v -1.922190 -1.172508 0.453180
v -2.103925 -0.807181 0.164374
v -2.479318 -1.049020 0.501895
v -2.170658 -1.146197 0.513629
v 0.110645 -3.329471 1.409276
v 0.625753 -2.110099 0.995789
v 0.608806 -2.096183 0.973218
v 0.638607 -2.078082 0.998753
v 0.615762 -2.056986 0.975992
v 0.582572 -2.069173 0.952110
v 0.576031 -2.096833 0.951812
v 0.638425 -2.051834 0.999535
v 0.521700 -2.092980 0.923273
v 0.508099 -2.091586 0.914426
v 0.506726 -2.059981 0.913615
v 0.593482 -2.042292 0.963773
v 0.498923 -2.129927 0.921141
v 0.580715 -2.114014 0.961847
v 0.513742 -2.124268 0.930757
v 0.590604 -2.129309 0.979031
v 0.524318 -2.043085 0.929479
v 0.498592 -2.026396 0.918830
v 0.653818 -2.069317 1.020266
v 0.633166 -2.023066 1.006794
v 0.654526 -2.034970 1.029451
v 0.497150 -2.075117 0.896278
v 0.497575 -2.052548 0.901789
v 0.495851 -2.120038 0.908946
v 0.664500 -2.041103 1.046307
v 0.652684 -2.097513 1.030340
v 0.666931 -2.070964 1.051308
v 0.491976 -2.011242 0.909136
v 0.482673 -2.165494 0.917208
v 0.489234 -2.163989 0.938131
v 0.497596 -2.159424 0.946931
v 0.672775 -2.052151 1.072261
v 0.492918 -2.075609 0.879776
v 0.492269 -2.025237 0.891774
v 0.670877 -2.024652 1.082821
v 0.487203 -2.119467 0.873561
v 0.482654 -2.148060 0.881807
v 0.454104 -2.178381 0.714313
v 0.476196 -2.005236 0.714906
v 0.474157 -1.983172 0.682254
v 0.484293 -1.954896 0.687729
v 0.474704 -1.901528 0.619913
v 0.488370 -1.900149 0.653504
v 0.510420 -1.862284 0.669457
v 0.508696 -1.906902 0.701162
v 0.489634 -1.865929 0.616794
v 0.509112 -1.845736 0.640909
v 0.470610 -1.885980 0.582336
v 0.486088 -1.970745 0.718409
v 0.462698 -1.913938 0.592333
v 0.515394 -1.847448 0.673555
v 0.516123 -1.831059 0.645626
v 0.472035 -1.873538 0.559238
v 0.448245 -1.892066 0.472046
v 0.463206 -1.868466 0.484405
v 0.457293 -1.868196 0.456949
v 0.482723 -1.831900 0.473647
v 0.495377 -1.808995 0.477630
v 0.500348 -1.824419 0.501986
v 0.509273 -1.816922 0.523630
v 0.508943 -1.805445 0.512675
v 0.513839 -1.825337 0.596481
v 0.499114 -1.792085 0.479416
v 0.441389 -1.919947 0.492159
v 0.496143 -1.800153 0.446017
v 0.513093 -1.892604 0.708953
v 0.515102 -1.809330 0.557293
v 0.518195 -1.813545 0.600313
v 0.507748 -1.912909 0.721084
v 0.455042 -2.210112 0.766113
v 0.463149 -2.234600 0.917162
v 0.454052 -2.263543 0.954102
v 0.438333 -2.294275 0.930314
v 0.443130 -1.906093 0.462266
v 0.450179 -1.883348 0.439164
v 0.459119 -1.863679 0.434022
v 0.482374 -1.989893 0.743110
v 0.437935 -1.940551 0.489517
v 0.440768 -2.285844 1.036589
v 0.489578 -1.957859 0.736670
v 0.515998 -1.839223 0.689661
v 0.408060 -2.339686 1.039688
v 0.501260 -1.772240 0.488719
v 0.431409 -2.318082 0.914354
v 0.451021 -2.246647 0.752279
v 0.452665 -1.889198 0.382250
v 0.447284 -1.905761 0.404436
v 0.441264 -1.937413 0.440098
v 0.439080 -1.932610 0.394298
v 0.432664 -1.992429 0.435381
v 0.435590 -2.025396 0.465107
v 0.438197 -1.960776 0.426235
v 0.457551 -2.204518 0.616616
v 0.458754 -2.261625 0.664176
v 0.462047 -2.288727 0.712517
v 0.458071 -2.307161 0.726889
v 0.471562 -1.853678 0.382857
v 0.462029 -2.247407 0.671190
v 0.458166 -2.312329 0.765061
v 0.449488 -2.328686 0.751250
v 0.488137 -1.930995 0.767267
v 0.460821 -2.296574 0.751630
v 0.444957 -2.340795 0.803095
v 0.438996 -2.310555 0.862881
v 0.437878 -2.349640 0.782088
v 0.453631 -2.315388 0.797664
v 0.448317 -2.329954 0.819347
v 0.495651 -1.815146 0.364204
v 0.497570 -1.813387 0.387201
v 0.507000 -1.781513 0.377994
v 0.502385 -1.800960 0.402649
v 0.500440 -1.793717 0.352987
v 0.506233 -1.757691 0.353297
v 0.486877 -1.754567 0.302911
v 0.475341 -1.701311 0.238836
v 0.458921 -1.709997 0.198045
v 0.469157 -1.687522 0.201399
v 0.478377 -1.664602 0.218138
v 0.482957 -1.669944 0.247630
v 0.461176 -1.690677 0.165790
v 0.481800 -1.647977 0.193735
v 0.475967 -1.665982 0.182634
v 0.504865 -1.706526 0.336042
v 0.500160 -1.666331 0.317663
v 0.484962 -1.639180 0.253045
v 0.481834 -1.633156 0.225737
v 0.507837 -1.739225 0.367169
v 0.506375 -1.778976 0.403293
v 0.485189 -1.628829 0.201852
v 0.491594 -1.628147 0.178419
v 0.422705 -2.370704 0.842962
v 0.405493 -2.330827 1.092291
v 0.418091 -2.369421 0.903715
v 0.477989 -1.667867 0.142576
v 0.492886 -1.642065 0.156758
v 0.460541 -1.688219 0.127613
v 0.432394 -2.295274 1.065922
v 0.387433 -2.334233 1.208780
v 0.431396 -2.269026 1.099950
v 0.377319 -2.350099 1.211170
v 0.493036 -1.926936 0.749243
v 0.418863 -2.302105 1.113548
v 0.386599 -2.407462 0.853752
v 0.333392 -2.470305 0.885495
v 0.323620 -2.480403 0.851652
v 0.314735 -2.497806 0.892134
v 0.312324 -2.498630 0.841630
v 0.313137 -2.485744 0.817504
v 0.301038 -2.521138 0.804885
v 0.307345 -2.519329 0.853755
v 0.298365 -2.512593 0.790176
v 0.290137 -2.514558 0.764242
v 0.275416 -2.508457 0.734136
v 0.305603 -2.520471 0.883440
v 0.293069 -2.530630 0.962262
v 0.320479 -2.483889 0.931336
v 0.292415 -2.538730 0.945707
v 0.256494 -2.523562 0.705262
v 0.276277 -2.562585 0.987446
v 0.305514 -2.536669 0.879493
v 0.305801 -2.528871 0.831991
v 0.291116 -2.553661 0.755937
v 0.306305 -2.556229 0.792733
v 0.301812 -2.572015 0.781789
v 0.290679 -2.584442 0.764439
v 0.307048 -2.588231 0.812566
v 0.299405 -2.609818 0.817116
v 0.310639 -2.568686 0.807335
v 0.315320 -2.580066 0.851961
v 0.308775 -2.603350 0.855571
v 0.294502 -2.631152 0.853158
v 0.251364 -2.740200 0.953578
v 0.214286 -2.966094 1.125728
v 0.252866 -2.781822 1.027756
v 0.256420 -2.736427 0.991714
v 0.257949 -2.725191 0.962109
v 0.271453 -2.687197 0.929640
v 0.172429 -3.107475 1.213066
v 0.128146 -3.369000 1.358512
v 0.113256 -3.495262 1.443509
v 0.308268 -2.605856 0.889187
v 0.209812 -2.981595 1.144037
v 0.266762 -2.686071 0.973561
v 0.276946 -2.557655 0.733163
v 0.307531 -2.599753 0.911984
v 0.311804 -2.581589 0.893598
v 0.312532 -2.557576 0.824580
v 0.259500 -2.696168 0.988339
v 0.253953 -2.770030 1.030612
v 0.293581 -2.624163 0.943341
v 0.110855 -3.532241 1.465124
v 0.112401 -3.569915 1.481423
v 0.112261 -3.585242 1.470005
v 0.216336 -2.941495 1.133896
v 0.368387 -2.348705 1.247789
v 0.168447 -3.122770 1.233203
v 0.181866 -3.057913 1.203318
v 0.314240 -2.563394 0.859226
v 0.500275 -1.646771 0.122431
v 0.234224 -2.577198 1.108501
v 0.216523 -2.580813 1.174170
v 0.222811 -2.647700 1.053348
v 0.100938 -3.431339 1.465607
v 0.092772 -3.539468 1.518088
v 0.073125 -3.731870 1.628189
v 0.079275 -3.769040 1.688614
v 0.071585 -3.768976 1.650898
v 0.077013 -3.806319 1.693922
v 0.096914 -3.613456 1.643357
v 0.115909 -3.247779 1.453068
v 0.087866 -3.592328 1.533951
v 0.221767 -2.610294 1.128269
v 0.216234 -2.685708 1.053778
v 0.212399 -2.559494 1.208155
v 0.210865 -2.615824 1.169644
v 0.101477 -3.529990 1.603335
v 0.073032 -3.754442 1.629756
v 0.237104 -2.617742 1.033454
v 0.074960 -3.780673 1.718517
v 0.074114 -3.792528 1.655396
v 0.394233 -2.283435 1.191729
v 0.105227 -3.322449 1.509711
v 0.390020 -2.320476 1.207451
v 0.392099 -2.239308 1.265891
v 0.345211 -2.369453 1.281346
v 0.510302 -1.608462 0.152875
v 0.206408 -2.545213 1.244518
v 0.193809 -2.577293 1.234517
v 0.078837 -3.733376 1.717152
v 0.070183 -3.799234 1.718882
v 0.079841 -3.818015 1.675069
v 0.294958 -2.565833 0.933206
v 0.408188 -2.287856 1.153730
v 0.519308 -1.622014 0.123364
v 0.363103 -2.293848 1.255872
v 0.366180 -2.334424 1.257994
v 0.180680 -2.730706 1.234584
v 0.195735 -2.617330 1.209929
v 0.302952 -2.595061 0.927266
v 0.248394 -2.464363 1.303493
v 0.305480 -2.403800 1.315556
v 0.104400 -3.236732 1.493590
v 0.233196 -2.651424 1.025267
v 0.084820 -3.651385 1.690210
v 0.196707 -2.543375 1.270326
v 0.381680 -2.236217 1.291729
v 0.386156 -2.212933 1.292931
v 0.284782 -2.585219 0.960109
v 0.171996 -2.572680 1.275604
v 0.540426 -1.616466 0.092429
v 0.538550 -1.622949 0.067225
v 0.357369 -2.242859 1.332642
v 0.105405 -3.554272 1.490339
v 0.175477 -2.668890 1.244230
v 0.288010 -2.615586 0.957569
v 0.263480 -2.670175 0.983675
v 0.315577 -2.380531 1.324079
v 0.336302 -2.358279 1.303317
v 0.330023 -2.275017 1.346984
v 0.323931 -2.307193 1.314130
v 0.134064 -3.642240 1.515637
v 0.138814 -3.684987 1.537688
v 0.131505 -3.726782 1.568827
v 0.122521 -3.755819 1.580735
v 0.102141 -3.793798 1.607688
v 0.101948 -3.782053 1.613632
v 0.092184 -3.813879 1.641247
v 0.090809 -3.836575 1.660678
v 0.229801 -2.676973 1.027223
v 0.064922 -3.763285 1.742554
v 0.267993 -2.609532 0.987312
v 0.180787 -2.595996 1.246460
v 0.092268 -3.465463 1.605964
v 0.069525 -3.720569 1.737840
v 0.214938 -2.500896 1.310671
v 0.328465 -2.254492 1.368357
v 0.346644 -2.341810 1.289708
v 0.281051 -2.406859 1.351584
v 0.541990 -1.608240 0.104390
v 0.291036 -2.384795 1.358066
v 0.214976 -2.474190 1.345581
v 0.158753 -2.719261 1.275266
v 0.166701 -2.561111 1.294524
v 0.162983 -2.623258 1.266569
v 0.342481 -2.229196 1.359692
v 0.156495 -2.593808 1.282338
v 0.108491 -3.578712 1.498484
v 0.310484 -2.358849 1.339660
v 0.300361 -2.277062 1.387397
v 0.297475 -2.307907 1.353464
v 0.285532 -2.321491 1.357697
v 0.251312 -2.688274 1.000906
v 0.589296 -1.580264 0.076128
v 0.576338 -1.599474 0.055583
v 0.598365 -1.580740 0.054597
v 0.615852 -1.556680 0.058553
v 0.608199 -1.574845 0.031436
v 0.625501 -1.552115 0.026004
v 0.643515 -1.517086 0.040356
v 0.642307 -1.518562 0.014929
v 0.628704 -1.543382 -0.006185
v 0.648554 -1.499937 -0.003971
v 0.659695 -1.496069 0.038930
v 0.616361 -1.563163 -0.000089
v 1.347212 -0.754147 -0.267551
v 1.304595 -0.788906 -0.239787
v 1.065144 -0.963795 -0.244884
v 1.149306 -0.899729 -0.228973
v 0.258030 -2.325786 1.386534
v 0.320408 -2.241115 1.383825
v 0.150093 -2.661774 1.281176
v 0.140809 -2.786846 1.314655
v 0.132760 -3.681928 1.547688
v 0.283492 -2.263955 1.412323
v 0.328825 -2.326197 1.309816
v 0.079466 -3.739494 1.611807
v 0.232611 -2.331412 1.407398
v 0.263957 -2.292389 1.412656
v 0.122956 -3.724469 1.579733
v 0.272852 -2.333551 1.371809
v 0.272197 -2.358135 1.382980
v 0.126417 -3.643776 1.531387
v 0.095848 -3.763887 1.613619
v 0.101279 -3.600807 1.519811
v 0.115492 -3.717257 1.581722
v -1.628966 -1.172572 0.469108
v -1.603373 -1.160795 0.469850
v -1.459292 -1.173095 0.474364
v -1.273745 -1.216349 0.463696
v -1.562879 -1.200895 0.459478
v -1.279798 -1.191274 0.466641
v -1.676551 -1.147147 0.474090
v -1.224244 -1.217173 0.457004
v -1.316088 -1.157307 0.468234
v -1.741602 -1.113118 0.480489
v -1.771279 -1.090325 0.481576
v -1.828739 -1.025626 0.476223
v -1.620679 -1.042792 0.468305
v -1.160537 -1.214749 0.442552
v -1.499241 -1.246813 0.445576
v -1.514892 -1.218599 0.451489
v -1.411107 -1.258129 0.427397
v -1.865533 -1.124086 0.517964
v -1.872459 -1.136925 0.516129
v -1.190544 -1.248160 0.444044
v -1.162158 -1.237683 0.440960
v -1.897005 -1.119536 0.525868
v -1.880975 -1.104400 0.524304
v -1.836193 -1.121345 0.511245
v -1.949614 -1.078850 0.550662
v -1.997634 -1.091119 0.560937
v -2.021425 -1.119854 0.560115
v -1.980006 -1.065552 0.559246
v -2.127311 -1.097141 0.574939
v -1.995983 -1.043092 0.560512
v -1.934237 -1.062841 0.546605
v -1.129137 -1.222832 0.430909
v -1.737924 -1.157672 0.489009
v -1.173229 -1.189815 0.443873
v -1.213738 -1.165913 0.449668
v -2.325651 -1.009586 0.577912
v -1.853466 -1.095398 0.513771
v -1.983030 -1.027164 0.555682
v -1.138321 -1.191053 0.432284
v -1.954488 -1.020523 0.545602
v -1.921778 -1.047927 0.539993
v -1.324454 -1.129840 0.462677
v -1.109011 -1.198233 0.420081
v -1.792806 -1.109583 0.492909
v -2.269313 -0.849246 0.539110
v -2.108279 -0.934917 0.548385
v -1.994561 -0.997001 0.549489
v -1.848222 -1.036309 0.482853
v -1.868417 -1.000868 0.473321
v -1.156864 -1.165010 0.432068
v -1.287806 -1.122074 0.452782
v -1.227974 -1.139049 0.444223
v -1.914751 -0.956330 0.461311
v -1.885948 -1.000360 0.477498
v -1.844949 -1.060576 0.493537
v -1.118817 -1.172525 0.418299
v -1.929452 -1.029129 0.537487
v -1.992754 -0.882643 0.436393
v -1.179565 -1.137337 0.427684
v -1.990904 -0.980422 0.540593
v -2.305061 -0.571840 0.317760
v -2.347758 -0.448607 0.261246
v -1.194004 -1.115465 0.419905
v -1.920945 -0.968011 0.470363
v -1.945140 -0.947897 0.466686
v -1.980408 -0.969613 0.529538
v -1.951795 -0.994544 0.530950
v -2.295335 -0.598198 0.333423
v -1.147612 -1.114323 0.399046
v -1.880112 -1.030762 0.495828
v -1.111976 -1.139208 0.397487
v -1.101067 -1.159115 0.402127
v -2.006081 -0.934932 0.516096
v -1.963839 -0.622132 0.260557
v -2.070877 -0.509662 0.204834
v -1.239374 -1.052016 0.383208
v -1.150236 -1.095334 0.382498
v -2.188167 -0.703808 0.377286
v -1.920412 -1.011978 0.520005
v -1.913353 -0.992103 0.489261
v -2.004854 -0.564343 0.222019
v -1.946294 -0.978361 0.512031
v -1.100799 -1.114624 0.365125
v -1.133186 -1.094129 0.369057
v -1.878417 -1.049195 0.509992
v -2.289950 -0.263668 0.081218
v -1.905863 -0.636001 0.240365
v -1.084339 -1.135434 0.371042
v -1.084186 -1.183555 0.397937
v -2.072585 -0.431774 0.099292
v -2.437369 0.138652 -0.131180
v -2.532235 0.144247 -0.113313
v -2.526349 0.094288 -0.073641
v -1.536416 -0.810890 0.202374
v -1.468083 -0.867173 0.224248
v -1.516094 -0.847566 0.222830
v -1.974235 -0.524386 0.130893
v -1.113581 -1.008048 0.279798
v -1.059731 -1.030333 0.277478
v -1.093749 -1.071274 0.304748
v -1.146164 -1.036118 0.296093
v -1.149787 -1.048657 0.305628
v -1.205148 -1.018414 0.293208
v -1.028314 -1.076568 0.289447
v -1.262586 -1.001851 0.294118
v -1.112830 -1.073730 0.314727
v -1.089296 -1.098773 0.327637
v -1.439066 -0.903232 0.248061
v -1.060272 -1.093116 0.305214
v -1.056230 -1.116732 0.316253
v -1.315247 -0.967140 0.271258
v -1.363157 -0.947676 0.266557
v -1.034036 -1.123786 0.308113
v -0.901894 -1.186408 0.280905
v -0.906097 -1.156579 0.270347
v -1.028295 -1.157577 0.319398
v -2.212761 -0.324375 0.082785
v -1.591173 -0.810620 0.225858
v -0.847858 -1.245672 0.274101
v -0.970583 -1.226303 0.313424
v -0.964045 -1.275168 0.331947
v -0.902402 -1.256672 0.295216
v -0.845013 -1.270968 0.277732
v -0.822929 -1.248192 0.259574
v -1.019933 -1.257369 0.357957
v -1.949316 -0.558574 0.154673
v -1.163639 -1.056993 0.326490
v -1.024156 -1.229029 0.351322
v -1.068760 -1.122834 0.333665
v -1.048137 -1.147211 0.331627
v -0.795687 -1.288816 0.257174
v -2.459679 -0.475757 0.319198
v -1.416960 -0.944379 0.330242
v -0.790815 -1.272664 0.247266
v -1.956119 -0.575073 0.193331
v -1.072803 -1.155533 0.373755
v -0.817443 -1.307582 0.274512
v -0.840668 -1.314824 0.285361
v -1.041536 -1.175820 0.342655
v -1.044995 -1.274503 0.373253
v -1.053283 -1.230962 0.376360
v -1.045482 -1.211436 0.363861
v -1.090775 -1.206316 0.408312
v -0.771610 -1.277800 0.231417
v -0.725565 -1.327727 0.206435
v -1.060505 -1.246448 0.383291
v -0.992065 -1.024073 0.155974
v -0.806685 -1.058594 0.070904
v -1.217081 -0.829276 0.129165
v -1.019249 -1.032679 0.258875
v -1.248248 -0.694488 0.012952
v -0.979934 -1.052649 0.244926
v -2.184070 0.055676 -0.217999
v -1.001931 -1.028415 0.233902
v -0.700265 -1.090072 0.004590
v -0.685118 -1.136449 0.048136
v -2.177710 0.043552 -0.203747
v -1.107999 -0.929702 0.152252
v -0.649819 -1.164948 0.042087
v -1.027246 -0.999521 0.162380
v -0.949034 -1.067929 0.169311
v -0.977728 -1.074000 0.263590
v -0.713020 -1.068009 -0.018641
v -0.666346 -1.112611 -0.008323
v -1.747896 -0.319413 -0.165700
v -1.785236 -0.294878 -0.160223
v -1.698140 -0.368073 -0.148095
v -1.622645 -0.422691 -0.146836
v -1.625728 -0.410408 -0.159333
v -1.597081 -0.447196 -0.133196
v -1.669008 -0.374793 -0.165475
v -1.527373 -0.497662 -0.119852
v -1.425514 -0.559540 -0.114112
v -1.280506 -0.655687 -0.083555
v -1.246938 -0.667289 -0.098479
v -1.213400 -0.698261 -0.082072
v -1.167858 -0.716409 -0.097604
v -0.782422 -0.986412 -0.118382
v -0.692374 -1.053125 -0.131437
v -0.651673 -1.097093 -0.103630
v -0.649303 -1.093337 -0.111615
v -1.045855 -0.987633 0.212876
v -1.638253 -0.418697 -0.129274
v -0.902523 -1.104162 0.162665
v -1.181111 -0.686831 -0.119838
v -0.724795 -1.017670 -0.141553
v -0.626018 -1.131440 -0.052883
v -0.991070 -1.032553 0.219217
v -0.900041 -1.124149 0.234401
v -0.921845 -1.115147 0.251975
v -0.871999 -1.158544 0.240334
v -0.698142 -1.034709 -0.145520
v -0.628396 -1.182667 0.033830
v -0.623118 -1.122089 -0.077546
v -0.612767 -1.133326 -0.073104
v -0.613835 -1.115115 -0.094644
v -0.598716 -1.128683 -0.092046
v -0.654239 -1.183603 0.063944
v -0.876382 -1.142788 0.219626
v -0.839558 -1.203321 0.246750
v -0.787523 -1.225146 0.174964
v -1.366401 -0.601178 -0.086733
v -0.620853 -1.167737 0.000260
v -0.854731 -0.914660 -0.126568
v -0.867852 -1.182509 0.258053
v -0.776669 -0.963098 -0.141812
v -0.828182 -1.170590 0.160411
v -0.791303 -1.214384 0.162895
v -0.716491 -1.155183 0.089620
v -2.114862 0.023200 -0.230224
v -0.809046 -1.209866 0.202599
v -0.602236 -1.098425 -0.116682
v -0.616895 -1.226888 0.059993
v -0.579775 -1.125037 -0.106610
v -1.067835 -1.008096 0.265900
v -0.693684 -1.328995 0.176776
v -0.704698 -1.298784 0.140239
v -0.669601 -1.329090 0.157979
v -0.731505 -1.278291 0.146643
v -0.693051 -1.300385 0.134095
v -0.719340 -1.276848 0.133544
v -0.694957 -1.342055 0.188619
v -0.620023 -1.337396 0.140187
v -0.679654 -1.048799 -0.142242
v -0.652590 -1.075648 -0.127321
v -1.119986 -0.706550 -0.134630
v -0.618596 -1.283775 0.091143
v -0.590255 -1.288816 0.074392
v -0.564572 -1.257575 0.022261
v -0.556342 -1.320912 0.085883
v -0.583992 -1.257416 0.040271
v -0.571718 -1.233483 -0.000752
v -0.586559 -1.227603 0.011763
v -0.585835 -1.183206 -0.056762
v -0.572371 -1.198185 -0.048671
v -0.552718 -1.242010 -0.000473
v -0.596359 -1.171525 -0.055766
v -0.589074 -1.160921 -0.075880
v -0.572398 -1.173998 -0.073729
v -0.605511 -1.270365 0.073293
v -0.632134 -1.270444 0.091832
v -0.562507 -1.344117 0.107029
v -0.629603 -1.367098 0.166972
v -0.636270 -1.292207 0.106669
v -0.616840 -1.092560 -0.116654
v -0.700486 -1.279892 0.123851
v -0.658269 -1.204033 0.080901
v -0.627226 -1.238333 0.076637
v -0.796332 -1.197488 0.155282
v -0.712330 -1.350029 0.202578
v -0.625992 -1.046960 -0.145735
v -0.663603 -1.020332 -0.159105
v -0.691778 -1.000710 -0.165858
v -0.549192 -1.361947 0.111790
v -0.574725 -1.372519 0.127688
v -0.614791 -1.383535 0.160334
v -0.657370 -1.380570 0.184161
v -0.571727 -1.390700 0.125483
v -0.532761 -1.403474 0.114479
v 5.076151 -0.195434 0.364759
v 4.832564 -0.216420 0.378359
v 5.145867 -0.199175 0.283232
v 4.697436 -0.231207 0.356231
v 4.678321 -0.233395 0.365556
v 5.277836 -0.186226 0.337123
v 4.962548 -0.206784 0.394726
v 5.245571 -0.157442 0.240026
v 5.264084 -0.166096 0.269079
v 5.324368 -0.186844 0.387868
v 4.939714 -0.186036 0.197984
v 5.380521 -0.182311 0.396020
v 5.293871 -0.199413 0.418195
v 5.340786 -0.209081 0.448932
v 5.292716 -0.213108 0.459251
v 4.739099 -0.228386 0.382104
v 5.164177 -0.193516 0.272468
v 5.388955 -0.194769 0.427657
v 5.234331 -0.112983 0.140603
v 5.197232 -0.094311 0.112175
v 5.246135 -0.107815 0.135391
v 5.147303 -0.093059 0.119106
v 5.154745 -0.072471 0.091059
v 5.261687 -0.116898 0.152479
v 5.098402 -0.210429 0.426231
v 5.259873 -0.186336 0.368153
v 4.634186 -0.239989 0.369365
v 5.214505 -0.093820 0.113970
v 3.886357 0.067945 -0.091045
v 3.630650 0.053347 -0.057050
v 3.145924 -0.386285 0.220521
v 3.212930 -0.380309 0.218422
v 3.034195 -0.335850 0.208021
v 2.973137 -0.347515 0.204355
v 2.944752 -0.362255 0.203785
v 2.878513 -0.900173 0.438945
v 3.270682 -0.380500 0.223032
v 3.165416 -0.191251 0.128777
v 3.268728 -0.053641 0.024430
v 3.461471 0.080974 -0.078238
v 3.125349 -0.154051 0.075544
v 3.157777 -0.577118 0.327773
v 3.224018 -0.071045 0.026468
v 3.169226 -0.105850 0.035888
v 3.136329 -0.112840 0.002826
v 2.370492 -0.966204 0.391155
v 2.193309 -1.036388 0.385598
v 2.162302 -1.049369 0.388434
v 2.110966 -1.076630 0.400940
v 2.659490 -0.292135 0.061717
v 2.401744 -0.603160 0.208952
v 2.335047 -0.688623 0.243199
v 2.037630 -1.005877 0.369706
v 1.842894 -1.111835 0.355691
v 1.775729 -1.142711 0.352774
v 1.890706 -1.102323 0.381771
v 1.859010 -1.125654 0.390376
v 1.856518 -1.141235 0.405343
v 1.911017 -1.104591 0.394648
v 1.916472 -1.121534 0.406850
v 1.939999 -1.095999 0.396912
v 1.875944 -1.153171 0.421335
v 1.950059 -0.963051 0.284838
v 2.145374 -0.783676 0.227664
v 2.312649 -1.040763 0.422860
v 2.569946 -0.379802 0.109143
v 2.766599 -0.154922 -0.014447
v 3.724305 0.077139 -0.077591
v 3.924914 0.108489 -0.108925
v 3.859229 0.173364 -0.133220
v 3.815186 0.072954 -0.087776
v 2.894721 -0.293467 0.073780
v 2.878038 -0.261877 0.041742
v 2.863847 -0.246408 0.027911
v 2.877801 -0.204246 0.001734
v 2.925576 -0.278013 0.073110
v 3.041272 -0.147568 -0.011558
v 3.048308 -0.172405 0.022777
v 3.254165 -0.130370 0.091368
v 3.395229 -0.315736 0.193768
v 3.327475 -0.404528 0.251330
v 3.415620 -0.374302 0.252314
v 3.255776 -0.056003 0.023112
v 4.524851 0.069830 -0.057059
v 3.450840 0.275215 -0.312704
v 3.343495 0.307818 -0.316778
v 3.311376 0.318263 -0.320074
v 3.269170 0.363040 -0.348622
v 3.109756 0.363151 -0.387670
v 3.056002 0.336555 -0.382403
v 2.798823 0.130076 -0.293727
v 1.949980 -0.622132 0.016949
v 1.888862 -0.714047 0.066410
v 1.951945 -0.668874 0.048832
v 2.953654 0.349362 -0.415681
v 1.759269 -0.846378 0.106921
v 1.639107 -0.916371 0.123448
v 1.471657 -1.036436 0.143421
v 1.496578 -1.127160 0.173303
v 1.895954 -0.929860 0.161762
v 1.614356 -1.039780 0.154750
v 1.446886 -1.133469 0.164330
v 2.910909 0.150380 -0.219982
v 2.805420 0.055058 -0.168125
v 3.368578 0.412238 -0.368284
v 2.718959 -0.030816 -0.123883
v 3.514859 0.300497 -0.323656
v 3.702691 0.337458 -0.319053
v 3.588773 0.285122 -0.310241
v 2.660298 0.330943 -0.406308
v 2.587633 0.293585 -0.405781
v 2.505923 0.272553 -0.418358
v 2.220207 -0.064150 -0.302172
v 2.366616 0.156277 -0.400946
v 2.573825 0.343259 -0.430086
v 2.574698 0.207045 -0.360766
v 2.871882 -0.170090 -0.018383
v 2.802717 -0.211902 0.007319
v 2.736300 -0.026030 -0.117618
v 2.071092 -0.247708 -0.241973
v 4.256057 -0.268297 0.252041
v 4.335842 -0.271863 0.278052
v 4.233235 -0.291358 0.290739
v 4.363129 -0.287714 0.378168
v 3.933723 -0.382971 0.366779
v 3.842548 -0.343600 0.278926
v 3.489185 -0.411644 0.332977
v 3.563170 -0.452126 0.330826
v 3.217510 -0.604745 0.407421
v 3.273235 -0.547971 0.386245
v 3.237426 -0.570572 0.392083
v 3.157293 -0.647461 0.423532
v 3.087738 -0.710671 0.440944
v 3.066088 -0.742497 0.451315
v 3.027023 -0.778032 0.455542
v 2.979689 -0.867553 0.481245
v 2.971643 -0.849564 0.472706
v 3.134978 -0.674295 0.433634
v 1.939905 -0.461335 -0.111183
v 1.559845 -0.762151 -0.021629
v 1.678111 -0.682775 -0.045788
v 1.491603 -0.885258 0.005869
v 1.372351 -0.972164 0.012116
v 1.303956 -1.036230 0.015437
v 1.224647 -1.001106 -0.016484
v 1.352331 -0.916530 -0.002662
v 0.944622 -1.240345 -0.080967
v 1.381590 -0.883245 -0.008449
v 1.420017 -0.848755 -0.014469
v 1.419888 -0.836439 -0.029445
v 0.891341 -1.248984 -0.112705
v 1.149309 -1.051778 -0.034527
v 1.204514 -1.112785 0.008547
v 1.234176 -1.080816 0.007665
v 1.295777 -0.934520 -0.018930
v 1.566515 -0.745921 -0.032030
v 1.704328 -0.644211 -0.069218
v 1.489255 -0.791695 -0.029393
v 1.486860 -0.806452 -0.016500
v 1.745272 -0.604793 -0.091919
v 1.791724 -0.575249 -0.092501
v 1.420079 -0.827262 -0.055347
v 1.288955 -0.902440 -0.121096
v 1.267496 -0.882183 -0.166401
v 1.784549 -0.568163 -0.117582
v 1.792904 -0.499232 -0.269339
v 1.921776 -0.343300 -0.332716
v 1.877236 -0.436165 -0.274484
v 1.933181 -0.359275 -0.309722
v 1.970850 -0.290090 -0.345586
v 1.873125 -0.352507 -0.348161
v 1.714814 -0.418459 -0.350048
v 2.352441 0.268432 -0.495203
v 2.369665 0.296311 -0.497940
v 2.315482 0.257003 -0.502443
v 2.321151 0.279557 -0.506035
v 2.348442 0.316013 -0.513898
v 2.003341 -0.017423 -0.468485
v 2.053646 0.063000 -0.483272
v 2.034928 0.110089 -0.497562
v 1.992982 0.008491 -0.481667
v 1.858861 -0.205467 -0.422073
v 2.415036 0.338853 -0.499423
v 2.010716 0.054679 -0.492375
v 2.013014 0.100421 -0.504114
v 1.954150 0.060606 -0.530062
v 1.872001 -0.012573 -0.573859
v 1.846039 -0.074531 -0.565443
v 1.873233 -0.075434 -0.540121
v 1.959190 -0.001384 -0.498981
v 1.644245 -0.496332 -0.328576
v 1.695598 -0.429333 -0.354267
v 1.476860 -0.557813 -0.456554
v 1.308972 -0.738185 -0.430749
v 1.250705 -0.723699 -0.484332
v 1.210314 -0.825044 -0.440444
v 1.009305 -0.814599 -0.691972
v 0.836993 -0.985779 -0.719243
v 0.706901 -1.088613 -0.765678
v 0.580930 -1.178087 -0.830797
v 0.591808 -1.232818 -0.796193
v 0.580343 -1.128793 -0.845137
v 0.588654 -1.259334 -0.779477
v 0.580052 -1.288404 -0.759629
v 0.581947 -1.317583 -0.710830
v 0.728370 -1.098329 -0.741853
v 1.635776 -0.495855 -0.340846
v 1.672917 -0.646287 -0.155577
v 2.300133 0.212529 -0.491075
v 1.214373 -0.744938 -0.499409
v 0.942993 -0.910762 -0.675478
v 1.282940 -1.090231 0.040819
v 1.922488 -0.442092 -0.148389
v 1.946443 -0.382132 -0.264194
v 1.979719 -0.348197 -0.261550
v 1.864655 -0.473221 -0.232036
v 2.203325 -0.016061 -0.391804
v 1.628903 -0.905341 0.111899
v 3.383963 -0.454931 0.347402
v 3.423690 -0.423247 0.329366
v 3.623611 -0.320634 0.282890
v 3.535516 -0.497582 0.349801
v 3.371396 -0.476297 0.360331
v 4.680532 -0.239498 0.388018
v 3.619105 -0.203105 0.122368
v 4.233324 0.104717 -0.106346
v 4.932100 -0.211744 0.401383
v 1.060232 -1.115574 -0.062174
v 1.990882 -1.041904 0.379990
v 3.696030 -0.308809 0.281551
v 3.682764 -0.298650 0.271518
v 1.344064 -1.030730 0.028093
v 1.386268 -1.196886 0.184830
v 1.303217 -1.221279 0.163929
v 0.985972 -1.339297 0.082956
v 1.052025 -1.313668 0.102685
v 1.030378 -1.295266 0.072334
v 1.085306 -1.267767 0.090045
v 1.233159 -1.172572 0.122184
v 1.318488 -1.127493 0.140035
v 1.360538 -1.091593 0.136954
v 1.401855 -1.074318 0.142782
v 1.282743 -1.164519 0.141794
v 1.263072 -1.219979 0.149538
v 3.131021 -0.137947 0.053967
v 2.478811 -0.493905 0.162496
v 1.254021 -0.828944 -0.220920
v 3.937822 0.347459 -0.250576
v 3.987771 0.340041 -0.234817
v 3.898654 0.084445 -0.099211
v 2.401294 0.257035 -0.458548
v 1.477364 -1.010884 0.131109
v 1.178819 -0.881804 -0.217042
v 1.168759 -0.895831 -0.207704
v 1.131297 -0.915977 -0.222050
v 1.059636 -0.978202 -0.227474
v 0.986587 -1.032521 -0.256209
v 1.129766 -0.929813 -0.207205
v 0.907583 -1.100358 -0.284295
v 1.829915 -0.532311 -0.121289
v 2.316554 0.310197 -0.518909
v 3.295613 -0.630865 0.402284
v 3.213681 -0.716471 0.433084
v 3.380515 -0.589847 0.386931
v 3.654532 -0.329699 0.293314
v 3.258253 -0.503067 0.311251
v 2.554416 0.359601 -0.443583
v 2.562157 0.401445 -0.456356
v 4.848622 0.013991 -0.007615
v 3.011278 -0.782947 0.451677
v 2.991880 -0.245758 0.079001
v 4.778209 0.031918 -0.024057
v 1.780484 -0.565119 -0.162164
v 3.617985 0.256687 -0.282872
v 1.818845 -0.507045 -0.237002
v 1.072009 -1.063397 -0.131292
v 1.093177 -1.027211 -0.156346
v 1.161512 -0.972528 -0.150170
v 1.231563 -0.930701 -0.138328
v 2.942625 -0.193168 0.001992
v 1.978509 -0.872912 0.152933
v 3.999227 -0.369023 0.376158
v 1.978094 -1.080751 0.393586
v 5.336359 -0.144397 0.242307
v 1.490177 -0.821668 -0.008038
v 3.907640 0.329787 -0.246585
v 5.130476 -0.107657 0.139109
v 3.874058 -0.375903 0.313193
v 2.416917 0.355813 -0.504518
v 3.531599 0.244166 -0.291295
v 1.148528 -1.037212 -0.044258
v 1.376251 -1.104162 0.148110
v 3.276956 -0.453743 0.275093
v 2.117552 -0.214217 -0.228365
v 1.378552 -1.169798 0.163381
v 2.839563 -0.910539 0.434045
v 1.238354 -0.814187 -0.419036
v 3.541514 0.424285 -0.359019
v 3.032454 -0.208670 0.063646
v 3.212567 -0.153131 0.106604
v 1.282838 -0.690034 -0.487822
v 1.245426 -0.974969 -0.019846
v 2.105836 -0.032481 -0.444810
v 1.226801 -0.974146 -0.037513
v 2.424976 -0.967536 0.408407
v 1.697858 -0.602890 -0.214352
v 3.957693 0.313112 -0.223224
v 2.309086 -0.155872 -0.188978
v 1.286646 -1.066471 0.023935
v 2.006443 -0.353015 -0.164746
v 1.760652 -0.335470 -0.390250
usemtl Steel_-_Satin
f 9857 9858 9861
f 9857 9861 9860
f 9857 9860 9372
f 9488 9484 9487
f 9488 9487 9562
f 6069 6107 8994
f 6069 8994 8986
f 6069 8986 6102
f 5859 5764 5766
f 5859 5766 5861
f 144 138 130
f 138 115 130
f 8327 8321 8322
f 8327 8322 8326
f 477 474 490
f 477 490 495
f 477 495 496
f 477 496 494
f 477 494 489
f 7249 7804 7665
f 7249 7665 7656
f 7249 7656 7253
f 1064 1031 1032
f 1195 1197 1120
f 1195 1120 1116
f 1195 1116 1091
f 9317 9355 9299
f 8947 8874 8945
f 8947 8945 8952
f 8947 8952 8950
f 5663 5673 6119
f 5663 6119 5689
f 10486 10590 10487
f 4152 4127 4128
f 4152 4128 4153
f 6064 6062 6060
f 6064 6060 6057
f 6064 6057 6054
f 6064 6054 6056
f 6064 6056 6066
f 6064 6066 6068
f 6064 6068 6070
f 141 147 134
f 147 141 137
f 4638 4632 4628
f 4638 4628 4643
f 3527 3498 3497
f 4392 4449 4435
f 4392 4435 4397
f 4392 4397 4388
f 170 179 176
f 176 179 237
f 200 201 205
f 1126 1121 1125
f 180 178 175
f 180 175 177
f 180 177 189
f 3037 4294 3030
f 3037 3030 3018
f 720 715 755
f 720 755 754
f 154 158 157
f 154 157 155
f 154 155 153
f 1298 1300 1299
f 1298 1299 1303
f 1298 1303 1302
f 1298 1302 1296
f 1298 1296 1293
f 176 196 177
f 2975 2977 2973
f 2975 2973 2971
f 2975 2971 2969
f 2975 2969 2972
f 2975 2972 2976
f 177 194 191
f 2075 2079 2082
f 2075 2082 2080
f 2075 2080 2078
f 2075 2078 2072
f 5300 5304 5303
f 5300 5303 5302
f 191 194 192
f 162 171 157
f 8 158 161
f 8 161 9
f 159 155 180
f 3029 4298 3062
f 3029 3062 3049
f 5011 4969 2098
f 5011 2098 2093
f 5011 2093 2099
f 156 159 198
f 6586 6579 6578
f 6586 6578 6587
f 790 778 769
f 790 769 775
f 190 193 195
f 5409 5406 5412
f 5409 5412 5413
f 8296 8295 8305
f 8296 8305 8335
f 8296 8335 8337
f 8296 8337 8325
f 5217 5216 5225
f 208 216 217
f 62 59 186
f 28 54 63
f 168 172 174
f 168 174 170
f 26 29 28
f 8207 8209 7190
f 8207 7190 7188
f 197 177 196
f 197 196 238
f 7625 7624 7649
f 7625 7649 7592
f 7625 7592 7594
f 8 163 158
f 5014 5017 4922
f 5014 4922 4897
f 3438 3441 3374
f 6053 6055 6054
f 6053 6054 6057
f 6053 6057 6045
f 3628 3667 3674
f 3628 3674 3675
f 3628 3675 3647
f 9650 9688 9684
f 9650 9684 1815
f 9650 1815 1804
f 9650 1804 1800
f 9650 1800 1818
f 9650 1818 9633
f 169 65 172
f 813 828 816
f 8432 8433 8434
f 174 179 170
f 8808 2260 10292
f 8808 10292 8805
f 2192 2206 2216
f 2192 2216 2219
f 2192 2219 2207
f 19 24 23
f 19 23 22
f 19 22 21
f 19 21 15
f 19 15 17
f 19 17 18
f 18 17 16
f 3665 3664 8520
f 2204 4972 4971
f 2204 4971 2161
f 2204 2161 2110
f 262 267 273
f 254 248 275
f 4732 4731 4716
f 271 265 225
f 239 248 254
f 8052 8049 8043
f 253 258 250
f 9671 1963 1983
f 9671 1983 2052
f 9671 2052 2053
f 9671 2053 9670
f 9671 9670 9669
f 9671 9669 9667
f 241 250 249
f 276 277 287
f 6055 6053 5997
f 6055 5997 5998
f 9404 9403 4929
f 9404 4929 9407
f 249 250 255
f 5051 5053 5052
f 5051 5052 5040
f 5051 5040 5036
f 211 249 257
f 2030 2016 2032
f 2030 2032 1999
f 2030 1999 1998
f 2030 1998 1997
f 2030 1997 2001
f 2030 2001 2031
f 266 279 278
f 4931 4942 4945
f 4931 4945 4973
f 4931 4973 4947
f 4931 4947 4876
f 4931 4876 4850
f 268 278 277
f 254 275 280
f 266 278 268
f 268 277 269
f 269 277 276
f 241 253 250
f 211 257 212
f 7121 7120 7124
f 7121 7124 7128
f 7121 7128 7123
f 4283 4284 4310
f 4283 4310 4306
f 10424 10423 10422
f 10424 10422 10425
f 1490 1713 1716
f 1490 1716 1484
f 1490 1484 1485
f 1939 1927 1938
f 1939 1938 1941
f 284 291 292
f 5635 5641 5653
f 5635 5653 5650
f 5635 5650 5652
f 5635 5652 5640
f 6964 471 456
f 6964 456 455
f 6964 455 538
f 7104 7115 7116
f 7104 7116 7114
f 7104 7114 7112
f 7104 7112 7111
f 8938 8937 8940
f 170 176 177
f 170 177 175
f 170 175 173
f 226 263 262
f 248 262 273
f 230 224 231
f 230 231 235
f 230 235 236
f 230 236 237
f 248 273 275
f 231 248 239
f 240 211 201
f 240 201 197
f 240 197 238
f 225 246 271
f 224 225 226
f 6626 8173 8175
f 6626 8175 8179
f 226 262 248
f 4228 4227 9838
f 4228 9838 9839
f 67 70 71
f 2739 2764 2756
f 2739 2756 2733
f 66 44 43
f 9453 9496 9495
f 9453 9495 9493
f 9453 9493 9465
f 206 66 213
f 7799 7766 7753
f 7799 7753 2840
f 206 213 207
f 207 243 233
f 5939 5946 4912
f 5939 4912 4913
f 5939 4913 5940
f 188 206 203
f 7707 7703 7704
f 7707 7704 7702
f 7707 7702 7706
f 7707 7706 7736
f 7707 7736 7712
f 6149 6153 6195
f 6149 6195 6197
f 41 43 44
f 243 256 244
f 187 206 188
f 140 125 124
f 140 124 139
f 7710 7701 7686
f 7710 7686 7810
f 7710 7810 7739
f 3687 3685 3676
f 3687 3676 3649
f 3687 3649 3671
f 9723 9724 9718
f 9723 9718 9716
f 184 183 202
f 9557 8711 8707
f 9557 8707 9556
f 9557 9556 9554
f 9557 9554 9555
f 125 121 124
f 120 119 121
f 160 156 198
f 160 198 7887
f 160 7887 7884
f 124 121 123
f 3378 3390 3388
f 3378 3388 3382
f 3378 3382 3383
f 3378 3383 3380
f 3378 3380 3381
f 3378 3381 3376
f 70 67 40
f 70 40 68
f 70 68 69
f 46 57 60
f 649 648 673
f 649 673 682
f 649 682 683
f 649 683 668
f 4091 4090 4461
f 4091 4461 2327
f 5937 2526 2437
f 5937 2437 5923
f 57 46 50
f 57 50 61
f 7603 7612 7609
f 7603 7609 7604
f 7603 7604 7602
f 7603 7602 7578
f 7603 7578 7601
f 7603 7601 7618
f 9156 9170 9212
f 9156 9212 9215
f 9156 9215 9157
f 3004 2976 3007
f 3004 3007 3020
f 9550 9563 9471
f 9550 9471 9467
f 9764 9768 9771
f 9764 9771 9756
f 9764 9756 9755
f 9764 9755 9762
f 90 117 89
f 8785 8767 8780
f 8785 8780 8789
f 8785 8789 8792
f 8275 8276 8281
f 8275 8281 8280
f 8275 8280 8277
f 8275 8277 114
f 8275 114 112
f 8275 112 106
f 8275 106 129
f 8275 129 8268
f 8275 8268 8246
f 8275 8246 8250
f 8275 8250 8272
f 8275 8272 8279
f 8275 8279 8282
f 10480 6111 6100
f 10480 6100 6089
f 10480 6089 6101
f 2573 2681 2602
f 2573 2602 2599
f 91 107 108
f 108 109 110
f 108 110 126
f 108 126 8328
f 108 8328 8401
f 108 8401 132
f 108 132 143
f 108 143 3617
f 108 3617 3596
f 4167 4166 4158
f 4167 4158 4144
f 4167 4144 4125
f 4167 4125 4175
f 4167 4175 4174
f 1730 1733 1734
f 1730 1734 1732
f 3786 3798 3821
f 3786 3821 3835
f 3786 3835 3843
f 3786 3843 3842
f 3786 3842 3823
f 7351 7324 7325
f 7351 7325 7328
f 6849 6846 10563
f 3177 3180 3178
f 5486 5477 9082
f 5486 9082 9085
f 9774 9767 9765
f 9774 9765 9785
f 918 1971 1972
f 918 1972 1973
f 8736 8734 6958
f 8736 6958 8735
f 8002 8016 8017
f 8002 8017 8015
f 8002 8015 7971
f 4200 4209 4235
f 4200 4235 4217
f 4200 4217 4224
f 10501 10456 10572
f 10501 10572 10599
f 10501 10599 10568
f 10501 10568 10509
f 10501 10509 10566
f 7266 7258 7271
f 7266 7271 8040
f 7266 8040 8023
f 6570 6573 6572
f 6570 6572 6559
f 6570 6559 6563
f 6570 6563 6568
f 6570 6568 6576
f 6570 6576 6575
f 6570 6575 6577
f 732 359 364
f 732 364 534
f 732 534 739
f 732 739 727
f 732 727 728
f 10395 10394 10387
f 10395 10387 10601
f 10395 10601 10409
f 10395 10409 8965
f 10395 8965 8960
f 10395 8960 10388
f 9451 9453 9465
f 9451 9465 9467
f 9451 9467 9471
f 9451 9471 9472
f 9451 9472 9473
f 9451 9473 9470
f 9451 9470 9469
f 9451 9469 9468
f 9451 9468 9464
f 9451 9464 9462
f 9451 9462 9447
f 9451 9447 9449
f 9451 9449 9452
f 84 83 85
f 4183 4189 4185
f 4183 4185 4168
f 4183 4168 4150
f 1317 1321 1324
f 1317 1324 1318
f 92 94 95
f 580 586 595
f 580 595 587
f 2509 2451 2420
f 2509 2420 2426
f 2509 2426 2499
f 2777 2756 2816
f 9886 9880 9879
f 9886 9879 9890
f 3558 3560 3562
f 108 107 109
f 3139 3058 3050
f 3139 3050 3133
f 5258 5274 3184
f 5258 3184 3168
f 5258 3168 3169
f 5305 5301 5306
f 3213 3231 3511
f 3213 3511 3412
f 3213 3412 3302
f 3213 3302 3303
f 99 37 100
f 4141 4148 4156
f 4141 4156 4176
f 4141 4176 4201
f 4141 4201 4202
f 4141 4202 4181
f 7971 7991 7906
f 7971 7906 7924
f 7971 7924 7949
f 7971 7949 7955
f 5839 5738 5743
f 5839 5743 5804
f 103 102 128
f 996 995 994
f 106 105 129
f 7461 4706 4671
f 7461 4671 4692
f 35 36 98
f 35 98 97
f 10396 6864 10383
f 10396 10383 10382
f 1094 1093 1027
f 1094 1027 1092
f 1094 1092 1026
f 7346 7368 6652
f 7346 6652 6645
f 7346 6645 7362
f 7346 7362 7363
f 1349 1338 1343
f 1349 1343 1363
f 91 35 97
f 107 91 97
f 6783 6746 6745
f 6783 6745 6784
f 8259 8257 8266
f 8259 8266 8271
f 8259 8271 8262
f 222 219 223
f 205 201 210
f 3985 3984 3973
f 3985 3973 3958
f 3985 3958 3959
f 3985 3959 3965
f 4870 4836 4899
f 4870 4899 4880
f 4870 4880 4882
f 4870 4882 4881
f 4870 4881 4886
f 2506 2497 2483
f 2506 2483 2480
f 2506 2480 2484
f 2506 2484 2498
f 2506 2498 2507
f 1498 1499 1722
f 1498 1722 1496
f 10066 10174 10159
f 10066 10159 10180
f 10066 10180 10177
f 10066 10177 10077
f 3870 3881 3880
f 7771 7770 7654
f 7771 7654 7648
f 7771 7648 7754
f 7771 7754 7257
f 7771 7257 7263
f 7243 7240 7249
f 7243 7249 7253
f 8563 8559 8565
f 8563 8565 8568
f 5173 5164 5160
f 5173 5160 5166
f 1715 1709 9580
f 1715 9580 9575
f 1715 9575 9581
f 778 782 696
f 778 696 697
f 778 697 774
f 778 774 768
f 778 768 769
f 7005 7008 7013
f 7005 7013 7014
f 7005 7014 7012
f 2646 2684 2676
f 2646 2676 2644
f 10447 10602 10446
f 10447 10446 10440
f 10447 10440 10445
f 10447 10445 10438
f 674 654 698
f 7531 7527 7542
f 7531 7542 7564
f 7531 7564 7580
f 7531 7580 543
f 7531 543 547
f 7531 547 7556
f 7531 7556 7555
f 7531 7555 7563
f 717 5 756
f 6454 6451 6450
f 6454 6450 6444
f 6454 6444 6448
f 184 202 179
f 184 179 174
f 184 174 181
f 29 55 54
f 29 54 28
f 4 720 754
f 4 754 5
f 4 5 717
f 4 717 3
f 914 1854 1896
f 914 1896 917
f 2630 2662 2700
f 2630 2700 2745
f 2630 2745 2703
f 2630 2703 2673
f 2630 2673 2631
f 6317 6315 6318
f 6317 6318 6319
f 5375 5386 2942
f 5375 2942 5383
f 3 717 710
f 3167 3168 3165
f 3167 3165 3164
f 3167 3164 3163
f 3167 3163 3162
f 3167 3162 3166
f 746 747 751
f 7970 7812 7956
f 7970 7956 7959
f 8288 8287 8267
f 8288 8267 8264
f 8288 8264 146
f 9691 9597 8731
f 9691 8731 9706
f 9691 9706 9705
f 9691 9705 9692
f 6258 6253 6264
f 6258 6264 6256
f 6258 6256 6257
f 771 772 770
f 2115 2096 2120
f 2115 2120 2119
f 2115 2119 2141
f 2115 2141 2136
f 4132 4131 4138
f 4132 4138 4154
f 4132 4154 4145
f 4132 4145 4119
f 4132 4119 4118
f 4132 4118 4124
f 4132 4124 4136
f 4132 4136 4140
f 4132 4140 4135
f 687 710 757
f 757 710 756
f 4292 4278 4282
f 4292 4282 4304
f 4292 4304 4293
f 717 756 710
f 753 751 750
f 753 750 758
f 8380 8370 8365
f 8380 8365 8366
f 8380 8366 8383
f 39 42 716
f 39 716 40
f 39 40 41
f 751 747 750
f 7443 7000 6998
f 7443 6998 7418
f 7443 7418 7429
f 7443 7429 7438
f 2327 4461 4465
f 2327 4465 4478
f 2327 4478 4479
f 1911 2036 2043
f 1911 2043 2044
f 1911 2044 2045
f 1911 2045 2046
f 1911 2046 1914
f 3441 7296 7295
f 3441 7295 7293
f 3441 7293 7294
f 8836 8835 8839
f 8836 8839 8837
f 8836 8837 8829
f 8836 8829 8838
f 8836 8838 8841
f 8836 8841 3547
f 8836 3547 3548
f 672 684 697
f 3128 3122 3121
f 3128 3121 3129
f 3931 3951 3959
f 3931 3959 3958
f 3931 3958 3946
f 3931 3946 3938
f 3931 3938 3927
f 3931 3927 3926
f 1083 1275 1242
f 1083 1242 1241
f 1083 1241 1080
f 749 754 755
f 749 755 140
f 9420 9232 9231
f 9420 9231 9424
f 9420 9424 9415
f 7603 7618 7622
f 7603 7622 7506
f 7603 7506 7530
f 7603 7530 7632
f 10055 8803 10066
f 10055 10066 10048
f 4036 4041 4040
f 4036 4040 4038
f 4036 4038 4024
f 4036 4024 4035
f 3433 3417 3395
f 7416 7407 7408
f 7416 7408 7418
f 7416 7418 7424
f 5926 5918 5906
f 5926 5906 4420
f 6964 538 537
f 6964 537 432
f 6964 432 536
f 6964 536 448
f 6964 448 460
f 6964 460 6962
f 6964 6962 6965
f 6964 6965 6967
f 6964 6967 6961
f 6964 6961 6963
f 6964 6963 6966
f 5937 5923 5932
f 5937 5932 7587
f 5937 7587 7875
f 744 752 748
f 6504 6508 6515
f 6504 6515 6514
f 8960 8965 8878
f 8960 8878 8876
f 8960 8876 8955
f 2179 2271 2272
f 2179 2272 2262
f 2179 2262 2255
f 2179 2255 2256
f 2179 2256 2148
f 2179 2148 2151
f 8019 7996 8033
f 8019 8033 8038
f 3594 3592 3593
f 3594 3593 3603
f 3594 3603 87
f 3594 87 79
f 3594 79 80
f 3594 80 56
f 3594 56 77
f 3594 77 73
f 3594 73 75
f 1808 1495 1811
f 1808 1811 1478
f 1808 1478 1492
f 1808 1492 1480
f 1808 1480 1810
f 1808 1810 1809
f 3190 3198 3196
f 3190 3196 3193
f 7549 7550 7551
f 7549 7551 7552
f 3707 3706 8462
f 3707 8462 8469
f 9836 9832 9833
f 9836 9833 4224
f 9836 4224 4217
f 4664 4659 4694
f 4664 4694 4693
f 4664 4693 4683
f 5681 5687 5683
f 5681 5683 5675
f 804 3717 3716
f 804 3716 3715
f 4621 4614 4608
f 4621 4608 4611
f 4621 4611 4622
f 4621 4622 4627
f 6101 6099 6096
f 6101 6096 10479
f 6101 10479 10480
f 4904 4903 5760
f 4904 5760 5762
f 4904 5762 5761
f 4904 5761 5759
f 991 1020 1021
f 991 1021 1022
f 991 1022 990
f 8680 8681 8684
f 8680 8684 8685
f 8680 8685 8683
f 8680 8683 8670
f 8680 8670 8543
f 8680 8543 8547
f 8680 8547 8363
f 8680 8363 8341
f 8680 8341 8320
f 8680 8320 8307
f 8680 8307 8386
f 8680 8386 8660
f 8680 8660 8665
f 8680 8665 8669
f 8680 8669 8659
f 8680 8659 8678
f 832 833 834
f 4048 3895 3901
f 4048 3901 3969
f 4048 3969 4042
f 2198 2197 5003
f 2198 5003 5013
f 6012 6008 6007
f 6012 6007 6006
f 6012 6006 6009
f 6012 6009 6017
f 8261 8258 8259
f 8261 8259 8262
f 8261 8262 8269
f 3269 3268 3258
f 3269 3258 3259
f 3269 3259 3261
f 5456 5457 5461
f 5456 5461 5462
f 5033 5068 5027
f 5033 5027 5025
f 2456 2491 4806
f 2456 4806 2482
f 2456 2482 2457
f 8480 8484 8485
f 8480 8485 8486
f 8480 8486 8478
f 8480 8478 8475
f 8480 8475 8476
f 8480 8476 8477
f 8480 8477 8482
f 8480 8482 8493
f 8480 8493 8481
f 7505 7525 7546
f 7505 7546 7539
f 6269 6304 6249
f 6269 6249 6243
f 4920 5623 5016
f 6299 6283 6276
f 6299 6276 6266
f 3598 3600 3601
f 3598 3601 3591
f 6952 6953 6954
f 6952 6954 6951
f 6952 6951 6950
f 2266 2263 2258
f 2266 2258 2250
f 4864 4904 5757
f 4864 5757 5763
f 4864 5763 4865
f 3552 3554 3356
f 8438 8464 8453
f 8438 8453 8435
f 8412 8419 8554
f 8412 8554 8553
f 8412 8553 143
f 8412 143 132
f 5985 3081 3080
f 5985 3080 4410
f 5985 4410 4377
f 9537 2915 9569
f 9537 9569 9559
f 10058 10078 10071
f 10058 10071 10057
f 4218 4207 4208
f 4218 4208 4230
f 4218 4230 9777
f 4218 9777 9776
f 4218 9776 9770
f 4218 9770 9792
f 4518 4528 4542
f 4518 4542 4540
f 4518 4540 4517
f 16 17 14
f 16 14 13
f 8572 8570 8576
f 8572 8576 8577
f 3185 3180 3177
f 3185 3177 3181
f 691 668 683
f 691 683 702
f 691 702 3734
f 691 3734 692
f 8838 3546 8841
f 8472 3665 8520
f 8472 8520 8473
f 8472 8473 8452
f 8472 8452 8451
f 8334 8381 8374
f 8334 8374 8339
f 8471 3692 3691
f 8471 3691 3673
f 8471 3673 3682
f 4927 4908 4934
f 4927 4934 4944
f 4927 4944 4935
f 8772 8771 8769
f 8772 8769 8770
f 384 396 375
f 384 375 350
f 384 350 365
f 1311 1300 1298
f 1311 1298 1312
f 1311 1312 1315
f 1210 1110 1109
f 1210 1109 1108
f 1210 1108 1143
f 1210 1143 1144
f 1210 1144 1145
f 1210 1145 1146
f 1210 1146 1152
f 10430 6780 6799
f 10430 6799 6850
f 8809 10179 8807
f 5024 6505 2224
f 5024 2224 5020
f 711 709 700
f 711 700 701
f 2336 2343 2348
f 2336 2348 2334
f 2336 2334 2335
f 4027 4043 3983
f 4027 3983 4031
f 4027 4031 4026
f 5387 2942 5386
f 5387 5386 5384
f 9521 9522 9517
f 9521 9517 9518
f 9521 9518 9519
f 60 686 42
f 60 42 46
f 10193 10227 10237
f 10193 10237 10198
f 10193 10198 10189
f 10193 10189 10190
f 7389 7390 7391
f 7389 7391 7392
f 7389 7392 7393
f 413 431 463
f 413 463 428
f 9095 9090 9101
f 3795 3794 3793
f 190 189 177
f 190 177 191
f 190 191 192
f 190 192 193
f 5284 5282 7062
f 5284 7062 7061
f 5284 7061 7060
f 5284 7060 7059
f 6676 6731 6749
f 6676 6749 6677
f 6676 6677 6679
f 6676 6679 6675
f 2616 2617 2618
f 2616 2618 2614
f 2616 2614 2615
f 6621 8131 8122
f 6621 8122 8123
f 6621 8123 8127
f 6621 8127 8133
f 6621 8133 8130
f 6621 8130 6616
f 6621 6616 6615
f 5552 5543 5557
f 5552 5557 2736
f 5552 2736 5572
f 5552 5572 5554
f 3716 3717 3813
f 9441 9448 9679
f 9441 9679 9678
f 9441 9678 9677
f 1976 1951 1953
f 1976 1953 1968
f 6138 6133 6135
f 6138 6135 6139
f 6138 6139 6137
f 7255 7265 7258
f 5767 5768 5769
f 5767 5769 2
f 5767 2 5751
f 5767 5751 5750
f 5767 5750 5752
f 5767 5752 5749
f 5767 5749 5748
f 5767 5748 5747
f 5767 5747 5754
f 5862 5840 5860
f 543 541 547
f 7163 7169 7147
f 7163 7147 7149
f 4794 4788 4774
f 4794 4774 4779
f 3839 4682 4687
f 3839 4687 3840
f 9779 9780 9781
f 9779 9781 9782
f 2472 2476 2464
f 2472 2464 2467
f 4094 4098 4092
f 3912 3913 3925
f 3912 3925 3932
f 3912 3932 3929
f 3643 3639 3669
f 3643 3669 3672
f 10556 6787 6744
f 10556 6744 6739
f 10556 6739 6798
f 10556 6798 6797
f 703 688 671
f 5880 5895 5887
f 5880 5887 5888
f 5880 5888 5885
f 5880 5885 5884
f 808 809 807
f 808 807 806
f 808 806 804
f 808 804 803
f 808 803 805
f 424 425 423
f 1148 1202 1200
f 1148 1200 10079
f 1148 10079 10080
f 1148 10080 1147
f 8968 8966 8967
f 8968 8967 5810
f 7850 9026 5934
f 7850 5934 9025
f 7731 7729 7721
f 7731 7721 7712
f 7731 7712 7736
f 1514 1510 1511
f 6125 6512 6511
f 6125 6511 6521
f 4895 4887 4911
f 4895 4911 4910
f 4895 4910 4917
f 848 802 797
f 848 797 798
f 848 798 856
f 848 856 825
f 9697 9683 9662
f 9697 9662 9691
f 9697 9691 9692
f 9697 9692 9700
f 9697 9700 9701
f 9697 9701 9708
f 9697 9708 9703
f 9697 9703 9698
f 2948 2947 1508
f 2948 1508 1507
f 1059 1048 1047
f 1059 1047 1051
f 2429 2352 6288
f 2429 6288 6291
f 4813 4786 4808
f 4813 4808 4816
f 3905 3939 3962
f 3905 3962 3971
f 3905 3971 3953
f 3905 3953 3904
f 268 269 270
f 268 270 267
f 268 267 266
f 7281 7282 7283
f 7281 7283 7288
f 7281 7288 7284
f 7281 7284 7273
f 7281 7273 7274
f 10574 10393 10384
f 10574 10384 6863
f 2844 2831 2794
f 2844 2794 2767
f 2844 2767 2693
f 2844 2693 2706
f 2844 2706 2729
f 2844 2729 2782
f 2844 2782 2822
f 5624 5621 4915
f 5624 4915 5629
f 1266 1170 1171
f 1266 1171 1206
f 1266 1206 1251
f 1271 1270 1153
f 1172 1206 1171
f 4192 4166 4167
f 1270 1238 1153
f 5089 5081 5056
f 5089 5056 5055
f 5089 5055 5085
f 4816 4808 2290
f 4816 2290 4817
f 3320 3534 3536
f 3320 3536 3499
f 3320 3499 3401
f 3320 3401 3316
f 6072 6082 6098
f 3151 3152 3150
f 3151 3150 3149
f 7413 7420 7421
f 7413 7421 7411
f 3177 3161 3179
f 3177 3179 3181
f 4747 4749 4755
f 1706 1708 1705
f 1706 1705 1670
f 1706 1670 1395
f 1286 1281 1284
f 990 1014 989
f 3550 3505 3408
f 3550 3408 3451
f 3550 3451 3553
f 3407 3267 3262
f 3407 3262 3334
f 3407 3334 3318
f 3407 3318 3450
f 3407 3450 3447
f 9887 9889 9379
f 9887 9379 9888
f 7559 7569 7596
f 7559 7596 2063
f 7559 2063 7558
f 1143 1107 1119
f 1143 1119 1144
f 831 854 3851
f 831 3851 827
f 772 785 801
f 772 801 789
f 772 789 773
f 772 773 767
f 772 767 770
f 6418 6419 6408
f 6418 6408 6400
f 621 620 619
f 621 619 622
f 239 241 240
f 239 240 235
f 239 235 231
f 1226 1219 1224
f 3470 3468 3467
f 3470 3467 5298
f 3470 5298 3220
f 3470 3220 3219
f 3470 3219 3228
f 1292 1290 1289
f 1292 1289 1291
f 1292 1291 1273
f 1276 1277 1289
f 9453 9491 9499
f 9453 9499 9496
f 1215 1217 1216
f 5445 5446 9049
f 5445 9049 9043
f 5445 9043 5449
f 1273 1021 1292
f 5435 5397 5398
f 5435 5398 5433
f 1063 1082 1246
f 1063 1246 1684
f 1063 1684 1651
f 5731 5721 5704
f 5731 5704 5722
f 4041 5538 5603
f 4041 5603 4044
f 5542 5547 5548
f 5542 5548 5539
f 7670 7676 7696
f 7670 7696 8046
f 7670 8046 8044
f 7670 8044 8047
f 7670 8047 7677
f 7670 7677 7675
f 7670 7675 7673
f 7670 7673 7674
f 7670 7674 7672
f 4680 4683 4693
f 4680 4693 4681
f 1196 1199 1195
f 7020 7019 7013
f 7020 7013 7008
f 7020 7008 7022
f 6880 6876 6890
f 6880 6890 6891
f 6880 6891 6892
f 8657 8652 8648
f 8657 8648 8644
f 8657 8644 8641
f 8657 8641 8655
f 1250 1249 1197
f 9124 9134 9128
f 9124 9128 9123
f 1195 1199 1197
f 1199 1250 1197
f 3678 3604 3600
f 3678 3600 3621
f 3678 3621 3683
f 1219 1226 1220
f 1265 1353 1221
f 5313 5307 5301
f 5313 5301 5305
f 5313 5305 5321
f 5313 5321 5172
f 5313 5172 5177
f 5313 5177 5323
f 5313 5323 5314
f 5313 5314 5260
f 6754 6748 6714
f 6754 6714 6709
f 6754 6709 6707
f 6754 6707 6706
f 6754 6706 6710
f 6754 6710 6732
f 8822 8823 8824
f 8822 8824 8842
f 8822 8842 8821
f 1418 1408 1357
f 6892 6903 2210
f 6892 2210 6893
f 1357 1354 1334
f 1354 1409 1410
f 1656 1657 1661
f 9740 9724 9723
f 9740 9723 9725
f 2675 2669 8530
f 2675 8530 8672
f 2675 8672 2748
f 1367 1379 1355
f 938 928 939
f 1665 1663 950
f 5074 5070 5067
f 5074 5067 5029
f 5074 5029 5030
f 2516 2511 2531
f 2516 2531 2514
f 1424 1616 1704
f 1424 1704 980
f 4755 4751 4747
f 82 83 84
f 82 84 86
f 943 938 939
f 1426 964 1428
f 1426 1428 1433
f 1426 1433 1427
f 1935 1927 1939
f 4363 4341 4339
f 4363 4339 4366
f 1402 1400 1399
f 1397 1407 1401
f 7138 7131 7106
f 7138 7106 7105
f 7138 7105 7140
f 1407 1416 1401
f 5524 5530 5532
f 5524 5532 5533
f 5524 5533 5514
f 1400 1396 1399
f 1396 1397 1398
f 1399 1396 1398
f 1979 1584 1419
f 1404 1407 1397
f 895 905 908
f 895 908 896
f 2928 2946 6366
f 2928 6366 6326
f 2928 6326 6382
f 9017 9018 5926
f 9017 5926 9016
f 9017 9016 9015
f 5237 5238 5241
f 5237 5241 3191
f 5237 3191 3194
f 5237 3194 3200
f 7324 7323 3443
f 7324 3443 3389
f 7324 3389 7325
f 3342 3343 3339
f 7072 7071 7070
f 7072 7070 7052
f 4524 7376 7335
f 4524 7335 4505
f 1978 1977 1969
f 9049 5446 5450
f 9049 5450 9060
f 2966 2965 3013
f 2966 3013 3017
f 2966 3017 2972
f 2966 2972 2969
f 3607 3612 3603
f 3607 3603 3602
f 3607 3602 3606
f 3607 3606 3624
f 1935 1926 1927
f 1980 1981 1985
f 1977 1980 1986
f 1986 1980 1985
f 7374 7365 7366
f 7374 7366 7376
f 9252 9217 9220
f 9252 9220 9221
f 9252 9221 9241
f 1931 1930 1936
f 1931 1929 1930
f 8356 8379 8393
f 8356 8393 8394
f 8356 8394 8382
f 8356 8382 8352
f 8356 8352 8426
f 8356 8426 8427
f 8356 8427 8428
f 8538 8518 8517
f 8538 8517 8522
f 8368 8388 8406
f 8368 8406 8411
f 8368 8411 8420
f 8368 8420 8399
f 8368 8399 8393
f 8368 8393 8379
f 8368 8379 8367
f 4422 4423 4426
f 4422 4426 4425
f 4422 4425 4424
f 9387 9382 4548
f 9387 4548 4553
f 9387 4553 4053
f 911 909 930
f 951 953 1685
f 951 930 953
f 930 909 931
f 953 956 1380
f 909 891 931
f 929 907 933
f 882 886 891
f 907 926 933
f 185 229 230
f 185 230 183
f 926 1422 933
f 900 901 915
f 900 915 926
f 2356 2369 2366
f 2356 2366 2370
f 2356 2370 2355
f 1379 933 1422
f 6186 6191 6178
f 6186 6178 6177
f 1421 1403 1405
f 1421 1405 1418
f 1421 1418 1356
f 1421 1356 1422
f 2140 2156 2157
f 2140 2157 2149
f 2140 2149 2145
f 2140 2145 2136
f 2140 2136 2141
f 2140 2141 2130
f 3899 4049 4615
f 3899 4615 3857
f 5646 5647 5627
f 5646 5627 5626
f 5646 5626 5649
f 4671 4659 4656
f 4671 4656 4670
f 1421 1420 1403
f 1403 1420 1417
f 1973 1972 1974
f 1992 1973 1974
f 1403 1417 1400
f 891 886 907
f 8996 4290 8995
f 8996 8995 8984
f 8996 8984 8985
f 8996 8985 8993
f 885 894 886
f 894 897 901
f 915 901 924
f 4860 4859 4933
f 4860 4933 4914
f 924 1973 1992
f 924 918 1973
f 1417 1992 1419
f 6342 6334 6333
f 6342 6333 6332
f 934 921 923
f 8502 2660 2585
f 8502 2585 2605
f 6590 6577 6575
f 6590 6575 6585
f 2698 2755 2634
f 2698 2634 2633
f 890 888 889
f 7718 7805 7823
f 7718 7823 7815
f 1458 1461 1608
f 1458 1608 1611
f 893 898 903
f 5509 5510 4419
f 5509 4419 5924
f 10415 10304 10580
f 10415 10580 10315
f 10415 10315 10301
f 10415 10301 10310
f 10415 10310 10296
f 10415 10296 10416
f 6722 6720 6721
f 6722 6721 6719
f 6722 6719 6718
f 6664 6682 6683
f 6664 6683 6649
f 6664 6649 6651
f 8089 8080 8091
f 8089 8091 7848
f 8089 7848 7792
f 7930 7931 7934
f 7930 7934 7933
f 7930 7933 7932
f 1896 1854 1851
f 1850 920 927
f 6994 6985 6973
f 10026 10018 9998
f 10026 9998 10027
f 935 928 938
f 5499 2517 2514
f 5499 2514 2531
f 5499 2531 2537
f 2657 2689 2690
f 2657 2690 2691
f 2657 2691 2655
f 9196 9141 9139
f 9196 9139 9142
f 9196 9142 9195
f 1807 1798 1771
f 2385 2386 2383
f 2385 2383 2381
f 2385 2381 2378
f 2385 2378 2384
f 1970 1908 1910
f 8001 8005 8007
f 8001 8007 8000
f 8001 8000 7982
f 697 696 673
f 697 673 672
f 896 1912 1971
f 896 908 1912
f 8784 8796 6960
f 8784 6960 6957
f 8784 6957 6959
f 8784 6959 8749
f 8784 8749 8757
f 6160 6175 6181
f 6160 6181 6163
f 1972 1970 1910
f 1972 1910 1942
f 1972 1942 1981
f 1972 1981 1980
f 1972 1980 1977
f 1912 1908 1970
f 377 348 325
f 377 325 340
f 377 340 368
f 10158 10155 10159
f 10158 10159 10174
f 10158 10174 10172
f 10158 10172 10171
f 10158 10171 10165
f 3252 3253 3250
f 3252 3250 3249
f 3252 3249 3254
f 3252 3254 3321
f 3252 3321 3326
f 3252 3326 3223
f 9910 9937 9947
f 9910 9947 9924
f 4911 4887 4888
f 4911 4888 4912
f 4580 4573 4579
f 4580 4579 4582
f 880 911 913
f 880 913 889
f 880 889 881
f 944 930 951
f 1067 1081 1079
f 1067 1079 1075
f 1067 1075 1080
f 1067 1080 1074
f 1067 1074 1059
f 1067 1059 1051
f 1067 1051 1055
f 1067 1055 1065
f 5953 5939 5941
f 5953 5941 5955
f 5736 8230 8220
f 5736 8220 8239
f 1360 1347 1365
f 1360 1365 1369
f 1360 1369 1353
f 8032 7853 8054
f 8032 8054 8047
f 8032 8047 8044
f 8032 8044 8030
f 884 887 895
f 906 905 895
f 905 1899 937
f 7616 7638 7619
f 7616 7619 7605
f 7616 7605 7606
f 1899 1882 937
f 937 1882 1897
f 3084 3091 3090
f 3084 3090 3086
f 4598 4599 4602
f 4598 4602 4601
f 10450 10454 10603
f 10450 10603 10587
f 10450 10587 10432
f 10450 10432 10434
f 10450 10434 10449
f 7122 7125 7132
f 7122 7132 7128
f 7122 7128 7124
f 10455 10443 10597
f 10455 10597 6852
f 10455 6852 6853
f 10455 6853 6854
f 10455 6854 10569
f 10455 10569 10456
f 10455 10456 10501
f 565 567 570
f 565 570 571
f 565 571 606
f 9665 1848 1838
f 9665 1838 1821
f 9665 1821 1822
f 9665 1822 9666
f 9665 9666 9664
f 1323 1227 1269
f 1323 1269 1330
f 5348 5349 5354
f 5348 5354 5364
f 738 296 299
f 738 299 736
f 3695 3694 3690
f 3695 3690 3688
f 10011 10010 9375
f 10011 9375 6872
f 10011 6872 6873
f 4068 4072 4081
f 4068 4081 4074
f 4068 4074 4067
f 9247 9250 9273
f 9247 9273 9264
f 9247 9264 9263
f 9247 9263 9268
f 9247 9268 9246
f 9417 9400 9411
f 9417 9411 9420
f 9417 9420 9415
f 252 242 245
f 5320 5242 5239
f 5320 5239 5236
f 5320 5236 5244
f 5320 5244 5322
f 871 867 855
f 871 855 859
f 871 859 860
f 9166 9173 9172
f 9166 9172 9180
f 9166 9180 9145
f 9166 9145 9147
f 9166 9147 9148
f 9166 9148 9146
f 9166 9146 9149
f 9166 9149 9164
f 9166 9164 9165
f 9216 9219 9301
f 9216 9301 9318
f 9216 9318 9317
f 9216 9317 9299
f 2049 2047 2057
f 2049 2057 2055
f 6094 6092 10472
f 6113 2795 2793
f 6113 2793 6103
f 1541 1543 1542
f 1541 1542 1540
f 1541 1540 1539
f 2256 2116 2114
f 2256 2114 2148
f 2727 2726 2712
f 2727 2712 2711
f 2727 2711 2724
f 421 279 411
f 8908 8906 8909
f 8908 8909 8911
f 8908 8911 8935
f 8908 8935 8912
f 8908 8912 8924
f 8908 8924 8919
f 8908 8919 8917
f 8908 8917 8916
f 8908 8916 8914
f 9928 9938 9983
f 9928 9983 9979
f 322 301 362
f 322 362 534
f 9283 9284 9279
f 9283 9279 9263
f 9283 9263 9264
f 9283 9264 9295
f 2612 2608 2611
f 6519 6520 6521
f 6519 6521 6511
f 6519 6511 6443
f 313 312 314
f 313 314 334
f 313 334 370
f 313 370 379
f 313 379 338
f 441 536 432
f 441 432 539
f 1676 1623 1178
f 1676 1178 1255
f 1948 1949 1943
f 1948 1943 1940
f 2007 2010 2009
f 2007 2009 2006
f 3900 3896 3832
f 3900 3832 3816
f 3900 3816 3770
f 3900 3770 3807
f 3900 3807 3907
f 3900 3907 3906
f 10251 10250 10252
f 10251 10252 10254
f 499 508 497
f 499 497 493
f 4843 4841 4857
f 4843 4857 4919
f 4843 4919 4920
f 4500 4501 4532
f 4500 4532 4531
f 4067 4074 4082
f 4067 4082 4084
f 4067 4084 4071
f 4067 4071 4065
f 4067 4065 4061
f 4067 4061 4062
f 6662 10348 10347
f 6662 10347 10350
f 6662 10350 6660
f 7566 7547 7561
f 7566 7561 7592
f 2978 2970 2971
f 2978 2971 2973
f 3124 3126 8817
f 3124 8817 8818
f 1827 9631 9633
f 1827 9633 1818
f 5975 7184 7177
f 5975 7177 7182
f 5975 7182 4917
f 7894 7892 7879
f 7894 7879 7897
f 2446 4819 4820
f 10 11 13
f 10 13 14
f 716 686 685
f 716 685 706
f 2019 2021 2020
f 3909 3906 3907
f 3909 3907 3911
f 6002 3141 3139
f 6002 3139 3134
f 3618 3613 3610
f 3618 3610 3677
f 5589 5574 5577
f 5589 5577 3981
f 121 119 118
f 121 118 123
f 1408 1409 1354
f 1408 1354 1357
f 6613 6627 6628
f 6613 6628 6620
f 1987 1991 1994
f 1987 1994 1995
f 1987 1995 1996
f 1987 1996 2038
f 1987 2038 2037
f 1987 2037 2052
f 1987 2052 1983
f 10194 10192 10216
f 6411 6410 6404
f 6411 6404 6402
f 2813 2814 2830
f 2813 2830 2829
f 2813 2829 2828
f 2813 2828 2818
f 2813 2818 2801
f 2813 2801 2800
f 2813 2800 2810
f 2813 2810 2843
f 2813 2843 2837
f 10462 10461 10459
f 10462 10459 10460
f 10462 10460 10463
f 5458 5459 5457
f 5458 5457 5454
f 1542 1548 1549
f 6689 6736 10589
f 6689 10589 10329
f 6689 10329 6694
f 2262 2272 2279
f 2262 2279 2286
f 2262 2286 2291
f 2262 2291 2303
f 2262 2303 2267
f 5383 2942 2940
f 5383 2940 2939
f 5383 2939 5382
f 6242 6272 6240
f 1550 1548 1564
f 1567 1554 1553
f 1567 1553 1556
f 1567 1556 1557
f 1567 1557 1558
f 1828 1829 2050
f 1828 2050 1801
f 1828 1801 1802
f 1828 1802 1824
f 1227 1335 1226
f 1336 1347 1335
f 1347 1360 1346
f 7462 7481 7482
f 7462 7482 7469
f 3479 3404 3405
f 3479 3405 3341
f 3479 3341 3338
f 3479 3338 3354
f 1960 1959 1536
f 1960 1536 1547
f 1955 1964 1961
f 1955 1961 1962
f 1955 1962 1963
f 1955 1963 1960
f 1955 1960 1547
f 1955 1547 1545
f 1955 1545 1956
f 1955 1956 1950
f 1955 1950 1946
f 1959 1552 1536
f 1528 1536 1529
f 313 308 305
f 313 305 304
f 313 304 303
f 313 303 312
f 8300 8293 8285
f 8300 8285 8290
f 8300 8290 8307
f 8300 8307 8320
f 8300 8320 8321
f 8300 8321 8327
f 8300 8327 8430
f 8300 8430 8431
f 1321 1336 1335
f 1321 1335 1227
f 1321 1227 1324
f 4006 4014 4013
f 4006 4013 4015
f 4006 4015 4570
f 4006 4570 4568
f 4006 4568 4007
f 5002 5003 2195
f 5002 2195 4971
f 5002 4971 4964
f 1292 1021 1290
f 3726 3722 3725
f 3726 3725 3727
f 8823 8827 8826
f 8823 8826 8824
f 1289 1290 1288
f 2710 2711 2712
f 2710 2712 2715
f 2710 2715 2713
f 2710 2713 2714
f 2710 2714 2717
f 204 7896 199
f 204 199 195
f 9496 9498 9497
f 9496 9497 9495
f 1322 1338 1320
f 877 875 863
f 1322 1320 1316
f 5272 5273 5256
f 5272 5256 5228
f 5272 5228 5271
f 8252 8251 8247
f 8252 8247 8248
f 4056 9398 9387
f 4056 9387 4053
f 4056 4053 4051
f 7584 7586 7582
f 7584 7582 7581
f 7584 7581 7583
f 9615 9606 9617
f 9615 9617 9707
f 9615 9707 9702
f 9615 9702 9618
f 5699 5698 5709
f 5699 5709 5713
f 5699 5713 5715
f 4553 4548 4547
f 4553 4547 4552
f 6904 6902 6891
f 6904 6891 6890
f 4280 4279 8981
f 4280 8981 8984
f 4280 8984 8995
f 1950 1947 1946
f 1534 1530 1532
f 1534 1532 1535
f 7251 7244 7243
f 7251 7243 7253
f 7251 7253 7252
f 7251 7252 7262
f 7251 7262 7260
f 7251 7260 7254
f 7251 7254 7266
f 8200 8199 8194
f 8200 8194 8195
f 9971 9970 10031
f 9971 10031 10022
f 6270 6274 10285
f 6270 10285 10279
f 6270 10279 10246
f 6270 10246 10248
f 3582 3585 3581
f 3582 3581 3580
f 3582 3580 3579
f 3582 3579 3578
f 3582 3578 3576
f 3582 3576 3577
f 1333 1336 1321
f 5231 5232 5233
f 5231 5233 5234
f 4966 4965 4972
f 4966 4972 2204
f 8744 8743 6949
f 8744 6949 6944
f 6474 6475 6461
f 6474 6461 6455
f 6474 6455 6462
f 6474 6462 6466
f 1315 1316 1317
f 1315 1317 1318
f 1315 1318 999
f 1315 999 998
f 1315 998 1002
f 1315 1002 1005
f 1315 1005 1007
f 1315 1007 1008
f 1315 1008 1009
f 1315 1009 1310
f 1315 1310 1307
f 1315 1307 1311
f 2590 2665 2664
f 2590 2664 2604
f 8478 8486 8487
f 8478 8487 8492
f 1346 1265 1226
f 2780 2787 5610
f 2780 5610 5598
f 2780 5598 5585
f 2780 5585 5581
f 2780 5581 2752
f 2780 2752 2743
f 2780 2743 2791
f 2780 2791 2792
f 10116 10114 10099
f 10116 10099 10112
f 10116 10112 10166
f 10116 10166 1271
f 10116 1271 1153
f 10116 1153 10107
f 4170 4138 4173
f 4170 4173 4172
f 3136 3130 3138
f 3136 3138 3406
f 1991 1987 2011
f 9654 9655 9446
f 9654 9446 9442
f 9654 9442 9441
f 9654 9441 9677
f 9654 9677 9659
f 1994 1993 2005
f 1994 2005 2003
f 6658 6656 6654
f 6658 6654 6657
f 6658 6657 6659
f 10302 10310 10301
f 2047 2046 2045
f 1363 1343 1350
f 1363 1350 1351
f 1363 1351 1374
f 2055 2057 2056
f 2048 2047 2049
f 6124 6517 6439
f 2124 2121 2146
f 2124 2146 2155
f 2124 2155 2126
f 8973 8975 8977
f 8973 8977 8976
f 8973 8976 8974
f 1954 1989 1967
f 3880 3881 4050
f 3880 4050 4046
f 3270 3322 3315
f 3270 3315 3294
f 3270 3294 3266
f 3270 3266 3251
f 3270 3251 3246
f 1967 1976 1968
f 1548 1551 1555
f 1548 1555 1549
f 1955 1946 1968
f 1955 1968 1953
f 1955 1953 1914
f 1955 1914 2046
f 572 564 573
f 572 573 581
f 572 581 584
f 572 584 582
f 572 582 577
f 7164 7166 7168
f 7164 7168 7167
f 7164 7167 7165
f 4044 4060 4057
f 4044 4057 4040
f 4044 4040 4041
f 2059 2061 2060
f 2059 2060 2058
f 2059 2058 2056
f 2059 2056 2057
f 2059 2057 2047
f 2059 2047 2045
f 1955 2046 2047
f 7389 7394 7397
f 7389 7397 7390
f 1990 2009 2010
f 9306 9278 9266
f 9306 9266 9251
f 2049 2055 1990
f 1358 1352 1359
f 1358 1359 1371
f 1358 1371 1376
f 1358 1376 1375
f 1358 1375 1294
f 9273 9282 5610
f 9273 5610 9295
f 9273 9295 9264
f 5388 2521 5389
f 5388 5389 4742
f 5388 4742 4728
f 5388 4728 5390
f 5388 5390 2921
f 5388 2921 2944
f 2007 2012 2010
f 2982 2985 2991
f 2982 2991 2995
f 2982 2995 3019
f 2982 3019 3025
f 2982 3025 3046
f 2982 3046 3038
f 2982 3038 3039
f 2982 3039 3044
f 2982 3044 3001
f 2982 3001 2961
f 2982 2961 2963
f 1306 1304 1300
f 8434 8439 8437
f 8434 8437 8436
f 8434 8436 8432
f 2212 2211 2199
f 2212 2199 2203
f 7698 7756 7690
f 7698 7690 7688
f 7698 7688 7692
f 9346 9352 9362
f 2857 2863 2865
f 2857 2865 2861
f 2857 2861 2850
f 2857 2850 2847
f 793 791 790
f 793 790 775
f 793 775 780
f 793 780 781
f 793 781 799
f 793 799 851
f 793 851 794
f 3285 3423 3436
f 3285 3436 3425
f 1090 1086 1088
f 4552 4547 4550
f 4552 4550 4551
f 4552 4551 4554
f 4552 4554 4559
f 4552 4559 4561
f 4552 4561 4557
f 5179 5162 5108
f 5179 5108 5111
f 5179 5111 5183
f 5357 2338 2337
f 5357 2337 2335
f 5357 2335 2339
f 5357 2339 2372
f 9603 9620 9480
f 9603 9480 9478
f 1358 1294 1293
f 1358 1293 1296
f 9187 9210 9205
f 9187 9205 9183
f 2354 2351 2356
f 2354 2356 2355
f 1687 1686 1254
f 1687 1254 1244
f 9423 9420 9411
f 9423 9411 9416
f 735 533 367
f 735 367 353
f 735 353 359
f 735 359 732
f 6672 6667 6730
f 10362 10543 10364
f 10362 10364 10361
f 489 480 477
f 6273 6232 6233
f 6273 6233 6231
f 6273 6231 6230
f 7967 7948 7950
f 7967 7950 7969
f 5557 2734 2736
f 1634 1635 1636
f 7292 7295 7296
f 7292 7296 7297
f 7292 7297 7300
f 7292 7300 7291
f 8782 8781 8779
f 8782 8779 8771
f 8782 8771 8774
f 8782 8774 8777
f 7239 7237 7240
f 7239 7240 7243
f 7239 7243 7244
f 5898 5903 4324
f 5898 4324 4326
f 6449 6455 6454
f 6449 6454 6448
f 9206 9217 9252
f 9206 9252 9281
f 9206 9281 9210
f 9206 9210 9193
f 6141 6140 6137
f 6141 6137 6139
f 2678 2734 5578
f 9332 9350 9335
f 9332 9335 9320
f 7179 7186 7187
f 7179 7187 7181
f 10373 10518 6836
f 10373 6836 6835
f 10373 6835 10375
f 7699 7702 8038
f 7699 8038 8033
f 7699 8033 8018
f 7699 8018 7700
f 3360 3319 3490
f 3360 3490 3521
f 9175 9176 9172
f 9175 9172 9174
f 9175 9174 9181
f 2062 2040 2027
f 2062 2027 2029
f 2062 2029 2030
f 2062 2030 2031
f 1764 1763 1756
f 1764 1756 1765
f 1764 1765 1767
f 1764 1767 1768
f 1764 1768 1766
f 1831 1830 1832
f 1831 1832 1835
f 2546 2226 2228
f 2546 2228 2547
f 2546 2547 2545
f 613 607 610
f 613 610 617
f 8455 8456 8454
f 8455 8454 8449
f 8455 8449 8446
f 8455 8446 8450
f 8455 8450 8468
f 8455 8468 8459
f 638 646 642
f 638 642 637
f 5318 5297 5295
f 5318 5295 5288
f 5318 5288 5299
f 5318 5299 5315
f 5318 5315 5317
f 3755 3685 3764
f 9963 9981 9995
f 9963 9995 9993
f 9963 9993 10020
f 831 832 834
f 831 834 835
f 831 835 836
f 831 836 852
f 831 852 854
f 635 633 636
f 635 636 638
f 635 638 637
f 7075 7073 7054
f 7075 7054 7055
f 7075 7055 7074
f 7075 7074 7076
f 6763 6758 6771
f 6763 6771 6768
f 829 830 858
f 682 673 695
f 9617 9607 9610
f 9617 9610 9624
f 9617 9624 9707
f 2954 3010 3003
f 959 963 965
f 959 965 961
f 2783 7840 7841
f 2783 7841 2841
f 8932 8925 8924
f 8932 8924 8912
f 6164 8572 8577
f 6164 8577 6150
f 535 739 534
f 535 534 362
f 1210 1152 1170
f 1210 1170 1266
f 1210 1266 1268
f 707 704 619
f 6366 6309 6310
f 6366 6310 6326
f 5571 5553 5575
f 5571 5575 5591
f 3411 3276 3420
f 4039 4035 4024
f 4039 4024 4018
f 4039 4018 4019
f 4039 4019 4023
f 4039 4023 4026
f 4039 4026 4031
f 4039 4031 4037
f 4039 4037 4029
f 6574 6564 6600
f 6574 6600 6603
f 9812 9808 9815
f 9812 9815 9816
f 9812 9816 9793
f 9812 9793 9782
f 9812 9782 9791
f 9812 9791 9841
f 9812 9841 9842
f 855 857 847
f 855 847 846
f 3123 3116 3113
f 3123 3113 3137
f 3123 3137 3131
f 9639 9660 9640
f 7918 7917 7908
f 7918 7908 7906
f 7918 7906 7923
f 6821 6679 6672
f 6821 6672 6730
f 6821 6730 6804
f 8830 8117 8831
f 8830 8831 8105
f 9500 9499 9491
f 9500 9491 9488
f 9500 9488 9507
f 2918 5390 4728
f 2918 4728 4738
f 3372 3399 3457
f 3372 3457 3503
f 3372 3503 3366
f 3372 3366 3367
f 9872 9871 9862
f 9872 9862 9861
f 7002 7490 7538
f 5192 5200 5187
f 5192 5187 5188
f 5192 5188 5191
f 5192 5191 5193
f 5192 5193 5197
f 5192 5197 5199
f 5192 5199 5196
f 6775 6776 6771
f 5217 5225 5221
f 5217 5221 5249
f 5217 5249 5257
f 5217 5257 5252
f 5217 5252 5227
f 5217 5227 5213
f 8714 9471 9563
f 7964 7978 7997
f 7964 7997 7980
f 7259 7261 7255
f 688 703 699
f 4062 4063 4076
f 4062 4076 4079
f 4062 4079 4078
f 4062 4078 4069
f 4062 4069 4068
f 4062 4068 4067
f 9881 9882 9355
f 9881 9355 9317
f 9881 9317 9378
f 671 688 676
f 8144 8151 8150
f 8144 8150 8128
f 8365 8344 8349
f 8365 8349 8359
f 8365 8359 8364
f 8365 8364 8366
f 9364 9349 9344
f 9364 9344 9346
f 9364 9346 9362
f 9364 9362 9375
f 7408 7407 7393
f 7408 7393 7395
f 7408 7395 7396
f 7408 7396 7404
f 7408 7404 7403
f 7408 7403 7410
f 400 404 539
f 400 539 414
f 7750 7752 7735
f 7750 7735 7695
f 5176 5169 5174
f 5176 5174 5331
f 8466 8514 8443
f 8466 8443 8422
f 8466 8422 8411
f 8466 8411 8410
f 2601 2638 2697
f 2601 2697 2698
f 2601 2698 2633
f 2601 2633 2606
f 2601 2606 2564
f 2601 2564 2563
f 2601 2563 2598
f 2601 2598 2597
f 4350 4458 4393
f 4350 4393 4390
f 4350 4390 4460
f 4350 4460 4349
f 10267 10266 10268
f 10267 10268 10271
f 7060 7077 7074
f 7060 7074 7059
f 8708 9557 9555
f 8708 9555 7223
f 8708 7223 7224
f 970 6206 961
f 970 961 965
f 8962 6599 6595
f 8962 6595 6865
f 8257 8265 8273
f 8257 8273 8266
f 560 552 549
f 560 549 551
f 557 559 560
f 557 560 551
f 557 551 553
f 9131 9129 9133
f 7833 7691 7693
f 10505 10602 10525
f 10505 10525 10432
f 10505 10432 10587
f 10505 10587 10406
f 10505 10406 10407
f 10505 10407 10405
f 10505 10405 10404
f 10505 10404 10409
f 10505 10409 10601
f 10505 10601 10386
f 10505 10386 10390
f 10505 10390 10391
f 10505 10391 10535
f 10505 10535 10534
f 10505 10534 10545
f 10505 10545 10511
f 10505 10511 10385
f 6515 6523 6518
f 6515 6518 6514
f 1709 1711 1710
f 1709 1710 1718
f 1709 1718 9578
f 1709 9578 9573
f 1709 9573 9580
f 3109 3111 3107
f 3109 3107 3108
f 3109 3108 3104
f 3109 3104 3103
f 3109 3103 3106
f 3109 3106 3110
f 3512 4468 4450
f 3512 4450 3486
f 6053 6052 5999
f 6053 5999 5997
f 559 557 566
f 9603 9604 9629
f 9603 9629 9626
f 9603 9626 9620
f 7613 7615 7616
f 7613 7616 7606
f 7613 7606 7608
f 7613 7608 7614
f 7613 7614 7621
f 665 681 678
f 665 678 656
f 708 679 709
f 9294 9286 9287
f 9294 9287 9283
f 9294 9283 9295
f 9270 9271 4060
f 9270 4060 4044
f 9270 4044 5603
f 9270 5603 5587
f 660 690 689
f 660 689 664
f 2539 2540 2535
f 2539 2535 2522
f 2539 2522 2524
f 2308 2281 2282
f 2308 2282 2307
f 9586 9593 9594
f 9586 9594 9601
f 9576 1734 1733
f 9576 1733 2899
f 9576 2899 2922
f 5328 5323 5331
f 7886 7882 7883
f 573 576 581
f 576 580 587
f 5068 5061 5059
f 5068 5059 5027
f 625 654 674
f 625 674 655
f 6182 6172 6173
f 6182 6173 6174
f 6182 6174 9933
f 6182 9933 9930
f 6182 9930 9848
f 10043 10040 10042
f 10043 10042 10048
f 10043 10048 10068
f 10043 10068 10069
f 558 555 554
f 10604 10475 10465
f 10604 10465 10485
f 317 324 380
f 317 380 385
f 6899 6900 6888
f 6899 6888 6889
f 9715 9714 9712
f 9715 9712 9716
f 1911 1914 1953
f 1911 1953 1951
f 1911 1951 1913
f 1911 1913 1901
f 1911 1901 1900
f 1911 1900 1907
f 10585 10533 10534
f 10585 10534 10535
f 6274 6270 6263
f 6274 6263 6261
f 6274 6261 6259
f 6274 6259 6257
f 6274 6257 6300
f 6274 6300 6297
f 8925 8926 8918
f 8925 8918 8917
f 8925 8917 8919
f 5710 5712 5709
f 5710 5709 5708
f 5811 5803 5807
f 5811 5807 5833
f 9892 9965 9897
f 9892 9897 9884
f 9483 9448 9444
f 9483 9444 9443
f 9483 9443 9447
f 9483 9447 9462
f 5151 5163 5167
f 5151 5167 5166
f 5151 5166 5160
f 5151 5160 5143
f 4125 4144 4128
f 4125 4128 4127
f 4125 4127 4441
f 4125 4441 4467
f 4125 4467 4105
f 4125 4105 4106
f 4125 4106 4107
f 4125 4107 4115
f 4125 4115 4129
f 10326 10331 10593
f 10326 10593 10372
f 10326 10372 10323
f 10326 10323 10364
f 10326 10364 10543
f 10326 10543 10322
f 10326 10322 10325
f 10326 10325 10324
f 8802 8791 8766
f 8802 8766 8783
f 8802 8783 8801
f 5433 5398 5403
f 5433 5403 5434
f 4037 4031 3983
f 4037 3983 3979
f 4037 3979 3987
f 4037 3987 3995
f 4265 4247 4248
f 4265 4248 4250
f 4265 4250 4261
f 5982 5981 5980
f 5982 5980 4375
f 7354 7353 7278
f 7354 7278 7279
f 10256 10277 10276
f 10256 10276 10264
f 10256 10264 10263
f 10256 10263 10262
f 10256 10262 10261
f 10256 10261 10257
f 9893 9871 9873
f 9893 9873 9874
f 9893 9874 9330
f 1456 1455 1448
f 1456 1448 1446
f 1456 1446 1450
f 1456 1450 1471
f 6301 6290 6255
f 6301 6255 6385
f 6301 6385 6386
f 6301 6386 6376
f 6301 6376 6303
f 6301 6303 6262
f 8192 8213 7158
f 8192 7158 8214
f 8192 8214 8190
f 1179 1180 1192
f 1179 1192 1193
f 9765 9763 9773
f 9765 9773 9783
f 9765 9783 9784
f 9765 9784 9785
f 7324 7350 7348
f 7324 7348 7349
f 7144 7143 7130
f 7144 7130 7142
f 7166 7163 7149
f 7166 7149 7154
f 2238 2237 2229
f 6474 6466 6481
f 6474 6481 6491
f 6474 6491 6482
f 9513 9509 9508
f 9513 9508 9505
f 9513 9505 9506
f 7939 7940 7961
f 7939 7961 7962
f 7939 7962 7968
f 7939 7968 7953
f 5737 9983 9953
f 5737 9953 9982
f 3558 3555 3569
f 3558 3569 3567
f 3558 3567 3559
f 3558 3559 3566
f 3558 3566 3561
f 3558 3561 3560
f 2556 6263 6270
f 2556 6270 2300
f 10117 10141 10140
f 10117 10140 10118
f 9522 9521 9527
f 9522 9527 9532
f 9522 9532 9559
f 9522 9559 9568
f 9522 9568 9533
f 9522 9533 9529
f 7882 149 151
f 7882 151 7881
f 8581 8575 8579
f 8581 8579 6194
f 4500 4531 4533
f 4500 4533 4526
f 4500 4526 4509
f 4500 4509 4507
f 2312 2301 2330
f 2312 2330 2329
f 2312 2329 2310
f 2312 2310 2311
f 9104 5083 4543
f 9104 4543 9089
f 6091 10469 10468
f 6091 10468 6092
f 1185 1180 1181
f 1185 1181 1184
f 9365 9212 9170
f 9365 9170 9197
f 9365 9197 9333
f 984 1191 983
f 4670 4656 4668
f 6022 6023 5994
f 6022 5994 6024
f 6022 6024 6021
f 8724 8722 8726
f 8724 8726 8755
f 8724 8755 8727
f 7448 7449 4726
f 7448 4726 7453
f 7468 6999 7463
f 7468 7463 7448
f 7468 7448 7453
f 7468 7453 7454
f 9990 9987 5690
f 9990 5690 5682
f 9990 5682 5684
f 9990 5684 5685
f 9990 5685 9992
f 9990 9992 9984
f 2368 2364 5362
f 2368 5362 5363
f 4903 4904 4864
f 4903 4864 4856
f 9568 9559 9569
f 9568 9569 2901
f 9568 2901 9574
f 2502 2489 2503
f 2502 2503 2508
f 3436 3422 3453
f 3436 3453 3491
f 3436 3491 3526
f 3436 3526 3425
f 3326 3519 3523
f 7506 7567 7514
f 7506 7514 7508
f 2578 2567 2568
f 2578 2568 2579
f 135 134 147
f 5493 5472 5438
f 5493 5438 5492
f 9569 2915 2901
f 515 520 518
f 515 518 509
f 515 509 510
f 311 313 338
f 305 308 307
f 9110 9111 8969
f 9110 8969 8966
f 9110 8966 9108
f 7086 7078 7061
f 7086 7061 7062
f 7086 7062 7063
f 7086 7063 7092
f 314 329 334
f 3156 3155 3154
f 3156 3154 3158
f 4404 4380 4381
f 4404 4381 4382
f 4404 4382 4405
f 10357 6733 6796
f 10357 6796 6869
f 10357 6869 10399
f 10357 10399 10397
f 10357 10397 10412
f 9214 9240 9239
f 9214 9239 9254
f 9214 9254 9192
f 327 339 329
f 6584 6593 6598
f 6584 6598 6592
f 6584 6592 6587
f 6584 6587 6578
f 367 360 347
f 367 347 339
f 367 339 353
f 7210 9418 7193
f 7210 7193 7196
f 7210 7196 7202
f 373 382 393
f 1059 1074 1071
f 1055 1050 1043
f 1055 1043 1053
f 1055 1053 1061
f 1055 1061 1070
f 1055 1070 1065
f 5281 5287 5115
f 5281 5115 5114
f 4121 4126 4122
f 4121 4122 4116
f 4121 4116 4112
f 6018 6079 6077
f 511 522 499
f 3847 3818 569
f 3847 569 561
f 3847 561 568
f 4592 4564 4566
f 4592 4566 4558
f 4592 4558 4557
f 4592 4557 4561
f 9414 9422 9425
f 434 446 445
f 10407 10406 10544
f 3140 3146 3132
f 3140 3132 3123
f 3140 3123 3131
f 7743 7709 7705
f 7743 7705 7704
f 7743 7704 7703
f 7743 7703 7711
f 7743 7711 7765
f 584 596 528
f 341 389 404
f 341 404 400
f 341 400 372
f 7354 7352 7345
f 7354 7345 7346
f 7354 7346 7353
f 3802 3781 3785
f 838 837 826
f 838 826 820
f 838 820 821
f 838 821 824
f 838 824 849
f 838 849 841
f 838 841 839
f 8073 8078 8090
f 8073 8090 8079
f 3846 3855 3849
f 7870 7869 8017
f 7870 8017 8016
f 7870 8016 8043
f 7870 8043 8049
f 7870 8049 8050
f 7870 8050 8048
f 539 404 441
f 414 539 432
f 431 462 463
f 461 462 431
f 461 431 432
f 461 432 459
f 461 459 465
f 596 525 517
f 596 517 528
f 2667 2603 2593
f 2667 2593 2658
f 2667 2658 2673
f 555 558 564
f 555 564 567
f 555 567 565
f 555 565 562
f 9237 9238 9234
f 9237 9234 9248
f 9237 9248 9235
f 6758 6762 6788
f 6758 6788 10517
f 6758 10517 10520
f 6758 10520 6785
f 6758 6785 6775
f 6758 6775 6771
f 9277 9267 9268
f 9277 9268 9310
f 8668 8669 8665
f 8668 8665 8663
f 8668 8663 8666
f 8388 8398 8408
f 8388 8408 8403
f 8388 8403 8406
f 2126 2127 2125
f 2126 2125 2123
f 2126 2123 2124
f 6346 6341 6343
f 6346 6343 6345
f 3449 3427 3538
f 3449 3538 3539
f 8558 8557 6431
f 8558 6431 6438
f 2345 2341 2342
f 2345 2342 2362
f 2345 2362 2363
f 2345 2363 2346
f 902 899 921
f 902 921 922
f 458 449 457
f 519 598 600
f 519 600 593
f 519 593 592
f 519 592 601
f 519 601 530
f 519 530 529
f 519 529 521
f 1834 1836 1837
f 1834 1837 1830
f 1834 1830 1828
f 1834 1828 1824
f 1834 1824 1814
f 1834 1814 1826
f 1834 1826 1825
f 595 586 579
f 595 579 598
f 595 598 519
f 595 519 527
f 4934 4908 4917
f 4934 4917 7176
f 8558 6438 6432
f 8558 6432 8566
f 593 549 592
f 549 552 592
f 9725 9723 9712
f 9725 9712 9711
f 600 583 593
f 9024 9031 5930
f 9024 5930 5927
f 302 306 316
f 320 355 318
f 341 319 317
f 9836 4217 4235
f 9836 4235 9837
f 9836 9837 9819
f 9259 9422 9413
f 9259 9413 9417
f 9259 9417 9415
f 9259 9415 9424
f 8492 8453 8464
f 318 316 306
f 318 306 315
f 318 315 317
f 318 317 319
f 10294 10295 10297
f 10294 10297 10296
f 10294 10296 10299
f 10294 10299 10319
f 320 318 319
f 4517 4540 4537
f 4517 4537 4521
f 341 317 389
f 2298 2299 2263
f 2298 2263 2266
f 5517 5551 5549
f 5517 5549 5540
f 5517 5540 5535
f 5517 5535 5528
f 409 397 402
f 409 402 426
f 380 324 348
f 181 182 188
f 181 188 185
f 181 185 183
f 181 183 184
f 324 325 348
f 777 781 780
f 777 780 764
f 777 764 763
f 389 317 385
f 10368 10341 10342
f 10368 10342 10355
f 10368 10355 10353
f 10368 10353 10354
f 10368 10354 10576
f 10368 10576 10410
f 1071 1099 1089
f 601 592 588
f 601 588 599
f 8939 8861 8862
f 8939 8862 8850
f 8939 8850 8855
f 8939 8855 8106
f 1651 1650 1035
f 1651 1035 1063
f 1958 1965 1952
f 1958 1952 1944
f 1958 1944 1933
f 1958 1933 1934
f 1958 1934 1923
f 1958 1923 1947
f 1958 1947 1950
f 1958 1950 1956
f 1958 1956 1957
f 559 566 653
f 559 653 657
f 559 657 3811
f 559 3811 563
f 6322 6321 6324
f 6322 6324 6317
f 6322 6317 6319
f 6322 6319 6320
f 5570 5559 5551
f 5570 5551 5556
f 5570 5556 5562
f 5570 5562 5569
f 7323 7326 7321
f 7323 7321 3443
f 10581 10414 10415
f 10581 10415 10416
f 10581 10416 10320
f 10581 10320 10309
f 10581 10309 10517
f 10581 10517 10417
f 10581 10417 10418
f 7254 7258 7266
f 6688 6684 6689
f 6688 6689 6694
f 6688 6694 6692
f 3740 3724 3746
f 3740 3746 3745
f 3740 3745 3742
f 6632 6650 6631
f 5284 7056 5306
f 5284 5306 5286
f 5284 5286 5283
f 9071 9074 9078
f 9071 9078 9079
f 9071 9079 9072
f 9071 9072 9073
f 7677 7694 7803
f 7677 7803 7801
f 7677 7801 7675
f 3831 3838 3805
f 3831 3805 3761
f 9369 9825 9823
f 9369 9823 9368
f 87 3603 3612
f 87 3612 874
f 87 874 137
f 87 137 141
f 87 141 134
f 6214 6202 6198
f 6214 6198 6205
f 3992 3996 5599
f 3992 5599 5586
f 496 506 494
f 2590 2604 2560
f 8509 8544 8550
f 8509 8550 8515
f 1542 1549 1546
f 1542 1546 1544
f 1542 1544 1540
f 7617 7620 7614
f 7617 7614 7608
f 7617 7608 7607
f 2277 2275 2317
f 2277 2317 2316
f 4630 4621 4627
f 4630 4627 4618
f 4630 4618 4613
f 4630 4613 4623
f 5735 5737 9982
f 5735 9982 9951
f 5735 9951 9946
f 5735 9946 9991
f 5735 9991 10021
f 5735 10021 5745
f 1500 1499 1498
f 1500 1498 1501
f 1500 1501 1502
f 1500 1502 2875
f 4513 4512 4514
f 4513 4514 4515
f 98 99 100
f 98 100 104
f 98 104 105
f 98 105 106
f 98 106 112
f 98 112 113
f 98 113 8309
f 98 8309 8310
f 98 8310 8311
f 98 8311 111
f 98 111 110
f 98 110 109
f 98 109 107
f 98 107 97
f 3011 3009 3110
f 3011 3110 3115
f 4131 4132 4134
f 4131 4134 4133
f 5031 5030 5029
f 5031 5029 5028
f 1889 1894 1905
f 1889 1905 2026
f 1889 2026 1898
f 3977 3708 3998
f 3977 3998 3976
f 3977 3976 3954
f 10379 10360 10381
f 10379 10381 10380
f 9659 9677 9686
f 9659 9686 9694
f 9659 9694 9689
f 514 529 530
f 8254 8255 8259
f 8254 8259 8258
f 3325 3270 3324
f 3325 3324 3335
f 5979 6907 6908
f 5979 6908 5976
f 8118 8120 8119
f 481 7483 487
f 481 487 484
f 481 484 483
f 481 483 488
f 481 488 478
f 2215 4924 4901
f 2215 4901 4937
f 2215 4937 4946
f 7994 7998 8032
f 7994 8032 8030
f 7994 8030 8022
f 7994 8022 7993
f 7725 7723 7726
f 7725 7726 7727
f 6298 6337 6275
f 6298 6275 6215
f 8283 8287 8301
f 8283 8301 8308
f 8283 8308 8304
f 5150 5144 5145
f 5150 5145 5154
f 6457 6460 6458
f 6457 6458 6452
f 6457 6452 6450
f 6457 6450 6451
f 6457 6451 6456
f 500 435 401
f 500 401 390
f 500 390 392
f 500 392 505
f 3903 3894 3886
f 3903 3886 3892
f 3903 3892 3897
f 3903 3897 3902
f 1395 1670 1646
f 1395 1646 1669
f 1395 1669 1394
f 553 551 549
f 553 549 548
f 553 548 550
f 553 550 579
f 553 579 578
f 553 578 554
f 6293 6349 6307
f 6293 6307 6336
f 6293 6336 6306
f 6293 6306 6271
f 879 885 886
f 879 886 882
f 4424 4432 4442
f 4424 4442 4436
f 4424 4436 4437
f 4424 4437 4427
f 4424 4427 4422
f 6165 6156 6155
f 6165 6155 6166
f 8767 8785 8755
f 9342 9352 9346
f 9342 9346 9344
f 4014 4017 4016
f 4014 4016 4013
f 4198 4185 4212
f 4198 4212 4231
f 4198 4231 9994
f 4198 9994 4234
f 4198 4234 4214
f 1945 1949 1954
f 1945 1954 1967
f 1945 1967 1968
f 1945 1968 1946
f 9843 9844 9831
f 9843 9831 9829
f 3244 8184 8116
f 2411 2425 2407
f 2411 2407 2402
f 9647 9645 9687
f 1762 1761 1759
f 1762 1759 1760
f 4945 4936 4939
f 4945 4939 4973
f 310 322 364
f 310 364 359
f 310 359 353
f 310 353 339
f 310 339 327
f 1510 1527 1592
f 1510 1592 1587
f 9998 9985 10019
f 9998 10019 10023
f 957 1748 1750
f 957 1750 954
f 3062 4412 4378
f 3062 4378 4410
f 3062 4410 3069
f 8468 8450 8467
f 8468 8467 8522
f 8468 8522 8517
f 5643 5630 5627
f 5643 5627 5647
f 2130 2128 2125
f 2130 2125 2127
f 2130 2127 2132
f 2130 2132 2134
f 2130 2134 2135
f 2130 2135 2137
f 2130 2137 2138
f 2130 2138 2140
f 7553 7554 7557
f 7553 7557 7548
f 7553 7548 7549
f 7553 7549 7552
f 10455 10458 10453
f 10455 10453 10450
f 10455 10450 10451
f 10455 10451 10443
f 7242 222 223
f 7242 223 214
f 7242 214 7245
f 7242 7245 7240
f 7242 7240 7237
f 7242 7237 7238
f 749 753 757
f 749 757 756
f 749 756 5
f 749 5 754
f 9336 2780 2792
f 7171 7179 7181
f 7171 7181 7180
f 7171 7180 7170
f 706 719 725
f 706 725 729
f 706 729 716
f 8512 8465 8452
f 8512 8452 8473
f 8297 8298 8270
f 8297 8270 8269
f 9398 9419 9409
f 9398 9409 9391
f 9398 9391 9387
f 1915 1984 2008
f 1915 2008 1989
f 1915 1989 1954
f 1915 1954 1949
f 1915 1949 1948
f 1915 1948 1916
f 10338 10592 10371
f 10338 10371 10370
f 10338 10370 10567
f 10338 10567 10579
f 10338 10579 10333
f 10338 10333 10376
f 10338 10376 10336
f 4085 4086 4070
f 4085 4070 4065
f 4085 4065 4071
f 7931 7929 7935
f 7931 7935 7936
f 7931 7936 7937
f 7931 7937 7934
f 8707 8711 8703
f 8707 8703 8699
f 5880 5881 5878
f 5880 5878 5879
f 4406 4421 9102
f 4406 9102 9065
f 4406 9065 4367
f 2418 2398 2406
f 2418 2406 2416
f 1838 1848 1852
f 30 25 21
f 30 21 22
f 30 22 32
f 4451 4441 4438
f 275 273 267
f 275 267 270
f 7349 7347 7326
f 7349 7326 7323
f 9418 9393 9392
f 9418 9392 9394
f 9418 9394 7211
f 9418 7211 7193
f 4942 4909 4936
f 4942 4936 4945
f 1163 1161 1159
f 1163 1159 1155
f 1163 1155 1157
f 1163 1157 1158
f 1163 1158 1160
f 1163 1160 1162
f 1163 1162 1164
f 1163 1164 1165
f 3582 3577 3611
f 3582 3611 3615
f 3582 3615 3614
f 888 883 881
f 888 881 889
f 421 420 423
f 354 376 392
f 354 392 390
f 354 390 371
f 354 371 358
f 354 358 251
f 4826 4827 4850
f 4826 4850 4849
f 4164 4130 4149
f 4164 4149 4145
f 4164 4145 4160
f 8098 8104 8832
f 8098 8832 8105
f 8098 8105 8102
f 10072 10074 10081
f 10072 10081 10080
f 910 920 919
f 910 919 904
f 259 2063 255
f 6955 6957 6960
f 6955 6960 10053
f 6955 10053 6953
f 6955 6953 6952
f 4509 4526 4534
f 4509 4534 4511
f 9918 9925 9953
f 9918 9953 9938
f 9918 9938 9928
f 9918 9928 9917
f 5525 3997 3993
f 5525 3993 3986
f 5525 3986 3994
f 5525 3994 5534
f 5525 5534 5530
f 5525 5530 5524
f 9936 9949 9984
f 9936 9984 9992
f 9936 9992 9954
f 9936 9954 9958
f 283 290 544
f 1549 1555 1554
f 1549 1554 1567
f 1549 1567 1546
f 8603 8605 8374
f 8603 8374 31
f 2457 2482 2481
f 2457 2481 2466
f 2457 2466 2459
f 278 279 286
f 1611 1610 1424
f 1611 1424 1423
f 8217 8216 8223
f 8217 8223 8222
f 8217 8222 8221
f 297 293 298
f 6594 6588 6612
f 6594 6612 6604
f 361 297 326
f 363 361 326
f 10252 10250 10179
f 10252 10179 10256
f 4387 4386 9088
f 4387 9088 9093
f 777 763 759
f 777 759 760
f 777 760 762
f 5617 5615 5616
f 5617 5616 5613
f 5617 5613 5618
f 731 722 721
f 6551 6553 6197
f 6551 6197 6195
f 6778 6722 6718
f 9899 9964 9965
f 9899 9965 9892
f 741 291 284
f 741 284 285
f 741 285 734
f 741 734 737
f 741 737 740
f 9844 9935 9839
f 9844 9839 9831
f 4710 4700 4707
f 4710 4707 4713
f 351 363 323
f 351 323 355
f 351 355 328
f 351 328 352
f 534 364 322
f 1785 1789 1784
f 1785 1784 1782
f 1785 1782 1783
f 1785 1783 1465
f 1785 1465 1456
f 1785 1456 1471
f 1785 1471 1470
f 1785 1470 1479
f 1785 1479 1790
f 1785 1790 1787
f 1785 1787 1786
f 9084 9086 9072
f 9084 9072 9079
f 9084 9079 9080
f 5058 5054 5037
f 5058 5037 5060
f 5058 5060 5069
f 294 301 295
f 8594 8182 3181
f 8594 3181 8177
f 8594 8177 8181
f 5066 2492 2477
f 5066 2477 2473
f 294 362 301
f 5602 9282 9273
f 5602 9273 9250
f 5602 9250 9265
f 5602 9265 5600
f 4463 4395 4414
f 4463 4414 4481
f 4463 4481 4486
f 6198 6199 987
f 6198 987 6201
f 6198 6201 6203
f 6198 6203 6204
f 6198 6204 6205
f 5686 5746 9993
f 5686 9993 9995
f 8239 8243 5739
f 8239 5739 5730
f 628 627 626
f 42 686 716
f 428 463 433
f 3492 7313 7311
f 3492 7311 7307
f 8917 8918 8916
f 4724 4740 4739
f 4724 4739 4730
f 384 395 396
f 419 424 423
f 419 423 420
f 419 420 411
f 419 411 406
f 5382 2939 2937
f 5382 2937 5381
f 451 444 443
f 10489 10488 10594
f 10489 10594 10486
f 10489 10486 10487
f 9621 9602 9597
f 9621 9597 9691
f 9621 9691 9662
f 418 403 429
f 444 418 443
f 399 403 418
f 3935 3944 3931
f 3935 3931 3926
f 3935 3926 3921
f 3935 3921 3920
f 3935 3920 3922
f 3935 3922 3928
f 395 399 396
f 2077 2071 2068
f 2077 2068 2076
f 458 450 449
f 328 355 320
f 9484 9488 9451
f 9484 9451 9454
f 9484 9454 9455
f 9484 9455 9461
f 9484 9461 9466
f 8643 2728 8651
f 8643 8651 8647
f 8643 8647 8649
f 8643 8649 8650
f 8643 8650 8645
f 8643 8645 8640
f 8643 8640 8639
f 332 351 352
f 2078 2080 2081
f 2078 2081 2076
f 332 333 331
f 2486 2453 2479
f 2486 2479 2485
f 2486 2485 2490
f 5761 5765 5752
f 5761 5752 5759
f 3683 3621 3620
f 3683 3620 3599
f 3683 3599 3622
f 2574 2581 2594
f 2574 2594 2572
f 1360 1353 1265
f 1360 1265 1346
f 9912 9710 9922
f 9912 9922 9911
f 9912 9911 9921
f 9912 9921 9919
f 366 381 410
f 335 343 344
f 336 335 337
f 366 410 388
f 4674 4673 4672
f 4674 4672 4677
f 4605 4607 4606
f 4605 4606 4609
f 4605 4609 4589
f 4605 4589 4588
f 4605 4588 4596
f 4605 4596 4604
f 5931 5920 9030
f 5931 9030 9029
f 5931 9029 7666
f 619 620 617
f 619 617 610
f 2341 2336 2340
f 2341 2340 2342
f 247 251 358
f 553 554 555
f 553 555 556
f 9317 9318 9338
f 9317 9338 9378
f 354 350 375
f 354 375 376
f 9045 9050 9048
f 9045 9048 9046
f 9045 9046 9042
f 6079 6080 6078
f 6079 6078 6077
f 3265 3252 3223
f 3265 3223 3211
f 3265 3211 3208
f 3265 3208 3209
f 3265 3209 3210
f 694 675 122
f 627 628 661
f 60 628 686
f 60 57 675
f 8918 8926 8922
f 8918 8922 8923
f 8918 8923 8921
f 8918 8921 8920
f 8918 8920 8914
f 8918 8914 8916
f 4333 4334 4332
f 4333 4332 4329
f 4333 4329 4323
f 4333 4323 4327
f 2446 4820 2454
f 2446 2454 2453
f 2446 2453 2452
f 2446 2452 2447
f 133 8268 129
f 133 129 105
f 133 105 104
f 133 104 103
f 2531 2511 2510
f 2531 2510 2523
f 2531 2523 2538
f 2531 2538 2532
f 5704 5701 5703
f 5704 5703 5722
f 6540 6537 6533
f 6540 6533 6532
f 3493 3497 3498
f 3493 3498 3496
f 7547 7566 7546
f 7547 7546 7525
f 7547 7525 7489
f 7547 7489 7529
f 1475 1472 1469
f 4992 4998 5009
f 4992 5009 5006
f 4992 5006 4987
f 9619 9614 9605
f 1475 1469 1476
f 9625 9624 9610
f 9625 9610 9622
f 9625 9622 9623
f 968 980 972
f 1475 1476 1477
f 968 966 985
f 4180 4183 4150
f 4180 4150 4117
f 4180 4117 4123
f 4180 4123 4157
f 7885 7884 7888
f 1610 1615 1614
f 35 91 76
f 35 76 74
f 35 74 32
f 1460 1458 1468
f 1469 1460 1468
f 1472 1460 1469
f 1480 1492 1472
f 9327 9335 9373
f 9327 9373 9369
f 9327 9369 9368
f 6139 6136 6143
f 6139 6143 6149
f 6139 6149 6148
f 6139 6148 4222
f 159 156 153
f 159 153 155
f 7424 7418 6998
f 8351 8356 8428
f 1745 1746 1748
f 1745 1748 957
f 5551 5517 5518
f 5551 5518 5545
f 5551 5545 5556
f 968 985 980
f 971 968 972
f 9908 9943 9844
f 9908 9844 9843
f 5851 5854 5771
f 5851 5771 5853
f 1716 1717 1484
f 986 1428 959
f 986 959 958
f 10438 10439 10436
f 10438 10436 10437
f 10438 10437 10447
f 5478 9081 9082
f 5478 9082 5473
f 4576 4577 4584
f 986 1444 1443
f 1814 1791 1792
f 1814 1792 1826
f 1484 1717 1720
f 1484 1481 1483
f 970 965 969
f 2524 2522 2505
f 2524 2505 2504
f 1538 1537 1540
f 1538 1540 1544
f 5938 5940 5944
f 5938 5944 5943
f 1426 1427 1425
f 2483 2485 2479
f 2483 2479 2475
f 2483 2475 2474
f 2483 2474 2480
f 9190 9203 8242
f 9190 8242 8241
f 7671 7667 7668
f 7671 7668 7669
f 964 1426 966
f 3283 3427 3449
f 3283 3449 3295
f 959 964 963
f 8777 8774 8773
f 8777 8773 8776
f 7695 7735 7664
f 7695 7664 7671
f 3858 3703 3702
f 3858 3702 3708
f 3858 3708 3977
f 1698 1596 1591
f 1698 1591 1592
f 1698 1592 1697
f 5480 9059 9051
f 5480 9051 9060
f 5480 9060 5450
f 1482 1435 1432
f 5376 2419 2380
f 5376 2380 2389
f 5376 2389 5371
f 5376 5371 5373
f 1428 964 959
f 963 967 965
f 6362 6379 6389
f 6362 6389 6383
f 6362 6383 6371
f 3349 3352 3347
f 3349 3347 3345
f 3349 3345 3343
f 3349 3343 3342
f 3349 3342 3350
f 3349 3350 3348
f 9543 9540 9539
f 9543 9539 9542
f 4743 7585 4730
f 1712 1711 1713
f 1712 1713 1490
f 1712 1490 1491
f 1712 1710 1711
f 311 338 342
f 311 342 340
f 311 340 325
f 1718 1710 1712
f 9736 9728 9734
f 9736 9734 9741
f 1718 1712 1491
f 1496 1722 1491
f 1730 1729 1728
f 8383 8366 8364
f 8383 8364 8536
f 1505 1504 1506
f 1728 1723 1722
f 1728 1722 1499
f 1728 1499 1500
f 6606 6618 8173
f 6606 8173 6626
f 8565 8567 6542
f 8565 6542 6545
f 447 499 493
f 447 493 446
f 1373 1295 1294
f 1373 1294 1375
f 1373 1375 1378
f 1494 1491 1442
f 456 471 473
f 456 473 452
f 456 452 442
f 456 442 465
f 456 465 459
f 1718 1723 1728
f 1718 1728 1729
f 1718 1729 1731
f 1718 1731 9578
f 1504 1441 1506
f 5430 5429 5420
f 5430 5420 5424
f 1566 1558 1559
f 1566 1559 1561
f 8709 8707 8692
f 8709 8692 8691
f 4206 4199 4152
f 4206 4152 4153
f 4206 4153 4205
f 9672 9628 9635
f 9672 9635 9663
f 9672 9663 9667
f 9672 9667 9669
f 9672 9669 9668
f 9672 9668 9664
f 9672 9664 9666
f 5899 5885 5888
f 5899 5888 5896
f 5899 5896 5902
f 1056 1048 1059
f 1056 1059 1068
f 10165 10171 8807
f 10165 8807 10179
f 8629 8627 8628
f 8629 8628 8608
f 3508 3410 3409
f 5601 5606 5594
f 5601 5594 5578
f 5601 5578 5583
f 3143 6044 3145
f 3143 3145 3144
f 3298 3408 3398
f 3298 3398 3397
f 3298 3397 3293
f 1609 1608 1461
f 1609 1461 1445
f 1609 1445 1447
f 1609 1447 1464
f 8845 8842 8824
f 8845 8824 8837
f 8845 8837 8843
f 4459 4454 4455
f 4459 4455 4458
f 6429 6433 6419
f 6429 6419 6418
f 6943 6942 6948
f 6943 6948 6947
f 6943 6947 6938
f 6943 6938 6949
f 6943 6949 8743
f 6943 8743 9709
f 6943 9709 8742
f 1576 1582 1581
f 1576 1581 1577
f 10176 10173 10170
f 10176 10170 10123
f 7139 7113 2198
f 7139 2198 5013
f 4444 4445 4433
f 4444 4433 4431
f 9594 9592 9596
f 9594 9596 9595
f 9594 9595 9605
f 9594 9605 9614
f 9594 9614 9613
f 9594 9613 9612
f 4369 4372 4373
f 4369 4373 4267
f 4369 4267 4364
f 3765 3757 3755
f 3765 3755 3764
f 8205 8208 8212
f 8205 8212 8209
f 9232 9233 9229
f 9232 9229 9231
f 1106 1198 1196
f 1106 1196 1195
f 1106 1195 1091
f 1213 1242 1275
f 1213 1275 1264
f 1213 1264 1237
f 1237 1264 1277
f 5342 5352 5353
f 5342 5353 5351
f 5342 5351 5349
f 5342 5349 5347
f 5342 5347 5341
f 8545 5606 8548
f 8545 8548 8540
f 8545 8540 8528
f 8545 8528 8523
f 2099 2083 2087
f 2099 2087 5011
f 3489 3431 3433
f 3489 3433 3429
f 3489 3429 3394
f 1756 1763 1760
f 1756 1760 1758
f 1756 1758 1757
f 4823 4822 4798
f 4823 4798 4810
f 4823 4810 4805
f 4823 4805 4539
f 1059 1071 1068
f 10346 10345 10344
f 540 541 543
f 540 543 7580
f 540 7580 282
f 540 282 545
f 2776 2668 10493
f 2776 10493 2788
f 7936 7935 7943
f 7936 7943 7942
f 1183 1187 1186
f 1183 1186 1182
f 7809 7862 7861
f 7809 7861 7808
f 1173 1213 1215
f 1173 1215 1216
f 1173 1216 1214
f 1173 1214 1212
f 1173 1212 1175
f 6500 4077 4064
f 6500 4064 4061
f 6500 4061 4066
f 6500 4066 2208
f 6500 2208 2188
f 6500 2188 2175
f 6500 2175 2190
f 6500 2190 2201
f 1080 1075 1083
f 6859 6857 6855
f 6859 6855 6860
f 6859 6860 6868
f 6859 6868 6867
f 898 904 919
f 898 919 914
f 898 914 917
f 898 917 903
f 1079 1081 1263
f 1770 1773 1755
f 1241 1173 1080
f 2752 5581 5579
f 2752 5579 2751
f 9918 9919 9925
f 8822 8828 8825
f 8822 8825 8823
f 1242 1173 1241
f 229 203 233
f 229 233 228
f 1264 1275 1272
f 1264 1272 1287
f 1264 1287 1277
f 1272 1273 1287
f 5305 5324 5325
f 5305 5325 5171
f 5305 5171 5321
f 3631 3634 3633
f 3631 3633 3632
f 3631 3632 3629
f 3631 3629 3630
f 1242 1213 1173
f 2592 2589 2593
f 2592 2593 2603
f 2592 2603 2628
f 1194 1103 1175
f 1194 1175 1212
f 1194 1212 1198
f 1918 1932 1922
f 1918 1922 1920
f 1918 1920 1919
f 1918 1919 1917
f 3978 3975 3943
f 3978 3943 3941
f 3978 3941 8518
f 3978 8518 8538
f 3978 8538 3988
f 1905 1894 1851
f 1905 1851 1845
f 2774 10498 2762
f 2774 2762 2663
f 2774 2663 2604
f 7029 7015 7094
f 7029 7094 7095
f 9205 9210 9281
f 9205 9281 9305
f 9205 9305 9280
f 10595 10448 10441
f 10595 10441 10439
f 10595 10439 10438
f 8956 8962 6865
f 8956 6865 8964
f 8956 8964 8954
f 9456 9459 9458
f 2952 2954 3003
f 2952 3003 3002
f 2952 3002 3000
f 2952 3000 2959
f 2952 2959 2960
f 7746 7740 7806
f 10471 10472 6092
f 10471 6092 10468
f 10471 10468 10466
f 10471 10466 10502
f 10471 10502 10596
f 9036 9040 9042
f 9036 9042 9046
f 9036 9046 9037
f 2160 2152 2138
f 2160 2138 2137
f 2160 2137 2153
f 6128 5022 5692
f 6128 5692 5666
f 6128 5666 5680
f 6128 5680 6122
f 6128 6122 6124
f 5729 5721 5742
f 5729 5742 5743
f 6426 6424 6435
f 6426 6435 6436
f 1042 1043 1046
f 1042 1046 1044
f 4995 4991 7200
f 4995 7200 7195
f 4995 7195 4970
f 3385 3394 3429
f 3385 3429 3396
f 3385 3396 3383
f 420 421 411
f 6883 6884 6898
f 6883 6898 6897
f 7468 7454 7455
f 7468 7455 7477
f 7468 7477 7480
f 2228 2226 2230
f 2228 2230 2227
f 2228 2227 2229
f 2228 2229 2231
f 3305 3359 3299
f 9451 9488 9491
f 9451 9491 9453
f 944 951 1679
f 944 1679 1671
f 944 1671 950
f 944 950 945
f 10011 10012 10009
f 10011 10009 10010
f 7616 7615 7629
f 7616 7629 7630
f 7616 7630 7653
f 7616 7653 7781
f 7616 7781 7638
f 3456 3517 3516
f 3456 3516 3455
f 1356 1418 1357
f 1356 1357 1344
f 8570 8572 8569
f 8570 8569 8563
f 8570 8563 8568
f 2766 2772 2812
f 2766 2812 2765
f 1301 1350 1343
f 1301 1343 1338
f 1301 1338 1322
f 1301 1322 1312
f 1301 1312 1298
f 1301 1298 1297
f 1889 1898 2025
f 1889 2025 1903
f 1889 1903 1893
f 687 693 662
f 687 662 655
f 687 655 674
f 687 674 3
f 687 3 710
f 9942 9851 9848
f 9942 9848 9930
f 288 290 287
f 1102 1097 1098
f 3783 3784 3782
f 3783 3782 3779
f 3783 3779 3778
f 3783 3778 3780
f 3210 3209 3215
f 7339 7337 7366
f 7339 7366 7365
f 3472 3473 3474
f 3472 3474 3471
f 6800 6801 6799
f 6313 6310 6311
f 6313 6311 6314
f 6313 6314 6315
f 6313 6315 6317
f 6313 6317 6316
f 4159 4146 4151
f 4159 4151 4163
f 4159 4163 4184
f 4159 4184 4178
f 1459 1454 1458
f 1459 1458 1460
f 4099 4452 4457
f 4099 4457 4456
f 4099 4456 4455
f 4099 4455 4454
f 4099 4454 4453
f 1070 1067 1065
f 2223 2224 2217
f 2223 2217 2213
f 350 354 251
f 350 251 261
f 350 261 344
f 350 344 366
f 350 366 365
f 5448 5442 5429
f 5448 5429 5430
f 6456 6461 6464
f 6456 6464 6465
f 6456 6465 6467
f 6456 6467 6469
f 6456 6469 6457
f 4702 9558 9533
f 4702 9533 9570
f 5800 5795 2065
f 5800 2065 5799
f 4085 4089 4088
f 4085 4088 4087
f 4085 4087 4086
f 6142 6151 6150
f 6142 6150 6143
f 9955 9961 9968
f 9955 9968 9969
f 9955 9969 9944
f 9955 9944 9930
f 9955 9930 9933
f 163 162 157
f 163 157 158
f 6283 5379 6279
f 6283 6279 6277
f 6283 6277 6276
f 1134 1135 1136
f 1134 1136 1138
f 8470 8469 8460
f 8470 8460 8457
f 8470 8457 8459
f 5688 6126 6121
f 5688 6121 6120
f 1077 1082 1062
f 1058 1034 1028
f 10565 10562 10377
f 1054 1028 1038
f 1058 1028 1054
f 1873 1874 1883
f 1873 1883 1887
f 5662 5671 5685
f 5662 5685 5684
f 5662 5684 5669
f 2958 2957 2962
f 2958 2962 2963
f 2958 2963 2961
f 8959 8951 10401
f 8959 10401 10402
f 8959 10402 10400
f 2489 2463 2466
f 2489 2466 2488
f 4345 4342 4344
f 4808 4785 4814
f 4808 4814 2290
f 1211 1201 1116
f 1211 1116 1120
f 7416 7417 7414
f 7416 7414 7406
f 7416 7406 7393
f 7416 7393 7407
f 9573 9578 9572
f 9573 9572 9567
f 6526 6528 6524
f 6526 6524 6527
f 6526 6527 6525
f 5638 5651 5642
f 5638 5642 5637
f 1866 1867 1864
f 6104 6105 6067
f 6104 6067 6103
f 8 9 11
f 8 11 10
f 8 10 6
f 8 6 7
f 1416 1583 1406
f 1416 1406 1401
f 1992 1417 1420
f 1992 1420 924
f 125 122 120
f 125 120 121
f 1928 1929 1918
f 1930 1929 1928
f 1944 1952 1924
f 3421 3345 3347
f 3421 3347 3419
f 3421 3419 3557
f 744 748 750
f 744 750 747
f 10241 10218 10195
f 10241 10195 10235
f 1871 1869 1868
f 1868 1862 1865
f 4497 4501 4500
f 4497 4500 4499
f 4497 4499 4498
f 1118 10096 10097
f 1118 10097 10103
f 1118 10103 10111
f 1118 10111 10110
f 1118 10110 10108
f 1118 10108 10109
f 1118 10109 1137
f 1118 1137 1112
f 1118 1112 1111
f 1118 1111 1109
f 1118 1109 1110
f 1118 1110 1117
f 6659 6657 7373
f 6659 7373 7375
f 3575 3557 3415
f 3575 3415 3353
f 1891 1883 1875
f 10009 10008 10007
f 10009 10007 10010
f 4860 4914 5629
f 4860 5629 4915
f 4860 4915 4916
f 4860 4916 4861
f 4860 4861 4846
f 4860 4846 4829
f 4860 4829 4830
f 7448 7463 7443
f 7448 7443 7438
f 7448 7438 7436
f 9162 9163 8236
f 9162 8236 8237
f 9518 9517 9516
f 10003 10004 10002
f 10003 10002 9959
f 1272 1275 1083
f 1272 1083 1075
f 1272 1075 1079
f 1272 1079 1263
f 4313 4298 4305
f 4313 4305 4314
f 1947 1923 1922
f 1947 1922 1940
f 1947 1940 1943
f 1947 1943 1945
f 1947 1945 1946
f 1915 1916 1906
f 6028 6029 6031
f 6028 6031 6030
f 345 386 378
f 4714 4716 4715
f 3894 3903 3912
f 3894 3912 3929
f 3894 3929 3936
f 3894 3936 3939
f 3894 3939 3905
f 9142 9143 9145
f 9142 9145 9194
f 9142 9194 9216
f 9142 9216 9274
f 9142 9274 9195
f 5832 5801 5802
f 5832 5802 5829
f 3923 3927 3938
f 3923 3938 3933
f 3923 3933 3934
f 550 583 600
f 550 600 598
f 550 598 579
f 596 584 581
f 596 581 576
f 596 576 587
f 596 587 595
f 596 595 524
f 596 524 525
f 761 759 763
f 761 763 764
f 761 764 766
f 761 766 765
f 4278 4275 4274
f 4278 4274 4282
f 7671 7669 7670
f 7671 7670 7672
f 2096 2097 2122
f 2096 2122 2120
f 3850 3914 3911
f 3850 3911 3907
f 3850 3907 3807
f 5512 5511 5515
f 5512 5515 5516
f 5512 5516 5520
f 5512 5520 4039
f 5512 4039 5521
f 5512 5521 5519
f 715 125 140
f 715 140 755
f 6059 6050 6048
f 6059 6048 6045
f 6059 6045 6057
f 9305 9278 9306
f 9305 9306 9324
f 9305 9324 9280
f 2543 2544 5094
f 2543 5094 5485
f 2543 5485 5497
f 1998 1999 1996
f 2000 1997 1995
f 1997 1996 1995
f 3229 3188 3226
f 3229 3226 3225
f 2005 2007 2006
f 2005 2006 2004
f 2005 2004 2003
f 2045 2044 2059
f 7215 7216 7212
f 7215 7212 7209
f 2927 2898 2892
f 2927 2892 2896
f 2927 2896 2930
f 2013 2008 1984
f 7551 7563 7555
f 7551 7555 7553
f 7551 7553 7552
f 10481 10490 10491
f 10481 10491 6115
f 10481 6115 6111
f 10481 6111 10480
f 1529 1536 1552
f 1529 1552 9695
f 1529 9695 9696
f 1529 9696 8744
f 3246 3248 3264
f 3246 3264 3374
f 3246 3374 3441
f 3246 3441 7294
f 3246 7294 3324
f 3246 3324 3270
f 3403 3406 3308
f 3403 3308 3284
f 3403 3284 3283
f 3403 3283 3295
f 3166 3171 3170
f 3166 3170 3169
f 3166 3169 3167
f 8559 8558 8566
f 8559 8566 8567
f 8559 8567 8565
f 2058 2054 2056
f 9166 9199 9189
f 9166 9189 9173
f 1734 9576 9565
f 1734 9565 9566
f 1734 9566 9567
f 1734 9567 9572
f 1734 9572 1732
f 8492 8487 8488
f 8492 8488 8491
f 8492 8491 8508
f 8492 8508 8516
f 8492 8516 8511
f 8492 8511 8447
f 8492 8447 8453
f 9786 9789 9850
f 9786 9850 9810
f 2043 2036 2035
f 2033 2035 2036
f 1561 1560 1562
f 1561 1562 1569
f 1561 1569 1571
f 1561 1571 1575
f 1561 1575 1570
f 7333 7338 7351
f 7333 7351 7328
f 10372 10593 10332
f 10372 10332 10333
f 10372 10333 10579
f 10372 10579 10600
f 5435 5433 5487
f 5435 5487 5488
f 5435 5488 5489
f 3961 3960 3962
f 3961 3962 3939
f 3961 3939 3936
f 3961 3936 3950
f 3961 3950 3963
f 2060 2062 2031
f 2060 2031 2039
f 2060 2039 2058
f 2042 2006 2054
f 4225 4226 4224
f 4225 4224 9833
f 4225 9833 9834
f 1015 1027 1093
f 1015 1093 1095
f 624 623 621
f 624 621 622
f 6145 6147 6144
f 6145 6144 6132
f 1945 1943 1949
f 2465 2474 2475
f 2465 2475 2458
f 2465 2458 2460
f 8557 8556 8560
f 8557 8560 8561
f 7189 7181 7187
f 7189 7187 7191
f 2033 2027 2035
f 1911 1907 2036
f 2920 9574 2901
f 9372 9314 9351
f 9086 9084 9089
f 9086 9089 9096
f 9288 9292 9290
f 9288 9290 9279
f 1743 1516 1523
f 1743 1523 1744
f 9405 9406 9426
f 9405 9426 9427
f 8938 8940 8861
f 8938 8861 8939
f 1990 1982 2048
f 1990 2048 2049
f 9366 9367 9326
f 9366 9326 9316
f 7617 7637 7546
f 7617 7546 7566
f 7617 7566 7620
f 7384 7381 7387
f 7384 7387 7386
f 10514 10558 10420
f 10514 10420 10516
f 10514 10516 10512
f 10514 10512 10513
f 2521 2412 2418
f 2521 2418 2520
f 1076 1077 1062
f 1076 1062 1058
f 1479 1470 1462
f 1454 1453 1458
f 5415 5422 5437
f 5415 5437 5436
f 1607 1613 1615
f 1607 1615 1610
f 6311 6312 6327
f 6311 6327 6323
f 6311 6323 6314
f 1392 1393 1681
f 1682 1689 1690
f 1682 1690 1691
f 1682 1691 1392
f 1682 1392 1681
f 1689 1682 1243
f 5508 5500 5506
f 1207 1243 1208
f 1391 1393 1392
f 2440 2423 2422
f 2440 2422 2435
f 10476 10467 10469
f 10476 10469 10470
f 1167 1240 1157
f 1033 1039 1031
f 1033 1031 1057
f 1033 1057 1052
f 6907 2225 6903
f 6907 6903 6902
f 6907 6902 6908
f 1489 1524 1488
f 1487 1488 1519
f 1780 1489 1781
f 3513 3393 3387
f 3513 3387 3483
f 7368 7365 7375
f 7368 7375 7373
f 7368 7373 7372
f 7368 7372 6652
f 2932 1508 2947
f 2932 2947 2949
f 7998 7974 7990
f 7998 7990 7864
f 7998 7864 8032
f 9661 9673 9694
f 9661 9694 9686
f 1738 1743 1744
f 1738 1744 1742
f 1738 1742 1739
f 6519 6443 6439
f 6519 6439 6517
f 1141 1139 1138
f 1141 1138 1232
f 1141 1232 1236
f 1141 1236 1204
f 1253 1698 1252
f 1596 1698 1253
f 2654 2655 2693
f 2654 2693 2767
f 2654 2767 2699
f 1138 1139 1134
f 7958 7960 7942
f 7958 7942 7943
f 7958 7943 7944
f 7958 7944 7945
f 562 565 606
f 562 606 607
f 562 607 613
f 562 613 612
f 1305 1348 1359
f 1305 1359 1352
f 1305 1352 1302
f 1305 1302 1303
f 614 629 618
f 614 618 562
f 614 562 612
f 614 612 630
f 1135 1134 1133
f 1512 1511 1510
f 1512 1510 1587
f 6487 6476 6480
f 6487 6480 6488
f 6487 6488 6496
f 6487 6496 6498
f 913 932 912
f 913 912 889
f 1585 1521 1513
f 10464 10596 10502
f 10464 10502 10460
f 5482 5472 5493
f 5482 5493 5496
f 8873 8877 8852
f 8873 8852 8849
f 1526 1527 1510
f 1526 1510 1514
f 1526 1514 1515
f 3760 3750 3738
f 3760 3738 3737
f 3760 3737 3739
f 3760 3739 3740
f 3760 3740 3742
f 3760 3742 3755
f 3760 3755 3757
f 3760 3757 3756
f 3760 3756 3744
f 3760 3744 3743
f 3760 3743 3754
f 1513 1511 1512
f 1467 1487 1521
f 1591 1587 1592
f 1586 1512 1587
f 8740 6945 6933
f 8740 6933 6943
f 7865 7990 7965
f 7865 7965 7991
f 4807 4783 4786
f 4807 4786 4813
f 1156 1168 1248
f 1156 1248 1260
f 1156 1260 1167
f 1749 1742 1744
f 2547 10293 8808
f 2547 8808 8804
f 9133 9129 9171
f 9133 9171 9168
f 2349 2345 2347
f 2349 2347 2350
f 10091 10119 10113
f 10091 10113 10101
f 1991 2011 2007
f 1991 2007 2005
f 1991 2005 1993
f 6574 6613 6612
f 6574 6612 6588
f 3004 2999 3006
f 3004 3006 2986
f 3004 2986 2981
f 3004 2981 2975
f 3004 2975 2976
f 9316 9312 9327
f 9316 9327 9368
f 9316 9368 9366
f 716 729 68
f 716 68 40
f 6112 6088 6070
f 6112 6070 6068
f 6112 6068 6100
f 6112 6100 6111
f 6112 6111 6115
f 10322 10543 10362
f 10322 10362 10363
f 10322 10363 10519
f 1515 1384 1526
f 1523 1516 1522
f 225 234 247
f 225 247 246
f 3028 3049 3060
f 3028 3060 3057
f 3028 3057 3053
f 5635 5640 5639
f 5635 5639 5636
f 5635 5636 5614
f 1691 1692 1388
f 1691 1388 1390
f 1691 1390 1392
f 10580 10316 10313
f 10580 10313 10315
f 9191 9208 9209
f 9191 9209 9201
f 1749 1747 1742
f 1753 1749 1744
f 1383 1386 1387
f 1382 1386 1383
f 7462 7458 7452
f 7462 7452 7451
f 7462 7451 7459
f 1381 1383 1694
f 1709 1715 1714
f 3522 3476 3518
f 3522 3518 3488
f 3522 3488 5612
f 1384 1385 1526
f 3986 3966 3967
f 3986 3967 3974
f 3986 3974 3994
f 1525 1523 1522
f 7409 7434 7444
f 7409 7444 7419
f 8607 8611 8644
f 8607 8644 8648
f 1514 1511 1517
f 1514 1517 1518
f 1514 1518 1516
f 1514 1516 1515
f 5121 7312 7377
f 5121 7377 5122
f 5121 5122 5119
f 175 178 157
f 175 157 171
f 175 171 173
f 8183 8594 8181
f 8183 8181 8592
f 8183 8592 8591
f 8183 8591 8885
f 8183 8885 8588
f 8183 8588 8184
f 1702 1701 1190
f 1702 1190 1125
f 1702 1125 1179
f 1702 1179 1193
f 6427 6416 6420
f 6427 6420 6430
f 7496 7493 7644
f 7496 7644 7652
f 7496 7652 7597
f 7496 7597 7535
f 7496 7535 7498
f 4307 4284 4281
f 4307 4281 4289
f 7521 7500 7503
f 7521 7503 7543
f 7521 7543 7524
f 8998 9000 9001
f 8998 9001 8997
f 2797 2798 2807
f 2797 2807 2804
f 2797 2804 2810
f 2797 2810 2800
f 10093 10097 10096
f 10093 10096 10095
f 10093 10095 10085
f 10093 10085 10086
f 1141 1134 1139
f 704 707 721
f 704 721 722
f 1847 1845 1851
f 1847 1851 1854
f 374 379 370
f 10527 10526 10529
f 10527 10529 10531
f 10527 10531 10532
f 10527 10532 10533
f 10527 10533 10536
f 1450 1446 1445
f 1450 1445 1453
f 1450 1453 1454
f 1450 1454 1451
f 10095 10096 1118
f 10095 1118 10102
f 10095 10102 10099
f 10095 10099 10092
f 1622 1620 1619
f 1622 1619 1621
f 371 390 401
f 371 401 412
f 371 412 406
f 371 406 411
f 371 411 265
f 371 265 272
f 10141 10163 10144
f 10141 10144 10134
f 8748 6952 6950
f 8748 6950 8747
f 6542 6436 6435
f 6542 6435 6540
f 9630 9631 1827
f 9630 1827 1844
f 9630 1844 9632
f 7434 7440 7476
f 7434 7476 487
f 7434 487 7483
f 7434 7483 7444
f 1588 1586 1589
f 1486 1585 1590
f 1593 1589 1595
f 5821 5824 4859
f 5821 4859 4906
f 5821 4906 4871
f 6797 10555 10556
f 10324 10325 10330
f 10324 10330 10598
f 8031 7995 8029
f 8031 8029 8041
f 8031 8041 8051
f 8031 8051 8050
f 8031 8050 8049
f 8031 8049 8052
f 6525 6527 6531
f 6525 6531 6530
f 6525 6530 4143
f 6096 6073 6074
f 6096 6074 6087
f 6096 6087 6086
f 10571 10457 10572
f 10571 10572 10456
f 10571 10456 10569
f 10571 10569 10570
f 1701 1700 1190
f 8037 8020 8036
f 8037 8036 8019
f 8037 8019 8038
f 8037 8038 7702
f 8037 7702 7704
f 8037 7704 7705
f 3616 3844 3820
f 3616 3820 3813
f 3616 3813 827
f 3616 827 3851
f 3616 3851 3623
f 3616 3623 3608
f 1799 1800 1804
f 1799 1804 1785
f 1799 1785 1788
f 1799 1788 1787
f 1799 1787 1790
f 1799 1790 9680
f 1799 9680 9649
f 1799 9649 9611
f 317 315 325
f 317 325 324
f 492 489 494
f 492 494 501
f 1705 1664 1670
f 1676 1624 1623
f 1394 1669 1675
f 1123 1122 1128
f 1123 1128 1124
f 1123 1124 1130
f 4863 4874 4873
f 4863 4873 4824
f 1243 1166 1160
f 1208 1243 1160
f 5493 5492 5504
f 5493 5504 5496
f 2978 2973 2977
f 2978 2977 2979
f 5935 5936 5925
f 5935 5925 5914
f 1166 1162 1160
f 10338 10336 10337
f 672 673 648
f 672 648 634
f 672 634 684
f 6222 6294 6308
f 6222 6308 6273
f 6222 6273 6230
f 9894 9899 9892
f 9894 9892 9885
f 9894 9885 9890
f 7544 7545 7485
f 7544 7485 7477
f 4295 4296 3026
f 4295 3026 4294
f 4295 4294 3037
f 4295 3037 4293
f 8631 8633 8611
f 8631 8611 8610
f 8631 8610 8630
f 6849 10563 10430
f 6849 10430 6850
f 10264 10270 10266
f 10264 10266 10263
f 3544 3543 3537
f 3544 3537 3535
f 8728 8727 8751
f 8728 8751 8750
f 8728 8750 8729
f 1572 1570 1575
f 1572 1575 1578
f 1572 1578 1969
f 5304 5300 5301
f 5304 5301 5307
f 5840 5842 5753
f 5840 5753 5858
f 9782 9781 9788
f 9782 9788 9791
f 1964 2048 1982
f 1964 1982 1961
f 1787 1788 1786
f 1471 1450 1451
f 8555 8542 8540
f 8555 8540 8548
f 8555 8548 5608
f 3733 692 3734
f 1918 1929 1931
f 1918 1931 1932
f 5197 5222 5224
f 5197 5224 5255
f 5197 5255 5199
f 9625 9630 9632
f 9625 9632 9690
f 6077 6078 6075
f 6077 6075 6076
f 9308 9336 2792
f 9308 2792 9331
f 9308 9331 9320
f 9308 9320 9335
f 9308 9335 9327
f 9308 9327 9312
f 2254 2257 2244
f 2254 2244 2249
f 9923 9910 9909
f 9923 9909 9911
f 9923 9911 9927
f 9923 9927 9868
f 9923 9868 9866
f 9923 9866 9864
f 9923 9864 9865
f 1785 1786 1788
f 10214 10213 10210
f 10214 10210 10208
f 10214 10208 10221
f 2613 2659 2682
f 2613 2682 2683
f 2613 2683 2662
f 6190 9740 9725
f 8487 8486 8485
f 8487 8485 2661
f 8487 2661 8489
f 8487 8489 8490
f 8487 8490 8488
f 1899 1896 1851
f 1899 1851 1885
f 1899 1885 1879
f 1899 1879 1882
f 5397 5396 5393
f 5397 5393 5398
f 1309 1310 1009
f 1309 1009 1313
f 1268 1266 1282
f 1268 1282 1278
f 426 436 460
f 426 460 448
f 426 448 417
f 426 417 409
f 6538 6532 6524
f 6538 6524 6528
f 6538 6528 6541
f 1210 1268 1278
f 1210 1231 1234
f 1210 1234 1117
f 1210 1117 1110
f 9979 5740 5739
f 9979 5739 8243
f 4422 4427 4428
f 4422 4428 4423
f 3036 4277 4278
f 3036 4278 4292
f 58 52 45
f 58 45 48
f 58 48 56
f 7846 7827 7863
f 7846 7863 7858
f 367 533 523
f 367 523 360
f 2274 2282 2278
f 2274 2278 2270
f 7997 8019 8036
f 7997 8036 7999
f 7997 7999 7980
f 1405 1402 1408
f 1405 1408 1418
f 8812 8811 8814
f 8812 8814 8813
f 2796 2826 7842
f 2796 7842 7843
f 2796 7843 2817
f 5254 5250 5229
f 5254 5229 5224
f 5254 5224 5222
f 5254 5222 5214
f 5254 5214 5227
f 5254 5227 5230
f 3623 3624 3606
f 3623 3606 3605
f 3623 3605 3585
f 2092 2088 2083
f 2092 2083 2099
f 2092 2099 2093
f 6267 6237 6238
f 6267 6238 6253
f 6267 6253 6258
f 6267 6258 6303
f 6267 6303 6268
f 6842 6841 10424
f 6842 10424 10425
f 6842 10425 10431
f 6842 10431 10426
f 114 113 112
f 8911 8909 8907
f 8911 8907 8816
f 8911 8816 8132
f 3674 3673 3691
f 3674 3691 3693
f 2021 2019 2022
f 2021 2022 1795
f 3875 3860 3865
f 3875 3865 3868
f 3875 3868 3825
f 9275 9309 9301
f 9275 9301 9219
f 1285 1247 1267
f 1267 1247 1203
f 1203 1254 1267
f 1677 1680 1686
f 1677 1686 1687
f 1677 1687 1683
f 1677 1683 1678
f 1203 1247 1018
f 1203 1012 1095
f 8589 8100 8099
f 8589 8099 8587
f 8589 8587 8584
f 2859 2879 2891
f 2859 2891 2878
f 2859 2878 2873
f 2859 2873 2855
f 2859 2855 2856
f 9506 9504 9507
f 9506 9507 9488
f 9506 9488 9562
f 9506 9562 9564
f 9506 9564 1727
f 9506 1727 9579
f 9506 9579 9514
f 9506 9514 9513
f 5510 5509 5441
f 5510 5441 5442
f 2570 2575 2565
f 2570 2565 2563
f 2570 2563 2564
f 2570 2564 2577
f 2570 2577 2576
f 2570 2576 2569
f 2570 2569 2590
f 2570 2590 2560
f 2570 2560 2562
f 2570 2562 2568
f 2570 2568 2567
f 2570 2567 2566
f 2570 2566 2571
f 6610 8944 8911
f 6610 8911 8132
f 6610 8132 8131
f 6610 8131 6621
f 1203 1018 1012
f 336 337 261
f 336 261 252
f 336 252 245
f 336 245 244
f 336 244 256
f 336 256 260
f 336 260 292
f 1095 1012 1015
f 270 269 276
f 270 276 283
f 270 283 282
f 270 282 258
f 270 258 253
f 270 253 254
f 270 254 280
f 270 280 281
f 2094 2092 2093
f 2094 2093 2095
f 7183 5970 5969
f 7183 5969 7178
f 5832 5800 5801
f 10317 6818 10577
f 10317 10577 10302
f 10317 10302 10301
f 10317 10301 10312
f 2832 2833 7765
f 2832 7765 7786
f 2832 7786 7825
f 7409 7419 7405
f 7409 7405 7397
f 212 7830 7249
f 212 7249 7245
f 1355 1356 1344
f 1355 1344 1329
f 1355 1329 1337
f 1329 1344 1328
f 1025 1329 1328
f 1019 1328 1327
f 6138 6146 6131
f 6138 6131 6133
f 5906 5897 5891
f 5906 5891 5892
f 5906 5892 5904
f 2652 2649 2669
f 2652 2669 2675
f 6723 6697 6694
f 6723 6694 10329
f 6723 10329 6800
f 6723 6800 6799
f 6723 6799 6780
f 6723 6780 6755
f 6723 6755 6739
f 1329 1025 1018
f 1344 1334 1328
f 1344 1357 1334
f 1025 1328 1019
f 1328 1334 1327
f 1025 1019 1011
f 1011 1019 1010
f 7125 7127 7133
f 7125 7133 7132
f 1030 1031 1039
f 3394 3385 3384
f 3394 3384 3387
f 3394 3387 3393
f 9498 9496 9499
f 9498 9499 9500
f 9498 9500 9501
f 4572 4573 4580
f 4572 4580 4581
f 8112 8113 8116
f 8112 8116 8114
f 8112 8114 8111
f 8112 8111 8103
f 8112 8103 8110
f 1261 1678 1683
f 10062 10060 10059
f 10062 10059 10065
f 9002 9003 4416
f 9002 4416 4309
f 2779 2811 9006
f 2779 9006 2781
f 2779 2781 2768
f 1031 1069 1057
f 6568 6563 6564
f 6568 6564 6574
f 1094 1026 1016
f 1094 1016 1017
f 5597 5598 5610
f 5597 5610 9282
f 5597 9282 5602
f 5597 5602 5595
f 1060 1066 1073
f 1379 1367 929
f 1379 929 933
f 33 101 37
f 33 37 23
f 33 23 24
f 9221 9222 9225
f 9221 9225 9243
f 9221 9243 9241
f 1261 1084 1078
f 1261 1078 1069
f 5282 5114 5113
f 5282 5113 7063
f 5282 7063 7062
f 2599 2602 2636
f 2599 2636 2600
f 2304 2284 2280
f 2304 2280 2287
f 2304 2287 2288
f 2327 4479 4487
f 2327 4487 2306
f 2327 2306 2305
f 1637 1644 1257
f 1637 1257 1189
f 1637 1189 1176
f 1637 1176 1230
f 1645 1637 1230
f 918 924 901
f 918 901 897
f 7956 7925 7921
f 7956 7921 7959
f 4479 4478 4477
f 4479 4477 2323
f 4479 2323 4487
f 8775 10054 10038
f 8775 10038 8797
f 8775 8797 8776
f 8671 8658 2727
f 8671 2727 2724
f 8671 2724 2723
f 8671 2723 2738
f 8671 2738 2750
f 2919 2920 2901
f 2919 2901 2915
f 2919 2915 2900
f 2919 2900 2888
f 2919 2888 2890
f 2919 2890 2893
f 2919 2893 2917
f 2919 2917 2914
f 6583 6597 6609
f 6583 6609 6614
f 6583 6614 6565
f 1627 1618 1628
f 1627 1628 1664
f 1627 1664 1652
f 1105 1154 1155
f 1105 1155 1159
f 1105 1159 1113
f 4202 4201 4215
f 4202 4215 4229
f 4202 4229 4233
f 5843 5844 5842
f 5843 5842 5840
f 5843 5840 5841
f 5315 5299 5301
f 5315 5301 5300
f 1619 1625 1621
f 8504 8479 8510
f 8504 8510 8521
f 8504 8521 8530
f 8504 8530 8539
f 1062 1035 1034
f 1062 1034 1058
f 1100 1104 1142
f 1100 1142 1096
f 1621 1205 1177
f 6634 6633 6629
f 6634 6629 6638
f 1628 1618 1620
f 4857 4916 5622
f 4857 5622 4919
f 1355 1379 1422
f 1355 1422 1356
f 4291 4272 4264
f 4291 4264 4273
f 1618 1619 1620
f 1163 1174 1161
f 5541 3982 3981
f 5541 3981 5577
f 5541 5577 5547
f 5541 5547 5542
f 1760 1759 1758
f 1062 1063 1035
f 1629 1631 1633
f 1629 1633 1635
f 1629 1635 1632
f 1629 1632 1630
f 7154 7139 5013
f 7154 5013 5010
f 1063 1062 1082
f 6624 8170 8175
f 6624 8175 8173
f 1642 1640 1651
f 955 1652 1664
f 955 1664 1705
f 955 1705 1707
f 1632 1635 1634
f 1640 1650 1651
f 1630 1632 1634
f 5513 5511 5512
f 5513 5512 5514
f 1755 943 946
f 1647 1653 1641
f 1865 1870 1872
f 1865 1872 1874
f 1865 1874 1873
f 1635 1641 1638
f 2377 2379 2388
f 1006 1007 1005
f 1006 1005 1003
f 2201 2202 6498
f 2201 6498 6496
f 2201 6496 6500
f 2877 2865 2863
f 2877 2863 2874
f 197 201 200
f 197 200 194
f 197 194 177
f 1380 956 1367
f 1380 1367 1364
f 1380 1364 1285
f 9414 9425 9440
f 9414 9440 9428
f 9414 9428 9426
f 9414 9426 9406
f 1462 1466 1493
f 1462 1493 1479
f 4654 4645 4705
f 4654 4705 2913
f 2672 2635 2626
f 2672 2626 2634
f 2672 2634 2757
f 2672 2757 2779
f 2672 2779 2768
f 1008 1007 1006
f 1008 1006 1001
f 1008 1001 1000
f 1008 1000 1013
f 1008 1013 997
f 1008 997 996
f 1008 996 994
f 1008 994 992
f 1008 992 988
f 1008 988 989
f 1008 989 1014
f 1008 1014 1081
f 1008 1081 1067
f 1008 1067 1070
f 1008 1070 1061
f 1008 1061 1060
f 1008 1060 1073
f 1008 1073 1017
f 1008 1017 1016
f 1008 1016 1092
f 1008 1092 1027
f 1008 1027 1015
f 1008 1015 1012
f 1008 1012 1011
f 4714 4715 4719
f 4714 4719 4726
f 4714 4726 4717
f 4714 4717 4718
f 4714 4718 4720
f 3702 3701 3700
f 3702 3700 3706
f 3702 3706 3707
f 10217 10204 10202
f 10217 10202 10201
f 4734 5389 2521
f 4734 2521 2520
f 8674 8675 8676
f 8674 8676 8678
f 8674 8678 8654
f 8674 8654 8671
f 8674 8671 2750
f 8674 2750 2748
f 8674 2748 8672
f 8674 8672 8673
f 1574 1563 1565
f 1334 1354 1339
f 7391 7398 7396
f 7391 7396 7395
f 7391 7395 7392
f 8568 8565 6545
f 8568 6545 6550
f 1325 1332 1314
f 1414 1413 1415
f 9899 9894 9948
f 9899 9948 9964
f 5607 5596 5584
f 5607 5584 5593
f 5607 5593 5604
f 8635 8624 8620
f 8635 8620 8623
f 8635 8623 8637
f 2028 1909 1902
f 2028 1902 1895
f 1740 1739 1742
f 1740 1742 1747
f 1740 1747 1752
f 1740 1752 1746
f 1361 1370 1345
f 1579 1377 1372
f 7986 7982 7973
f 7986 7973 7985
f 7986 7985 7977
f 7986 7977 7970
f 7986 7970 7959
f 7986 7959 7921
f 7986 7921 7952
f 7986 7952 192
f 5506 5500 5431
f 5506 5431 5499
f 5506 5499 2537
f 1551 1548 1550
f 1551 1550 1553
f 1551 1553 1554
f 7921 7925 7916
f 7921 7916 7876
f 7921 7876 7877
f 7921 7877 7878
f 7921 7878 7896
f 7921 7896 204
f 7921 204 7919
f 7921 7919 7920
f 8343 8323 8341
f 8343 8341 8363
f 8343 8363 8354
f 1649 1631 1629
f 1649 1629 1626
f 1649 1626 1627
f 1649 1627 1652
f 1391 1392 1390
f 1391 1390 1389
f 1578 1577 1584
f 1578 1584 1979
f 1578 1979 1978
f 1578 1978 1969
f 2109 2108 2107
f 2109 2107 2090
f 2109 2090 2091
f 1578 1575 1577
f 8371 8328 8324
f 8371 8324 8355
f 8371 8355 8360
f 8371 8360 8373
f 8371 8373 8392
f 1566 1965 1958
f 1560 1561 1559
f 1566 1561 1572
f 1561 1570 1572
f 1569 1562 1568
f 1789 1785 1804
f 1789 1804 1815
f 1789 1815 1806
f 1789 1806 1797
f 10043 10076 10047
f 10043 10047 10046
f 10043 10046 10045
f 10043 10045 10044
f 10043 10044 10041
f 10043 10041 10040
f 7613 7621 7649
f 7613 7649 7624
f 8489 2661 2660
f 8489 2660 8502
f 9053 9071 9073
f 9053 9073 9054
f 4698 4686 4697
f 4698 4697 4701
f 1319 1313 1009
f 5655 5667 5676
f 5655 5676 5673
f 1005 1002 1003
f 1411 1406 1412
f 1341 1340 1361
f 1308 1341 1342
f 2504 2505 2507
f 2504 2507 2498
f 2504 2498 2487
f 5405 5480 5450
f 5405 5450 5446
f 5405 5446 5404
f 2247 2117 2116
f 2247 2116 2243
f 2247 2243 2239
f 2247 2239 2236
f 8121 8146 8144
f 8121 8144 8126
f 5809 5812 5819
f 5809 5819 5818
f 5809 5818 5823
f 5809 5823 5756
f 5809 5756 5755
f 5809 5755 5830
f 5809 5830 5772
f 5809 5772 5831
f 5809 5831 5829
f 5809 5829 5802
f 5809 5802 2066
f 8160 8152 8148
f 8160 8148 8154
f 8160 8154 5274
f 8160 5274 5277
f 8160 5277 5278
f 8160 5278 8163
f 1352 1358 1302
f 6943 6933 6928
f 6943 6928 6930
f 1371 1573 1376
f 9997 9986 9945
f 9997 9945 9944
f 9997 9944 9969
f 9997 9969 10024
f 9034 9102 4421
f 6029 6028 6020
f 6029 6020 6004
f 6029 6004 6022
f 6029 6022 6021
f 6029 6021 6025
f 9039 9034 9033
f 8041 8028 8034
f 8041 8034 8053
f 8041 8053 8051
f 4206 4205 4227
f 4206 4227 4228
f 1644 1643 1684
f 1644 1684 1257
f 4415 4321 4288
f 4415 4288 4407
f 4415 4407 4408
f 4367 9065 9070
f 4367 9070 4402
f 4367 4402 4366
f 9070 9065 9061
f 9046 9048 9047
f 9046 9047 9038
f 9046 9038 9037
f 3906 3909 3908
f 3906 3908 3902
f 3906 3902 3897
f 3906 3897 3900
f 6686 7085 6702
f 6686 6702 6681
f 6686 6681 6680
f 9049 9060 9051
f 9049 9051 9044
f 9049 9044 9043
f 1018 1025 1011
f 1018 1011 1012
f 2404 2405 2403
f 2404 2403 2406
f 2404 2406 2400
f 2404 2400 2401
f 4211 4212 4185
f 4211 4185 4189
f 7329 3525 3524
f 7329 3524 7330
f 4230 4203 4190
f 4230 4190 4221
f 4230 4221 9790
f 4230 9790 9777
f 5448 5430 9032
f 5430 5424 5443
f 9032 5430 9035
f 9035 5430 5443
f 4421 5448 9032
f 8071 8072 8080
f 8071 8080 8078
f 4732 7460 4722
f 4732 4722 4721
f 4732 4721 4731
f 4366 4402 4401
f 9062 9070 9061
f 7651 7657 7790
f 7651 7790 7788
f 7651 7788 7785
f 518 528 517
f 518 517 509
f 835 834 833
f 835 833 837
f 835 837 838
f 698 715 720
f 698 720 4
f 4892 4893 4891
f 4892 4891 4882
f 4892 4882 4880
f 4892 4880 4894
f 2430 2407 2425
f 5912 2408 5914
f 5900 5911 5912
f 5933 2517 5505
f 5933 5505 5502
f 3917 3916 3918
f 5935 5933 5502
f 5905 5900 5914
f 8907 8906 8897
f 8907 8897 8900
f 8907 8900 8815
f 8907 8815 8816
f 9565 9576 2922
f 9565 2922 2900
f 9565 2900 2915
f 9565 2915 9537
f 9565 9537 9524
f 9565 9524 9535
f 5935 5502 5936
f 5420 5426 5419
f 5879 5895 5880
f 5908 5879 5878
f 5600 5588 5573
f 5600 5573 5580
f 5600 5580 5595
f 5600 5595 5602
f 5481 5091 5089
f 5481 5089 5479
f 7085 6686 6685
f 7085 6685 7076
f 7085 7076 7077
f 7085 7077 7078
f 10295 10294 10300
f 5881 5880 5884
f 5881 5884 5883
f 5881 5883 5882
f 5886 5883 5889
f 5919 5924 4419
f 1389 1390 1388
f 1389 1388 1387
f 1389 1387 1386
f 10213 10215 10259
f 10213 10259 10258
f 10213 10258 10226
f 952 1648 1633
f 952 1633 1631
f 952 1631 1649
f 5128 5129 7040
f 5448 5510 5442
f 4421 5510 5448
f 4419 4421 4406
f 2222 2214 5973
f 2222 5973 5948
f 1001 1006 1003
f 1001 1003 1002
f 4338 4406 4367
f 1224 1245 1276
f 1224 1276 1269
f 5825 5828 5827
f 5825 5827 5837
f 5825 5837 5741
f 5825 5741 5727
f 5825 5727 5835
f 5914 2408 2430
f 2430 2425 2517
f 5933 2430 2517
f 4764 4763 4759
f 4764 4759 4515
f 4764 4515 4516
f 5900 5912 5914
f 5905 5914 5925
f 5936 5502 5507
f 5905 5925 5924
f 4330 5904 5892
f 4330 5892 5898
f 4330 5898 4326
f 4330 4326 4323
f 4330 4323 4329
f 5936 5507 5509
f 5364 5378 5384
f 5364 5384 5386
f 5429 5428 5420
f 5905 5924 5919
f 5903 5886 5889
f 4419 5510 4421
f 5483 5093 9103
f 5483 9103 5478
f 6616 8130 8137
f 6616 8137 6609
f 6616 6609 6597
f 2687 2667 2673
f 2687 2673 2703
f 2007 2011 1988
f 2007 1988 2012
f 4403 4387 9093
f 4403 9093 9098
f 4403 9098 4533
f 4403 4533 4531
f 4356 4340 4359
f 3535 3537 3541
f 3535 3541 3404
f 3535 3404 3479
f 3535 3479 3499
f 4395 4379 4414
f 5414 5411 5416
f 5414 5416 5423
f 10281 10241 10283
f 10281 10283 10275
f 10281 10275 10274
f 10281 10274 10282
f 5028 5029 5025
f 5028 5025 5027
f 5028 5027 5026
f 3609 3604 3678
f 3609 3678 3677
f 3609 3677 3610
f 1227 1226 1224
f 1227 1224 1269
f 4399 9088 4386
f 4352 4347 4344
f 6303 6376 6268
f 8993 4309 4254
f 8993 4254 4271
f 5423 5444 5443
f 5423 5443 5424
f 5423 5424 5421
f 3730 3727 3748
f 3730 3748 3747
f 6121 6118 6117
f 6121 6117 6119
f 6121 6119 6120
f 1368 1574 1371
f 1368 1371 1359
f 1793 1796 1792
f 1793 1792 1772
f 1793 1772 1779
f 1793 1779 1782
f 1793 1782 1784
f 3956 3957 3981
f 3956 3981 3982
f 3956 3982 3974
f 3956 3974 3967
f 9635 9609 9602
f 9635 9602 9621
f 7639 7655 7641
f 7641 7655 7820
f 5908 9027 5922
f 5235 3171 3166
f 5235 3166 3162
f 5235 3162 3172
f 5235 3172 3197
f 5235 3197 3198
f 5235 3198 5238
f 5235 5238 5237
f 5235 5237 5236
f 5235 5236 5239
f 5235 5239 5240
f 5934 9027 5908
f 7647 7850 9025
f 7641 7850 7647
f 1754 1525 1524
f 1754 1524 1489
f 1754 1489 1780
f 1754 1780 1779
f 1754 1779 1772
f 8134 8138 8814
f 8134 8814 8811
f 8134 8811 8139
f 7901 7903 7912
f 7901 7912 8612
f 7901 8612 8614
f 5890 5881 5882
f 5891 5890 5882
f 7640 7628 7659
f 9035 5443 9036
f 9035 9036 9033
f 9035 9033 9032
f 5927 5890 5909
f 9023 9024 5927
f 3044 3073 3055
f 3044 3055 3003
f 3044 3003 3010
f 3044 3010 3001
f 5929 5909 5918
f 5918 5909 5897
f 9018 5929 5918
f 9018 9020 5929
f 8207 7188 5966
f 8207 5966 5967
f 3061 3071 3082
f 3061 3082 3085
f 3061 3085 3077
f 9015 9019 9017
f 5926 9018 5918
f 2137 2135 2139
f 2137 2139 2154
f 2137 2154 2174
f 2137 2174 2169
f 2137 2169 2153
f 2862 1502 2870
f 2862 2870 2851
f 2862 2851 2848
f 2862 2848 2849
f 9022 9021 9015
f 9016 5926 4417
f 3038 3059 3056
f 3038 3056 3039
f 9022 9015 9013
f 6452 6453 6447
f 6452 6447 6444
f 6452 6444 6450
f 5758 5756 5823
f 5758 5823 5826
f 5758 5826 4867
f 5758 4867 4866
f 5758 4866 5763
f 1512 1586 1585
f 1512 1585 1513
f 4360 4411 4335
f 4360 4335 4337
f 9276 9303 9309
f 9276 9309 9275
f 9276 9275 9213
f 5908 5895 5879
f 7641 7820 7850
f 7850 7820 9026
f 9031 5934 5930
f 9024 7647 9025
f 7554 7553 7555
f 7554 7555 7556
f 7554 7556 422
f 9023 7647 9024
f 5909 5890 5891
f 5929 5927 5909
f 5909 5891 5897
f 7768 7640 7831
f 5918 5897 5906
f 9019 7831 9017
f 6081 6074 6003
f 6081 6003 6075
f 7818 9019 9021
f 9021 9019 9015
f 6495 6504 6503
f 6495 6503 6502
f 6495 6502 6494
f 6495 6494 6491
f 6495 6491 6481
f 5906 5904 4330
f 7353 7355 7356
f 7353 7356 7278
f 2837 7818 9021
f 5410 5411 5414
f 2837 9021 9022
f 7057 7048 7049
f 7057 7049 7050
f 7057 7050 7056
f 7057 7056 7055
f 7057 7055 7054
f 9885 9886 9890
f 4337 4335 4334
f 9011 9004 9005
f 9011 9005 9010
f 9011 9010 9012
f 9818 9817 9821
f 9818 9821 9819
f 9818 9819 9820
f 5463 5453 5472
f 5463 5472 5470
f 3269 3261 3309
f 3269 3309 3319
f 9036 5443 5444
f 9036 5444 9041
f 9036 9041 9040
f 5481 5479 5460
f 5481 5460 5468
f 883 884 895
f 883 895 896
f 883 896 897
f 883 897 894
f 883 894 885
f 883 885 879
f 883 879 881
f 5053 4529 4537
f 5053 4537 5052
f 8513 8527 8390
f 8513 8390 8391
f 8513 8391 8405
f 8513 8405 8421
f 8513 8421 8445
f 4345 4343 4342
f 7163 7162 7170
f 7163 7170 7169
f 6953 10056 10061
f 6953 10061 6927
f 6953 6927 6931
f 6953 6931 6932
f 6953 6932 6954
f 9003 9002 9001
f 9003 9001 2830
f 9003 2830 9005
f 9003 9005 9004
f 713 602 726
f 713 726 728
f 713 728 718
f 3102 3105 3112
f 3102 3112 3106
f 3102 3106 3103
f 4384 4365 4383
f 900 886 894
f 900 894 901
f 382 373 346
f 382 346 356
f 382 356 387
f 4265 4354 4364
f 4353 4354 4265
f 4265 4364 4267
f 4267 4288 4258
f 10181 10218 10241
f 10181 10241 10281
f 10181 10281 10232
f 10181 10232 10243
f 5728 5726 5699
f 5728 5699 5716
f 575 577 582
f 575 582 585
f 575 585 591
f 5419 5413 5412
f 5419 5412 5417
f 5419 5417 5420
f 5391 5392 5393
f 203 229 185
f 203 185 188
f 5424 5418 5421
f 3179 3160 3148
f 3179 3148 8174
f 3179 8174 8177
f 1138 1136 1253
f 1138 1253 1252
f 1138 1252 1232
f 6703 6695 7082
f 5399 5404 5446
f 6152 6138 6140
f 6152 6140 6159
f 5444 5423 5416
f 8846 8855 8850
f 8846 8850 8851
f 8846 8851 8853
f 8846 8853 8854
f 8846 8854 8856
f 8846 8856 8857
f 8846 8857 8847
f 8846 8847 8845
f 8846 8845 8843
f 8846 8843 8844
f 9687 9649 9680
f 9687 9680 9657
f 9687 9657 9641
f 9687 9641 9647
f 5406 5391 5407
f 3838 3831 3705
f 3838 3705 3704
f 3838 3704 3703
f 3716 3813 3820
f 3716 3820 3753
f 3716 3753 3746
f 3716 3746 3724
f 3716 3724 3723
f 1186 976 979
f 1186 979 983
f 1186 983 1191
f 1186 1191 1192
f 1186 1192 1180
f 1186 1180 1185
f 1186 1185 1184
f 4288 4267 4407
f 6436 8566 6432
f 6436 6432 6426
f 887 893 903
f 887 903 895
f 16 8596 8600
f 16 8600 20
f 16 20 19
f 16 19 18
f 2833 2832 2816
f 2833 2816 2756
f 2833 2756 2764
f 4285 4272 4312
f 2793 2627 2623
f 1228 1223 1283
f 1228 1283 6920
f 1228 6920 10070
f 2753 2777 2822
f 2753 2822 2782
f 9300 9302 9290
f 9300 9290 9292
f 7175 7177 7184
f 7175 7184 7183
f 2793 2623 2763
f 2793 2763 6110
f 2792 2791 9347
f 2792 9347 9331
f 1600 1599 1594
f 1600 1594 1598
f 6103 2793 6104
f 6072 6097 6067
f 5175 5165 5338
f 5175 5338 5182
f 4358 4357 4368
f 4358 4360 4337
f 4358 4368 4360
f 2161 2122 2097
f 2161 2097 2110
f 2856 2858 2859
f 6027 6033 6025
f 4218 9792 4235
f 4218 4235 4209
f 6897 6906 6899
f 6897 6899 6889
f 4591 4583 4576
f 4591 4576 4584
f 4591 4584 4590
f 4591 4590 4594
f 4591 4594 4597
f 3569 3413 3281
f 3569 3281 3296
f 3569 3296 3567
f 3268 3438 3374
f 3268 3374 3264
f 3268 3264 3258
f 5872 5865 5866
f 5872 5866 5875
f 3030 4294 3026
f 3645 3644 3677
f 3645 3677 3678
f 3645 3678 3670
f 2992 2993 3015
f 1656 1654 1655
f 1656 1655 1657
f 2386 2387 2384
f 2386 2384 2376
f 2386 2376 2390
f 2386 2390 2392
f 2386 2392 2371
f 2386 2371 2394
f 9827 9830 9838
f 9827 9838 9835
f 4245 4243 4241
f 4245 4241 4242
f 4245 4242 4244
f 8202 8206 8201
f 8202 8201 8196
f 2835 2836 2820
f 2835 2820 2803
f 2835 2803 2802
f 2835 2802 2827
f 461 433 463
f 461 463 462
f 7874 7871 8048
f 7874 8048 8050
f 7874 8050 8051
f 7874 8051 8053
f 4269 4263 4262
f 1777 1801 2050
f 1777 2050 2041
f 1777 2041 2037
f 1777 2037 2014
f 1777 2014 2018
f 1777 2018 1778
f 4243 4263 4269
f 4243 4269 4259
f 7740 7746 7720
f 7740 7720 7733
f 7740 7733 7732
f 9932 9930 9944
f 9932 9944 9945
f 4268 4259 4269
f 4268 4269 4281
f 4268 4281 4284
f 4268 4284 4283
f 9195 9274 9304
f 9195 9304 9297
f 4308 4301 4295
f 4308 4295 4293
f 2991 2994 2995
f 10157 10156 10154
f 10157 10154 10155
f 10157 10155 10158
f 9007 2830 9001
f 1112 1137 1229
f 1112 1229 1124
f 1112 1124 1128
f 9003 9004 4416
f 7335 7366 7337
f 7335 7337 7334
f 7184 5965 5970
f 7184 5970 7183
f 9008 9007 9001
f 4271 4254 4253
f 2749 2789 9343
f 2749 9343 9341
f 2749 9341 9360
f 8993 4271 8996
f 8996 4253 4256
f 9008 9001 9000
f 4309 8993 8992
f 4290 8996 4256
f 4690 4688 589
f 4690 589 569
f 4690 569 3818
f 1153 10100 10107
f 8218 8230 8227
f 8218 8227 8215
f 8997 8992 8983
f 8999 9000 8998
f 8995 4290 4270
f 9092 9095 4536
f 9092 4536 4535
f 9092 4535 4534
f 9092 4534 9105
f 9092 9105 9099
f 8075 7814 7823
f 8075 7823 8076
f 4260 4270 4252
f 9408 9404 9407
f 9408 9407 4862
f 9408 4862 4848
f 9408 4848 4875
f 9408 4875 7203
f 9408 7203 7214
f 3096 3100 3098
f 5632 5636 5639
f 5632 5639 5644
f 5632 5644 5645
f 2887 2888 2900
f 2887 2900 2922
f 2887 2922 2899
f 4884 4881 4882
f 4884 4882 4883
f 4884 4883 4885
f 4276 8995 4270
f 2781 9006 6109
f 5950 5972 5962
f 5950 5962 5949
f 4280 8995 4276
f 7400 7396 7398
f 7400 7398 7402
f 7400 7402 7403
f 8978 8986 8994
f 8978 8994 8988
f 10098 10088 10083
f 10098 10083 10087
f 10098 10087 10092
f 8994 6107 8988
f 4287 4279 3054
f 5993 5990 5988
f 5993 5988 5992
f 4277 3035 3034
f 5293 5289 5290
f 5293 5290 5285
f 5293 5285 5287
f 5293 5287 5281
f 5293 5281 5283
f 5293 5283 5286
f 5293 5286 5288
f 5293 5288 5295
f 5293 5295 5294
f 5293 5294 5292
f 8986 8975 6040
f 2997 2988 2987
f 2997 2987 3034
f 2997 3034 3035
f 3074 4287 3054
f 2996 3018 2993
f 2997 2996 2988
f 6039 8975 6041
f 3006 3074 3054
f 2996 2993 2988
f 8075 8076 8070
f 8075 8070 8063
f 8075 8063 8069
f 2986 3006 2987
f 6043 3074 3051
f 2740 5568 5561
f 2740 5561 2741
f 6034 6037 6038
f 5377 5367 2412
f 3068 3051 3045
f 6067 6069 6061
f 6067 6061 6058
f 6067 6058 6060
f 6067 6060 6062
f 5974 5976 5971
f 6035 6034 6027
f 4275 4270 4260
f 4275 4260 4274
f 4065 4070 4066
f 4065 4066 4061
f 9548 8709 8691
f 9548 8691 8710
f 4357 4355 4261
f 4251 4357 4261
f 4286 4357 4251
f 4251 4261 4250
f 4249 4251 4250
f 4254 4251 4249
f 4416 4286 4309
f 4286 4251 4254
f 3862 3860 3861
f 3862 3861 3859
f 3862 3859 3863
f 4286 4254 4309
f 8190 8211 8210
f 8190 8210 8187
f 8996 4271 4253
f 1345 1370 1372
f 1345 1372 1377
f 1345 1377 1368
f 1345 1368 1359
f 1345 1359 1348
f 8983 8985 8984
f 6221 6223 6224
f 6221 6224 6218
f 6221 6218 6219
f 6221 6219 6217
f 6221 6217 6216
f 6221 6216 6213
f 6221 6213 6204
f 6221 6204 6203
f 6221 6203 6211
f 6109 9006 8987
f 4306 4282 4283
f 4304 4282 4306
f 4270 4275 4276
f 4293 4304 4308
f 4232 4216 4194
f 4232 4194 4197
f 4232 4197 4195
f 4232 4195 4237
f 4232 4237 9737
f 1708 1741 1745
f 1708 1745 957
f 1708 957 1707
f 1708 1707 1705
f 6923 6927 6925
f 6923 6925 6922
f 6923 6922 6921
f 6923 6921 6924
f 4275 4278 4277
f 8980 8981 4279
f 1523 1525 1754
f 1523 1754 1753
f 1523 1753 1744
f 4276 4275 4277
f 9634 9626 9629
f 9634 9629 9656
f 9634 9656 9638
f 3034 4276 4277
f 10025 10033 9996
f 4279 3034 3054
f 8973 8974 6041
f 8978 8975 8986
f 8975 8973 6041
f 2658 2611 2610
f 2658 2610 2591
f 2658 2591 2631
f 2658 2631 2673
f 4331 4417 5926
f 4331 5926 4420
f 6040 8975 6039
f 6069 6102 6065
f 6039 6041 6038
f 5115 5287 5118
f 5115 5118 5116
f 3068 6043 3051
f 8292 8271 8266
f 8292 8266 8273
f 8292 8273 8286
f 10149 10196 10184
f 10149 10184 10249
f 10149 10249 10133
f 10149 10133 10138
f 10149 10138 10148
f 6591 6599 6610
f 6591 6610 6607
f 7747 7748 7987
f 7747 7987 7981
f 7747 7981 8020
f 7747 8020 8037
f 9233 9234 9238
f 9233 9238 9228
f 9233 9228 9229
f 4305 4300 4316
f 3952 3945 3934
f 3952 3934 3933
f 880 881 879
f 880 879 882
f 8200 5961 5960
f 8200 5960 8199
f 8408 8483 8448
f 8408 8448 8442
f 8408 8442 8466
f 8408 8466 8410
f 8408 8410 8407
f 8408 8407 8403
f 2420 2451 2450
f 2420 2450 2432
f 2420 2432 2421
f 2420 2421 2414
f 5004 5009 5001
f 5004 5001 4993
f 5004 4993 4999
f 5004 4999 5005
f 9329 9358 9867
f 9329 9867 9893
f 9329 9893 9328
f 4463 4458 4350
f 4463 4350 4395
f 6792 6769 6759
f 6792 6759 6761
f 6792 6761 6764
f 6792 6764 6767
f 4398 4394 4456
f 4398 4456 4457
f 5399 5395 5405
f 5399 5405 5404
f 3176 3173 3174
f 9306 9251 9277
f 9306 9277 9329
f 9291 9308 9312
f 9291 9312 9316
f 9291 9316 9293
f 4360 4368 4357
f 4360 4357 9004
f 4360 9004 9011
f 4360 9011 4411
f 5356 2374 2338
f 5356 2338 5357
f 2278 2282 2281
f 2280 2278 2281
f 5015 4897 4892
f 5015 4892 4949
f 5015 4949 4923
f 5015 4923 4940
f 5015 4940 5018
f 1618 1627 1626
f 1618 1626 1619
f 10346 10522 10352
f 10346 10352 10349
f 10346 10349 10347
f 10346 10347 10348
f 10346 10348 6662
f 10346 6662 6661
f 10346 6661 10356
f 10346 10356 10357
f 10346 10357 10412
f 10346 10412 10539
f 10346 10539 10345
f 2289 2281 2308
f 2290 2289 2308
f 6637 6640 7370
f 6637 7370 7315
f 6637 7315 7280
f 6637 7280 7364
f 6637 7364 7367
f 10203 10205 10199
f 10203 10199 10201
f 10203 10201 10202
f 10203 10202 10209
f 10203 10209 10219
f 6878 6877 6882
f 6878 6882 6884
f 6878 6884 6883
f 2290 2308 4817
f 4785 4808 4786
f 4786 4783 4778
f 4786 4778 4784
f 4786 4784 4785
f 7145 7153 7151
f 7145 7151 7140
f 4464 4477 4459
f 6169 6177 6168
f 6169 6168 6161
f 4464 4462 4466
f 4466 4506 4809
f 4466 4809 4807
f 4466 4807 4818
f 4466 4818 4464
f 4809 4506 4493
f 4464 4459 4462
f 5975 4910 4911
f 5975 4911 5964
f 2714 2713 2716
f 2714 2716 2739
f 2714 2739 2733
f 6902 6903 6892
f 6902 6892 6891
f 2287 2283 2318
f 2462 2461 2463
f 2462 2463 2471
f 2462 2471 2470
f 2462 2470 2468
f 2318 2283 2328
f 4816 4817 4813
f 226 225 264
f 226 264 263
f 8968 5810 5789
f 8968 5789 9107
f 4807 4813 4818
f 2492 5066 5063
f 2492 5063 2501
f 6527 6524 6532
f 6527 6532 6533
f 4466 4462 4463
f 9996 9901 9900
f 9996 9900 9962
f 7453 4726 4719
f 7453 4719 4737
f 3805 3758 3756
f 3805 3756 3761
f 3463 3464 3462
f 3463 3462 3461
f 5211 5311 5243
f 5211 5243 5310
f 5211 5310 5309
f 5211 5309 5308
f 5211 5308 5313
f 5211 5313 5260
f 8340 8345 8361
f 8340 8361 8353
f 8340 8353 8347
f 8340 8347 8346
f 3402 3375 3352
f 3439 3434 3572
f 3439 3572 3573
f 37 36 35
f 37 35 32
f 37 32 22
f 37 22 23
f 4766 4765 4746
f 4766 4746 4744
f 4766 4744 4747
f 4766 4747 4756
f 10478 10473 10477
f 10478 10477 10474
f 10478 10474 10483
f 10478 10483 10479
f 5152 5141 5157
f 5152 5157 5158
f 5985 4377 5980
f 5984 5983 3533
f 5986 5984 3095
f 3348 3445 3349
f 3617 143 8553
f 3617 8553 8552
f 3617 8552 3627
f 3351 3348 3350
f 3351 3095 3348
f 3088 3083 3095
f 8120 3548 3547
f 8120 3547 3546
f 8120 3546 3508
f 8120 3508 3409
f 8120 3409 3478
f 8120 3478 3510
f 8120 3510 3240
f 8120 3240 8119
f 3347 3352 3353
f 2365 2362 2342
f 2365 2342 2340
f 2365 2340 2360
f 7162 7160 7171
f 7162 7171 7170
f 4256 4253 4254
f 4256 4254 4249
f 4256 4249 4246
f 5495 2539 2529
f 5495 2529 5497
f 8153 3152 3155
f 8153 3155 8159
f 8153 8159 8151
f 8153 8151 8144
f 8153 8144 8146
f 8153 8146 8141
f 8153 8141 8140
f 3340 3342 3339
f 6160 6163 6147
f 6160 6147 6145
f 4389 4388 4397
f 4369 4364 4354
f 4369 4354 4365
f 4369 4365 4384
f 4369 4384 4385
f 4369 4385 4371
f 4369 4371 4370
f 4380 4370 4381
f 977 6246 6236
f 977 6236 970
f 977 970 969
f 977 969 973
f 977 973 974
f 4372 4369 4370
f 4376 4408 4373
f 4450 4470 4436
f 4450 4436 4442
f 4409 4408 4376
f 6228 6227 6219
f 6228 6219 6226
f 6228 6226 6239
f 6228 6239 6241
f 6228 6241 6240
f 6228 6240 6234
f 4376 4374 4377
f 9536 9535 9524
f 9536 9524 9520
f 9536 9520 9523
f 4405 4382 4389
f 4405 4389 4446
f 4405 4446 4470
f 4405 4470 4471
f 8149 8157 8162
f 8149 8162 6623
f 8149 6623 6619
f 8149 6619 8143
f 4376 4377 4378
f 5983 5981 3533
f 2147 2158 2159
f 2147 2159 2133
f 2147 2133 2118
f 4443 4430 4441
f 4443 4441 4127
f 6735 6790 6817
f 6735 6817 6791
f 6735 6791 6727
f 4469 4468 3445
f 4410 4378 4377
f 4469 3445 4471
f 5986 5985 5984
f 3095 3533 3445
f 5984 3533 3095
f 3081 5985 5986
f 3095 3445 3348
f 3079 3081 3083
f 3915 3940 3941
f 3915 3941 3943
f 3915 3943 3947
f 3915 3947 3930
f 3915 3930 3924
f 3094 3095 3351
f 3272 3263 3286
f 3272 3286 3289
f 3272 3289 3262
f 3272 3262 3257
f 3272 3257 3260
f 3272 3260 3301
f 3272 3301 3300
f 3272 3300 3297
f 3101 3094 3351
f 3414 3346 3340
f 4857 4842 4861
f 4857 4861 4916
f 2344 2343 2341
f 2344 2341 2345
f 5226 5232 5231
f 2622 2672 2763
f 2622 2763 2623
f 6857 6858 6856
f 6857 6856 6855
f 5024 6509 6453
f 5024 6453 6459
f 5024 6459 6505
f 2929 2944 2921
f 2929 2921 2911
f 2275 4087 2317
f 724 705 704
f 5398 5393 5392
f 5398 5392 5403
f 2415 2416 2406
f 2415 2406 2403
f 3267 3257 3262
f 3446 3442 3290
f 3446 3290 3288
f 3446 3288 3287
f 10082 10089 10078
f 10082 10078 10058
f 10082 10058 10067
f 10082 10067 10045
f 10082 10045 10046
f 5484 5497 5485
f 5484 5485 5474
f 4089 4092 4090
f 1687 1244 1095
f 1687 1095 1094
f 1687 1094 1084
f 1687 1084 1261
f 1687 1261 1683
f 4090 4092 4093
f 2051 2041 2050
f 2051 2050 1829
f 2051 1829 1831
f 2051 1831 1835
f 2051 1835 9665
f 2051 9665 9668
f 2051 9668 9669
f 2051 9669 9670
f 5815 5816 5818
f 5815 5818 5819
f 5570 5567 5559
f 975 978 979
f 975 979 976
f 975 976 974
f 10232 10247 10265
f 10232 10265 10227
f 10232 10227 10193
f 4658 4655 4651
f 4658 4651 4653
f 4658 4653 4639
f 9278 9252 9241
f 9278 9241 9253
f 9278 9253 9266
f 4187 4175 4162
f 4187 4162 4188
f 4187 4188 4208
f 4187 4208 4207
f 10187 10185 10191
f 10250 10245 10233
f 10250 10233 10223
f 10250 10223 10225
f 10250 10225 10234
f 10250 10234 10178
f 9056 9067 9058
f 1042 1044 1047
f 1042 1047 1048
f 1042 1048 1045
f 1042 1045 1041
f 1042 1041 1040
f 7402 7398 7390
f 7402 7390 7401
f 8938 8939 8106
f 8938 8106 8107
f 2972 3017 3033
f 2972 3033 3032
f 2972 3032 3005
f 8853 8945 8874
f 8853 8874 8854
f 2412 2399 2398
f 2412 2398 2418
f 6033 3068 6042
f 3023 3030 3026
f 3015 3023 3022
f 3015 3030 3023
f 3022 3024 3025
f 9119 9117 9121
f 9119 9121 9120
f 3006 2999 3051
f 3006 3051 3074
f 647 639 631
f 647 631 635
f 647 635 640
f 4303 4299 4302
f 3062 3069 3063
f 3060 3063 3064
f 257 249 255
f 257 255 2063
f 257 2063 7596
f 257 7596 7804
f 3029 3049 3028
f 3023 3026 3024
f 3024 3027 3025
f 3031 3028 3053
f 4831 4833 4835
f 4831 4835 4834
f 4831 4834 4832
f 4831 4832 4836
f 4831 4836 4837
f 4831 4837 4838
f 4831 4838 4825
f 4831 4825 4827
f 4831 4827 4826
f 4831 4826 4824
f 4831 4824 4839
f 4831 4839 4828
f 4831 4828 4830
f 4831 4830 4829
f 3069 3070 3064
f 3063 3069 3064
f 4314 4305 4318
f 4300 4303 4316
f 4314 4318 4311
f 4314 4311 4317
f 4314 4317 4315
f 4314 4315 4313
f 10510 10507 10509
f 10510 10509 10568
f 10510 10568 10461
f 10510 10461 10462
f 7048 7045 5324
f 7048 5324 7049
f 3071 3064 3082
f 4298 4300 4305
f 4298 4297 4300
f 5057 5050 5080
f 5057 5080 5084
f 4296 4298 3029
f 3026 4296 3029
f 3022 3023 3024
f 7994 7993 7984
f 7994 7984 7969
f 7994 7969 7972
f 1315 1312 1322
f 1315 1322 1316
f 5355 5353 5359
f 5355 5359 2399
f 5355 2399 5367
f 9071 9075 9074
f 8412 8401 8328
f 8412 8328 8371
f 8412 8371 8417
f 8412 8417 8419
f 9053 9085 9071
f 8139 8168 8156
f 8139 8156 8140
f 8139 8140 8136
f 8139 8136 8134
f 9079 9078 9080
f 6817 6805 6806
f 6817 6806 6812
f 6817 6812 6822
f 10351 10353 10355
f 10351 10355 6734
f 4821 4812 4789
f 9048 9056 9052
f 9048 9052 9047
f 10515 10419 6794
f 10515 6794 6793
f 10515 6793 6787
f 9880 9886 9885
f 9880 9885 9881
f 9880 9881 9378
f 9880 9378 9338
f 9880 9338 9376
f 9880 9376 9876
f 7327 3520 3525
f 7327 3525 7329
f 4594 4590 4587
f 4594 4587 4593
f 4594 4593 4611
f 4594 4611 4608
f 4594 4608 4600
f 5592 5582 5574
f 5592 5574 5589
f 5592 5589 5586
f 5592 5586 5599
f 6226 6225 6247
f 6226 6247 6239
f 10490 10481 10482
f 4775 4779 4774
f 4771 4801 4800
f 2724 2711 2710
f 2724 2710 2709
f 2724 2709 2708
f 2724 2708 2721
f 2724 2721 2723
f 6210 6208 6207
f 6210 6207 6209
f 10153 10148 10147
f 10153 10147 10156
f 10153 10156 10157
f 6370 6305 6309
f 6370 6309 6366
f 6370 6366 2946
f 1439 1437 1443
f 1439 1443 1444
f 1439 1444 1441
f 2726 2727 8658
f 2726 8658 8653
f 2726 8653 8654
f 2726 8654 8647
f 2726 8647 8651
f 4293 3037 3036
f 4293 3036 4292
f 4744 4746 4745
f 9973 9339 9371
f 9973 9371 9972
f 63 65 169
f 63 169 165
f 4781 4771 4800
f 3057 3060 3064
f 3057 3064 3071
f 3057 3071 3061
f 378 408 407
f 378 407 383
f 378 383 357
f 2692 2690 2689
f 2692 2689 2702
f 2692 2702 2706
f 2692 2706 2693
f 2692 2693 2655
f 2692 2655 2691
f 4765 4767 4746
f 8203 8195 8198
f 8203 8198 8204
f 4746 4768 4745
f 479 468 469
f 479 469 472
f 479 472 474
f 479 474 477
f 479 477 480
f 4769 4771 4781
f 8167 8161 8158
f 8167 8158 8164
f 8167 8164 5275
f 4750 4748 4753
f 9778 9775 4221
f 9778 4221 4220
f 2513 2504 2487
f 2513 2487 2495
f 4750 4753 4759
f 4750 4759 4763
f 4750 4763 4752
f 4894 4880 4899
f 2745 5572 2736
f 2745 2736 2687
f 2745 2687 2703
f 4534 4535 4511
f 7081 7066 7070
f 7081 7070 7071
f 7081 7071 7082
f 7081 7082 6695
f 7081 6695 6700
f 7081 6700 6711
f 7081 6711 7084
f 9381 9960 9845
f 9381 9845 9829
f 4514 4518 4517
f 4514 4517 4516
f 4514 4516 4515
f 4511 4535 4523
f 9090 9097 9101
f 9101 9100 9106
f 2470 2502 5077
f 2470 5077 5073
f 7818 2837 2843
f 7818 2843 2834
f 7818 2834 7821
f 7818 7821 7788
f 7818 7788 7790
f 7818 7790 7791
f 8550 8670 8683
f 9100 9089 4543
f 9119 9120 9122
f 9119 9122 9165
f 9119 9165 9164
f 9119 9164 9137
f 9119 9137 9123
f 9119 9123 9128
f 9119 9128 9127
f 9119 9127 9138
f 9119 9138 9150
f 9119 9150 9151
f 9119 9151 9129
f 9119 9129 9130
f 9891 9903 9906
f 9891 9906 9887
f 5029 5067 5061
f 5029 5061 5068
f 4537 4540 5071
f 4518 4514 4520
f 4541 9106 4528
f 2715 2719 2730
f 2715 2730 2716
f 2715 2716 2713
f 4523 4530 4520
f 4542 4543 4540
f 7718 7815 7751
f 7718 7751 7717
f 9100 4543 4542
f 1497 1496 1491
f 1497 1491 1494
f 9952 9927 9911
f 9952 9911 9922
f 9064 9055 9068
f 7119 7118 7115
f 7119 7115 7104
f 7119 7104 7106
f 7119 7106 7117
f 9100 9096 9089
f 3774 3800 3777
f 4755 4749 4751
f 7053 7072 7052
f 7053 7052 7047
f 7088 6721 7096
f 7088 7096 7095
f 7088 7095 7097
f 7088 7097 7100
f 7088 7100 7101
f 7088 7101 7089
f 3406 3403 3136
f 1793 1794 1803
f 1793 1803 1805
f 1793 1805 1796
f 4754 4773 4782
f 4754 4782 4748
f 4754 4748 4745
f 7626 7615 7613
f 7626 7613 7624
f 7626 7624 7625
f 7626 7625 7627
f 9766 9765 9767
f 9766 9767 9768
f 5517 5515 5511
f 5517 5511 5513
f 5517 5513 5518
f 7584 7587 7586
f 5916 5907 5896
f 7586 7666 7595
f 7595 7666 9029
f 7591 7586 7595
f 9028 9029 9030
f 7655 7595 9029
f 9030 5920 5922
f 5922 5920 5894
f 7820 9029 9028
f 7820 7655 9029
f 3904 3953 3969
f 3904 3969 3901
f 3904 3901 3898
f 7820 9028 9026
f 9027 9028 9030
f 9027 9030 5922
f 4137 6534 6536
f 4137 6536 4134
f 7586 7587 7666
f 7666 5928 5931
f 5765 5864 5764
f 5765 5764 5859
f 5765 5859 5860
f 5765 5860 5840
f 5765 5840 5858
f 2650 2647 2648
f 2650 2648 2649
f 2650 2649 2652
f 2650 2652 2651
f 5894 5887 5895
f 266 265 411
f 266 411 279
f 9269 9255 9258
f 10360 10343 10359
f 8846 8840 8884
f 8846 8884 8872
f 7844 7838 7836
f 7844 7836 7835
f 7844 7835 7846
f 10304 10415 10414
f 5862 5860 5861
f 5862 5861 5863
f 7136 7150 7156
f 7136 7156 7137
f 2450 2451 2516
f 2516 2451 2509
f 9235 9248 9256
f 9235 9256 9262
f 9235 9262 9265
f 9235 9265 9250
f 9235 9250 9247
f 9235 9247 9226
f 9235 9226 9224
f 2339 2335 2334
f 2339 2334 2332
f 2339 2332 2333
f 3465 3322 3323
f 3465 3323 3458
f 3465 3458 3460
f 5436 5494 2538
f 5436 2538 5498
f 2514 2450 2516
f 7026 5111 5110
f 7026 5110 7021
f 1684 1246 1189
f 1684 1189 1257
f 2514 2517 2425
f 2514 2425 2433
f 2514 2433 2432
f 2514 2432 2450
f 2425 2411 2433
f 6260 6259 6261
f 6260 6261 6262
f 3061 3077 3076
f 3061 3076 3046
f 2420 2413 2426
f 2409 2414 2421
f 2718 2720 2719
f 2718 2719 2715
f 2272 2278 2279
f 10495 2754 6113
f 10495 6113 6116
f 10495 6116 6114
f 6822 6812 6874
f 6822 6874 6875
f 6822 6875 7036
f 931 929 1367
f 931 1367 956
f 5394 5391 5393
f 1238 1286 1284
f 1238 1284 1280
f 1238 1280 1274
f 1238 1274 1251
f 1238 1251 1206
f 1238 1206 1172
f 1238 1172 1151
f 3726 3729 3721
f 3726 3721 3722
f 7626 7629 7615
f 3679 3680 3672
f 3679 3672 3669
f 3679 3669 3653
f 3076 3099 3075
f 773 789 786
f 773 786 776
f 5850 9439 5871
f 5850 5871 5852
f 4899 4836 4855
f 4899 4855 4900
f 392 376 375
f 392 375 396
f 392 396 399
f 392 399 504
f 392 504 505
f 122 675 57
f 122 57 120
f 1864 1870 1865
f 1864 1865 1862
f 1864 1862 1863
f 1864 1863 1866
f 10343 10411 10410
f 10343 10410 10576
f 10343 10576 10346
f 10343 10346 10344
f 10343 10344 10539
f 10343 10539 10359
f 992 994 995
f 992 995 993
f 9130 9132 9152
f 9130 9152 9169
f 9130 9169 9126
f 3432 3513 3483
f 3432 3483 3529
f 3432 3529 3505
f 3432 3505 3550
f 3432 3550 3551
f 10388 8947 8950
f 829 858 116
f 829 116 96
f 829 96 85
f 829 85 83
f 829 83 81
f 829 81 92
f 829 92 850
f 829 850 849
f 829 849 824
f 10282 10247 10232
f 10282 10232 10281
f 4642 4635 4638
f 4642 4638 4643
f 9239 9240 9236
f 9239 9236 9231
f 9239 9231 9230
f 9239 9230 9227
f 9239 9227 9223
f 9239 9223 9222
f 9239 9222 9221
f 932 913 911
f 932 911 930
f 932 930 944
f 932 944 945
f 5000 4950 5010
f 5000 5010 5013
f 2623 2621 2622
f 2624 2621 2627
f 2627 2621 2623
f 8006 7269 7270
f 8006 7270 8008
f 2795 2627 2793
f 2754 2624 2627
f 2754 2627 2795
f 6113 2754 2795
f 2999 3004 3020
f 2999 3020 3043
f 2999 3043 3045
f 2999 3045 3051
f 10268 10272 10231
f 10268 10231 10229
f 10268 10229 10271
f 6317 6324 6352
f 6317 6352 6316
f 7618 7601 7577
f 7618 7577 7623
f 7618 7623 7622
f 4697 4712 7466
f 4697 7466 4701
f 8112 3237 3236
f 8112 3236 3239
f 6048 6049 6047
f 6048 6047 6026
f 6048 6026 6046
f 6048 6046 6045
f 9637 9638 9639
f 9637 9639 9640
f 9637 9640 9644
f 9637 9644 9648
f 9637 9648 9658
f 9637 9658 9482
f 9881 9884 9883
f 9881 9883 9882
f 2464 2465 2460
f 2464 2460 2462
f 2464 2462 2467
f 9575 9580 9573
f 9575 9573 9560
f 9575 9560 9514
f 9575 9514 9579
f 4194 4216 4179
f 4194 4179 4193
f 9062 4401 4402
f 9062 4402 9070
f 2384 2378 2376
f 9582 8729 8730
f 4968 4959 4962
f 4968 4962 5007
f 4968 5007 4999
f 4968 4999 4997
f 4999 4978 4977
f 4999 4977 4974
f 4999 4974 4994
f 4999 4994 4997
f 3352 3357 3353
f 3468 3470 3469
f 3468 3469 3466
f 3357 3376 3381
f 3357 3381 3482
f 3347 3353 3415
f 3419 3347 3415
f 3557 3419 3415
f 3575 3574 3573
f 3575 3573 3557
f 746 751 753
f 746 753 749
f 746 749 745
f 5664 5714 5717
f 5664 5717 5679
f 8470 8459 8468
f 8470 8468 8517
f 8470 8517 8518
f 8470 8518 3941
f 8470 3941 3976
f 3312 3307 3336
f 3312 3336 3344
f 3312 3344 3345
f 3312 3345 3421
f 3312 3421 3564
f 7246 7238 7241
f 7246 7241 7248
f 7246 7248 7267
f 3337 3344 3336
f 4502 4503 4504
f 4502 4504 4496
f 4502 4496 4495
f 3743 3751 3768
f 3743 3768 3815
f 3743 3815 3788
f 3743 3788 3783
f 3743 3783 3780
f 3743 3780 3781
f 3743 3781 3802
f 3743 3802 3754
f 4432 4424 4425
f 4433 4434 4432
f 4442 4432 3485
f 3379 3485 4432
f 3485 3379 3377
f 9320 9331 9332
f 9335 9350 9373
f 5695 6129 6127
f 5695 6127 6126
f 5695 6126 5688
f 5695 5688 5694
f 3834 669 659
f 3834 659 667
f 9373 9381 9829
f 9829 9845 9843
f 526 532 520
f 526 520 515
f 7372 6657 6654
f 4433 4445 4489
f 4433 4489 4488
f 4433 4488 4434
f 8414 8416 8415
f 8414 8415 8413
f 3379 4432 3391
f 1140 1168 1156
f 9085 9082 9075
f 9085 9075 9071
f 3391 3390 3379
f 9177 9176 9175
f 9177 9175 9179
f 9177 9179 9178
f 3524 3525 3390
f 7327 7328 7325
f 5899 5900 5905
f 5899 5905 5893
f 5899 5893 5885
f 7339 7341 7342
f 7339 7342 7340
f 7339 7340 7338
f 9830 9839 9838
f 9845 9960 9959
f 9845 9959 9908
f 9845 9908 9843
f 6040 6037 6036
f 6040 6036 6065
f 3808 3811 657
f 3808 657 3803
f 3808 3803 3799
f 9844 9943 9935
f 3676 3652 3638
f 3676 3638 3637
f 3676 3637 3649
f 9943 9908 9959
f 2980 2975 2981
f 1413 1406 1583
f 1413 1583 1581
f 1413 1581 1582
f 1413 1582 1415
f 4476 4480 4445
f 4525 9988 10002
f 4483 4525 4482
f 7521 7520 7499
f 7521 7499 7501
f 7521 7501 7502
f 7521 7502 7500
f 2465 2464 2476
f 2465 2476 2484
f 2465 2484 2480
f 2465 2480 2474
f 4480 4482 4485
f 4480 4485 4505
f 4525 10002 4490
f 10002 10004 10005
f 4505 4490 4524
f 5938 5943 5942
f 5938 5942 5941
f 7334 4505 7335
f 10005 10008 7379
f 4524 7379 7378
f 3493 3428 3424
f 3493 3424 3501
f 3493 3501 3528
f 3493 3528 3497
f 7366 7335 7376
f 1009 1008 1011
f 1009 1011 1010
f 8350 8367 8379
f 8350 8379 8356
f 8350 8356 8351
f 4443 4444 4431
f 4236 4484 4206
f 4473 4475 4472
f 4443 4448 4444
f 6418 6400 6401
f 6418 6401 6423
f 230 237 179
f 230 179 202
f 230 202 183
f 5425 5422 5413
f 5425 5413 5419
f 5425 5419 5426
f 4474 4476 4445
f 9960 9377 10003
f 4483 4482 4474
f 9960 9348 9377
f 9960 10003 9959
f 7336 7338 7333
f 7365 7374 7375
f 9824 9825 9826
f 7917 7918 7974
f 7917 7974 7957
f 6211 6203 6212
f 6211 6212 6215
f 9313 9328 9303
f 9313 9303 9276
f 2110 2097 2095
f 2110 2095 2205
f 9830 9831 9839
f 6009 8818 8817
f 6009 8817 8819
f 4226 4225 4219
f 3674 3693 3695
f 3674 3695 3688
f 1194 1198 1106
f 1194 1106 1132
f 7321 7320 3456
f 7321 3456 3386
f 4431 4426 4430
f 8753 8764 8726
f 4426 4431 4429
f 4199 4473 4152
f 4152 4447 4127
f 2965 2964 3040
f 2965 3040 3013
f 4429 4431 4433
f 9835 9838 4227
f 9834 4227 4225
f 7695 7680 7684
f 7695 7684 7750
f 4228 4236 4206
f 6284 6229 6227
f 6284 6227 6228
f 8062 8011 8003
f 4662 4664 4663
f 4662 4663 4661
f 3300 3301 3302
f 3300 3302 3412
f 3300 3412 3409
f 3300 3409 3411
f 3300 3411 3420
f 3300 3420 3331
f 3300 3331 3304
f 4452 4451 4438
f 4452 4438 4435
f 4452 4435 4449
f 4452 4449 4398
f 4452 4398 4457
f 3379 3390 3378
f 3416 3380 3395
f 3395 3380 3383
f 3452 3416 3395
f 3395 3383 3396
f 6838 6835 6834
f 6838 6834 6833
f 6838 6833 6839
f 6838 6839 6840
f 6838 6840 6832
f 5180 8179 8176
f 5180 8176 5181
f 3395 3396 3429
f 3381 3380 3416
f 3381 3416 3482
f 3532 3482 3416
f 3439 3452 3392
f 2439 2418 2416
f 6236 6212 6203
f 6236 6203 6201
f 6236 6201 6206
f 2525 2439 2536
f 4050 4048 4042
f 4050 4042 4032
f 4050 4032 4008
f 4050 4008 4033
f 4050 4033 4045
f 4050 4045 4046
f 7105 7106 7104
f 7105 7104 7107
f 7105 7107 7108
f 7730 7802 7813
f 7730 7813 7745
f 3764 3828 3829
f 3764 3829 3765
f 694 715 698
f 694 698 654
f 2439 2416 2415
f 2526 2439 2415
f 2415 2403 2405
f 8595 8592 8181
f 8595 8181 8177
f 8595 8177 8174
f 8595 8174 8169
f 3779 3810 3849
f 3779 3849 3826
f 3779 3826 3827
f 3779 3827 3812
f 3779 3812 3852
f 3779 3852 3819
f 3779 3819 3836
f 3779 3836 3787
f 3779 3787 3773
f 47 41 44
f 5363 5343 5342
f 5363 5342 5341
f 5363 5341 5346
f 5363 5346 5345
f 5363 5345 5344
f 98 36 37
f 98 37 99
f 1029 1030 1039
f 1029 1039 1033
f 6248 6254 6381
f 6248 6381 6269
f 5916 5921 5907
f 89 117 61
f 89 61 50
f 89 50 52
f 3546 3545 3453
f 3546 3453 3508
f 331 330 321
f 331 321 335
f 331 335 336
f 331 336 332
f 2526 2415 2437
f 4730 4739 4743
f 8597 8598 8596
f 8597 8596 166
f 2437 2415 2405
f 6769 6792 6770
f 6769 6770 6779
f 6769 6779 6722
f 6769 6722 6778
f 6769 6778 6751
f 6769 6751 6748
f 6769 6748 6754
f 6769 6754 6753
f 6769 6753 6742
f 6769 6742 6757
f 351 349 741
f 351 741 740
f 351 740 723
f 351 723 742
f 351 742 361
f 351 361 363
f 4743 7875 7587
f 7583 4743 7587
f 7583 7587 7584
f 5928 5921 5916
f 6773 6770 6767
f 6773 6767 6766
f 6773 6766 6774
f 5358 5357 2372
f 5711 5723 5732
f 5711 5732 5737
f 5711 5737 5735
f 5711 5735 5718
f 5711 5718 5712
f 5711 5712 5710
f 5711 5710 5707
f 1906 1886 1881
f 1906 1881 1892
f 1906 1892 1900
f 1906 1900 1901
f 2397 2372 2396
f 10306 10305 10311
f 10306 10311 10307
f 9097 9096 9100
f 9097 9100 9101
f 7645 7557 7554
f 7645 7554 422
f 7645 422 423
f 7645 423 425
f 3050 3017 3013
f 3050 3013 3040
f 4818 4813 4817
f 4818 4817 4464
f 5244 3217 5322
f 5479 5476 5461
f 5479 5461 5460
f 7594 7590 7588
f 7594 7588 7591
f 7594 7591 7595
f 7594 7595 7655
f 7594 7655 7639
f 7594 7639 7627
f 7594 7627 7625
f 3760 3754 3802
f 3760 3802 3785
f 3760 3785 3771
f 7126 7119 7117
f 7126 7117 7129
f 4633 4635 4634
f 10496 2775 10494
f 7846 7858 7859
f 7846 7859 7866
f 7846 7866 2835
f 7846 2835 7845
f 7846 7845 7844
f 2774 2604 2773
f 2776 2665 2668
f 2102 2100 2107
f 2102 2107 2108
f 7528 7510 7511
f 7528 7511 7513
f 7528 7513 7515
f 7528 7515 7516
f 7528 7516 7527
f 7528 7527 7531
f 6114 6116 6098
f 9340 9341 9343
f 9340 9343 9342
f 9340 9342 9344
f 9340 9344 9345
f 338 345 342
f 5564 5576 5566
f 5564 5566 5575
f 5564 5575 5553
f 2177 2176 2194
f 2313 2177 2194
f 2313 2194 2427
f 2269 2275 2277
f 9237 9235 9224
f 9237 9224 9223
f 3826 4646 4667
f 3826 4667 3827
f 3623 3585 3582
f 3623 3582 3608
f 2254 2262 2253
f 2254 2253 2248
f 2254 2248 2257
f 10027 9998 10023
f 10027 10023 6518
f 4773 4781 4800
f 4773 4800 4793
f 4773 4793 4782
f 7891 7893 8622
f 7891 8622 8626
f 7891 8626 7905
f 2554 2309 2319
f 2554 2319 2322
f 2554 2322 2555
f 9239 9221 9220
f 9239 9220 9254
f 4409 4412 4317
f 4409 4317 4312
f 4409 4312 4320
f 4409 4320 4418
f 7315 7281 7280
f 8499 2648 2653
f 8499 2653 8496
f 2897 2883 2892
f 2897 2892 2898
f 2897 2898 2911
f 2897 2911 2909
f 2838 2784 2785
f 2838 2785 2839
f 2838 2839 2845
f 4774 4770 4772
f 4774 4772 4776
f 4774 4776 4775
f 9018 9017 7659
f 9018 7659 9020
f 7185 5966 7188
f 7185 7188 7186
f 10164 10150 10144
f 10164 10144 10163
f 5253 5190 5219
f 5253 5219 5260
f 7368 7346 7344
f 7368 7344 7341
f 7368 7341 7339
f 7368 7339 7365
f 7210 7202 7208
f 7210 7208 7217
f 7210 7217 9389
f 7210 9389 9390
f 7353 7346 7363
f 7276 7273 7388
f 7276 7388 7279
f 6049 6051 6061
f 6049 6061 6069
f 6049 6069 6065
f 6049 6065 6036
f 6645 6643 7369
f 5834 5835 5838
f 7350 7340 7348
f 7351 7350 7324
f 7324 7349 7323
f 7340 7342 7343
f 7051 7064 7043
f 7051 7043 7042
f 7051 7042 7046
f 4374 4376 4373
f 4374 4373 4372
f 9369 9373 9829
f 9369 9829 9825
f 3921 3926 3927
f 3921 3927 3923
f 3921 3923 3919
f 34 38 55
f 34 55 29
f 34 29 30
f 7539 7631 7632
f 7539 7632 7530
f 7539 7530 7502
f 7539 7502 7504
f 7539 7504 7505
f 7386 7273 7284
f 7284 7288 7384
f 7284 7384 7386
f 7272 7364 7280
f 7276 7278 7275
f 535 362 294
f 535 294 296
f 535 296 738
f 2431 2441 2442
f 2431 2442 2424
f 2948 1507 6200
f 2948 6200 6208
f 2948 6208 6210
f 7279 7278 7276
f 8888 8886 8588
f 8888 8588 8885
f 8888 8885 8590
f 8888 8590 8889
f 8888 8889 8890
f 6635 6633 6634
f 3772 3778 3779
f 3772 3779 3773
f 3772 3773 3775
f 7388 7273 7386
f 3382 3386 3387
f 3382 3387 3384
f 3389 3443 3386
f 10474 10471 10596
f 10474 10596 10464
f 10474 10464 10465
f 10474 10465 10475
f 5502 5439 5440
f 5502 5440 5507
f 3394 3393 3513
f 3386 3443 7321
f 3863 3859 3870
f 3863 3870 3876
f 3522 3477 3474
f 3522 3474 3476
f 2872 2881 2892
f 2872 2892 2883
f 6643 6645 6652
f 6643 6652 7372
f 6643 7372 6647
f 6643 6647 6644
f 6643 6644 6635
f 6105 6107 6069
f 6105 6069 6067
f 3094 3101 3098
f 3094 3098 3100
f 4529 4527 4522
f 4529 4522 4521
f 4529 4521 4537
f 5373 5374 6345
f 5373 6345 6348
f 5395 5402 5405
f 3752 3744 3756
f 3752 3756 3758
f 3752 3758 3770
f 3752 3770 3816
f 3752 3816 3767
f 5465 5462 5469
f 5471 5466 5464
f 5405 5466 5471
f 6564 6556 6557
f 6564 6557 6606
f 6564 6606 6600
f 10117 10118 10111
f 10117 10111 10103
f 10117 10103 10105
f 10117 10105 10122
f 6046 6026 5999
f 6046 5999 6052
f 5466 5456 5464
f 5469 5476 5483
f 5464 5465 5473
f 5478 5469 5483
f 8523 8528 8526
f 8523 8526 8508
f 8523 8508 8501
f 8787 10054 8775
f 8787 8775 8770
f 2937 2945 6363
f 2937 6363 5381
f 5670 5681 5675
f 5670 5675 5665
f 3114 3107 3111
f 3114 3111 3113
f 3114 3113 3116
f 3114 3116 3117
f 5029 5033 5025
f 8474 3681 3625
f 8474 3625 8529
f 707 619 610
f 707 610 608
f 707 608 609
f 707 609 611
f 707 611 712
f 8026 7797 8034
f 8026 8034 8028
f 2992 3019 2995
f 2992 2995 2994
f 5477 5473 9082
f 8462 3706 8463
f 8462 8463 8458
f 9081 9103 9087
f 9087 5090 9091
f 9076 9081 9087
f 9091 5090 5079
f 9091 5079 5084
f 5079 5057 5084
f 9077 9091 9083
f 6848 6788 6762
f 6848 6762 6760
f 6848 6760 6743
f 6848 6743 6825
f 6848 6825 6783
f 6848 6783 6826
f 6323 6327 6364
f 6323 6364 6365
f 6323 6365 6353
f 6323 6353 6318
f 9094 5084 5080
f 5065 2515 5062
f 5377 2412 2521
f 5377 2521 5388
f 2488 4799 2503
f 2488 2503 2489
f 5045 5050 5057
f 5045 5057 5047
f 5031 5044 5046
f 5055 5047 5075
f 5475 5468 5467
f 5475 5467 5474
f 5045 5043 5042
f 5478 9103 9081
f 5075 5047 5057
f 5079 5075 5057
f 9087 9103 5090
f 1225 1214 1216
f 1225 1216 1220
f 1225 1220 1221
f 1225 1221 1222
f 1225 1222 1223
f 1225 1223 1228
f 3952 3949 3932
f 3952 3932 3925
f 3952 3925 3945
f 9094 5080 9104
f 9084 9094 9104
f 10539 10344 10345
f 2443 2444 4821
f 8886 8583 8586
f 8886 8586 8588
f 5099 5098 5095
f 5099 5095 5097
f 5099 5097 5096
f 5099 5096 5100
f 5099 5100 5135
f 5099 5135 5161
f 5099 5161 7037
f 5099 7037 7039
f 5099 7039 7040
f 5099 7040 5129
f 5099 5129 5130
f 5099 5130 5132
f 5099 5132 5133
f 5099 5133 5131
f 2444 2443 2446
f 2444 2446 2447
f 2444 2447 2445
f 2482 4806 4796
f 7199 7198 7203
f 7199 7203 4948
f 4806 4795 4766
f 5194 5204 5207
f 5194 5207 5195
f 5963 5953 5955
f 5963 5955 5966
f 5963 5966 5969
f 4554 4551 4555
f 4554 4555 4556
f 4554 4556 4560
f 440 454 466
f 440 466 439
f 440 439 408
f 5066 2473 2500
f 2463 2461 2466
f 5073 2500 2470
f 3749 3741 3747
f 3749 3747 3737
f 3749 3737 3738
f 931 956 953
f 931 953 930
f 7979 8009 7988
f 2471 2463 2489
f 2982 2963 2962
f 2982 2962 2983
f 7938 8613 7915
f 7938 7915 7927
f 7938 7927 7930
f 7233 7235 7236
f 7233 7236 8706
f 5082 2508 4823
f 5276 5257 5267
f 5276 5267 5279
f 5060 5037 5038
f 5060 5038 5027
f 5060 5027 5059
f 5060 5059 5064
f 5034 5027 5038
f 2497 2493 2448
f 2497 2448 2490
f 2497 2490 2485
f 2497 2485 2483
f 7258 7265 8061
f 7258 8061 7271
f 4761 4758 4763
f 3275 3298 3293
f 9810 9850 4223
f 9810 4223 4232
f 5041 5039 5040
f 5071 5052 4537
f 4235 9792 9772
f 4235 9772 9774
f 2472 2467 2469
f 5521 4039 4029
f 5521 4029 4000
f 5521 4000 5523
f 3448 3369 3400
f 3448 3400 3426
f 3448 3426 3442
f 3448 3442 3446
f 5063 5066 5064
f 8006 8008 8023
f 8006 8023 8010
f 8006 8010 8007
f 8006 8007 8005
f 5069 2500 5073
f 2466 2481 2488
f 5058 5069 5073
f 2770 2769 2815
f 2770 2815 2819
f 2770 2819 2680
f 213 71 274
f 213 274 256
f 213 256 243
f 213 243 207
f 6706 6707 6708
f 6706 6708 6705
f 5078 2508 5082
f 3358 5612 3488
f 3358 3488 3519
f 3358 3519 3326
f 3358 3326 3321
f 7887 199 7896
f 7887 7896 7889
f 4798 4762 4810
f 4760 4761 4762
f 1811 1493 1466
f 1811 1466 1478
f 7845 2827 2841
f 7845 2841 7841
f 5039 5036 5040
f 4761 4763 4764
f 1556 1553 1563
f 8509 8524 8537
f 8509 8537 8544
f 5041 5040 5048
f 4540 5076 5071
f 5076 5048 5071
f 4543 5076 4540
f 2547 2228 2231
f 2547 2231 2237
f 2547 2237 2260
f 2547 2260 10293
f 9104 5080 5083
f 9084 9104 9089
f 5668 5838 5835
f 5668 5835 5727
f 5668 5727 5726
f 5668 5726 5728
f 617 643 616
f 617 616 613
f 417 385 380
f 417 380 409
f 4761 4760 4758
f 9568 9574 2920
f 9568 2920 9571
f 9568 9571 9570
f 9568 9570 9533
f 4317 4412 3062
f 4317 3062 4315
f 2323 2307 2282
f 2323 2282 2306
f 2323 2306 4487
f 9946 9947 9981
f 9946 9981 9963
f 9946 9963 9991
f 8600 8599 31
f 8600 31 20
f 8601 8609 8610
f 8601 8610 8607
f 8601 8607 8604
f 2452 2442 2447
f 2494 2440 2435
f 5334 5332 5336
f 5334 5336 5335
f 5334 5335 5203
f 5334 5203 5189
f 5334 5189 5190
f 2494 2448 2493
f 3439 3392 3355
f 3439 3355 3434
f 261 251 242
f 261 242 252
f 3052 3016 3000
f 3052 3000 3002
f 3052 3002 3048
f 8405 8391 8397
f 8405 8397 8396
f 4125 4129 4147
f 4125 4147 4162
f 4125 4162 4175
f 5516 5515 5517
f 5516 5517 5528
f 5516 5528 5522
f 2331 2330 2301
f 2423 2331 2422
f 10523 10558 10524
f 10523 10524 10518
f 10523 10518 10373
f 10523 10373 10374
f 10523 10374 10330
f 10523 10330 10316
f 10523 10316 10580
f 10523 10580 10304
f 10523 10304 10414
f 10523 10414 10581
f 10523 10581 6794
f 10523 6794 10419
f 7716 7739 7755
f 7716 7755 7718
f 2310 2294 2311
f 2312 2293 2301
f 2331 2301 2314
f 2435 2422 2434
f 912 932 942
f 912 942 923
f 7968 7817 2842
f 7968 2842 7953
f 2304 2288 2325
f 2288 2287 2325
f 5850 5852 5851
f 5850 5851 5849
f 2372 2339 2357
f 2339 2333 2357
f 4025 4009 4003
f 4025 4003 4004
f 4025 4004 4008
f 4025 4008 4032
f 3521 3490 3494
f 3521 3494 3495
f 2348 2553 2322
f 6431 6430 6420
f 6431 6420 6415
f 6431 6415 6425
f 2553 2555 2322
f 8812 8595 8169
f 8812 8169 8168
f 6035 6027 6025
f 6035 6025 6021
f 6035 6021 6024
f 6035 6024 6047
f 6035 6047 6049
f 2495 2487 2478
f 2507 2505 2522
f 2267 2265 2262
f 2495 2496 2512
f 2529 2539 2524
f 2528 2513 2518
f 2074 2069 2067
f 2074 2067 4988
f 2512 2515 2533
f 7250 7268 8004
f 7250 8004 8001
f 7250 8001 7982
f 7250 7982 7264
f 7355 7369 6643
f 7355 6643 6639
f 5086 5094 2544
f 5094 5086 5088
f 5485 5094 5491
f 5474 5485 5475
f 3097 3098 3101
f 3097 3101 3531
f 3823 3842 3855
f 3823 3855 3846
f 5475 5485 5491
f 4601 4602 4610
f 4601 4610 4625
f 4601 4625 4620
f 5481 5491 5091
f 5459 5468 5460
f 3012 3007 2976
f 3012 2976 2972
f 3012 2972 3005
f 331 333 328
f 331 328 330
f 5456 5454 5457
f 16 13 11
f 16 11 152
f 16 152 150
f 16 150 166
f 16 166 8596
f 5056 5081 5031
f 5400 5455 5402
f 5466 5455 5456
f 5092 5089 5085
f 2513 2524 2504
f 2495 2478 2496
f 7212 7207 7209
f 2518 2512 2533
f 5497 2529 2528
f 2543 5497 2528
f 2533 2515 5065
f 5504 5492 2540
f 5497 5484 5495
f 5086 2544 2541
f 5501 5487 2542
f 5086 2541 5070
f 5488 5487 5501
f 5488 5501 5489
f 5482 5470 5472
f 10500 10015 10014
f 10500 10014 10016
f 10500 10016 10550
f 10500 10550 10552
f 10500 10552 6870
f 10500 6870 9370
f 10500 9370 2789
f 10500 2789 2762
f 10500 2762 10498
f 5467 5470 5474
f 7901 7900 7893
f 7901 7893 7891
f 7901 7891 7892
f 7901 7892 7894
f 7901 7894 7895
f 7901 7895 7898
f 7901 7898 7899
f 6510 6446 6447
f 6510 6447 6453
f 6510 6453 6509
f 9913 9912 9919
f 9913 9919 9918
f 9913 9918 9917
f 9913 9917 9915
f 5470 5467 5463
f 5029 5068 5033
f 5397 5447 5401
f 5453 5463 5452
f 5467 5458 5463
f 5454 5463 5458
f 2071 2112 7234
f 2071 7234 7231
f 2071 7231 2070
f 5136 5159 5140
f 5136 5140 5139
f 5136 5139 5137
f 4796 4797 4799
f 4796 4799 2488
f 4796 2488 2481
f 4796 2481 2482
f 3224 3225 3226
f 3224 3226 3205
f 3224 3205 3206
f 3224 3206 3234
f 9066 9064 9068
f 9066 9068 9069
f 9066 9069 9097
f 9066 9097 9090
f 9066 9090 9095
f 9066 9095 9092
f 4686 4689 4688
f 4686 4688 4687
f 4686 4687 4682
f 6169 6161 6157
f 6169 6157 6165
f 6169 6165 6170
f 8761 8759 8765
f 8761 8765 8800
f 8761 8800 8794
f 3507 3515 3361
f 3507 3361 3506
f 3507 3506 3440
f 3507 3440 3504
f 3507 3504 3469
f 8992 8997 9001
f 8992 9001 9002
f 8992 9002 4309
f 3175 3174 3173
f 3175 3173 3163
f 3175 3163 3164
f 3175 3164 3157
f 2313 2427 4086
f 2313 4086 4087
f 2313 4087 2275
f 5436 5498 5490
f 3983 4043 3971
f 3983 3971 3962
f 3983 3962 3960
f 3821 3830 3845
f 3821 3845 3848
f 3821 3848 3835
f 5156 5339 5340
f 5156 5340 5212
f 5156 5212 5145
f 5156 5145 5144
f 5156 5144 5143
f 5156 5143 5142
f 5156 5142 5161
f 5156 5161 5135
f 5156 5135 5149
f 6275 6337 6294
f 8435 8453 8447
f 8435 8447 8467
f 8435 8467 8450
f 8435 8450 8446
f 8435 8446 8440
f 26 28 27
f 26 27 7
f 26 7 12
f 631 632 633
f 631 633 635
f 2292 2285 2294
f 2292 2294 2310
f 2292 2310 2315
f 6589 6597 6583
f 6589 6583 6571
f 6589 6571 6579
f 2487 2472 2478
f 9895 9869 9941
f 9895 9941 9948
f 469 468 454
f 469 454 440
f 469 440 415
f 3433 3431 3332
f 3433 3332 3314
f 3433 3314 3310
f 3433 3310 3355
f 3433 3355 3417
f 5435 5438 5397
f 2777 2753 2722
f 2777 2722 2717
f 2777 2717 2733
f 2777 2733 2756
f 2553 2550 2554
f 2553 2554 2555
f 1872 1875 1883
f 1872 1883 1874
f 6191 6186 9725
f 6191 9725 9711
f 8312 8314 8313
f 8312 8313 8310
f 8312 8310 8309
f 4495 4498 4499
f 4495 4499 4800
f 4495 4800 4801
f 4495 4801 4802
f 4495 4802 4494
f 4495 4494 4492
f 3404 3531 3405
f 3541 3537 3543
f 3541 3543 3093
f 3541 3093 3097
f 4331 4420 5906
f 4331 5906 4330
f 3091 3084 3075
f 3091 3075 3099
f 7118 7125 7122
f 7118 7122 7120
f 7118 7120 7116
f 10126 1239 10127
f 10126 10127 10124
f 10126 10124 10130
f 10126 10130 10129
f 10126 10129 10128
f 10126 10128 10132
f 10126 10132 10133
f 10126 10133 10249
f 10126 10249 10125
f 2269 2277 2273
f 2269 2273 2276
f 2269 2276 2274
f 2269 2274 2270
f 3038 3046 3059
f 5365 5345 5360
f 5365 5360 5366
f 3096 3098 3097
f 3093 3096 3097
f 2240 2239 2243
f 2240 2243 2249
f 2240 2249 2244
f 437 438 407
f 437 407 408
f 437 408 439
f 3091 3099 3092
f 5415 5403 5392
f 5415 5392 5409
f 8593 8592 8595
f 8593 8595 8812
f 5975 5964 5965
f 5975 5965 7184
f 3027 3031 3041
f 277 278 286
f 277 286 289
f 277 289 288
f 277 288 287
f 2783 2806 2799
f 3152 3151 3157
f 3152 3157 3154
f 1824 1802 1776
f 1824 1776 1767
f 1824 1767 1791
f 1824 1791 1814
f 8042 7775 7776
f 8042 7776 8009
f 8042 8009 8012
f 4646 4642 4649
f 4646 4649 4648
f 4646 4648 4647
f 4646 4647 4655
f 2159 2158 2177
f 2159 2177 2180
f 2808 2807 2798
f 8946 8958 10591
f 8946 10591 8952
f 8946 8952 8945
f 2820 2836 7857
f 2836 2835 7866
f 3571 3557 3573
f 3571 3573 3572
f 7358 7364 7272
f 7358 7272 7277
f 7358 7277 7356
f 7590 7594 7592
f 7590 7592 7561
f 6662 6660 6650
f 6662 6650 6632
f 6662 6632 6646
f 6662 6646 6653
f 6662 6653 6655
f 6662 6655 6661
f 4379 4395 4350
f 4379 4350 4347
f 4379 4347 4361
f 2806 2783 2841
f 3417 3355 3392
f 3417 3392 3452
f 3417 3452 3395
f 2817 7843 7840
f 2827 2802 2805
f 9149 9146 9134
f 9149 9134 9124
f 9149 9124 9136
f 2314 2301 2284
f 2314 2284 2304
f 222 7242 220
f 222 220 219
f 9429 5876 9427
f 9429 9427 9426
f 9429 9426 9428
f 9429 9428 9430
f 7927 7929 7931
f 7927 7931 7930
f 2817 2757 2796
f 2634 2755 2757
f 2757 2755 2796
f 2755 2790 2825
f 2755 2825 2826
f 2755 2826 2796
f 9457 9458 9463
f 9457 9463 9460
f 2454 2455 2453
f 2616 2615 2626
f 2619 2569 2576
f 2619 2576 2614
f 1426 1425 1423
f 1426 1423 985
f 1426 985 966
f 5674 5670 5665
f 5674 5665 5659
f 5674 5659 5660
f 5674 5660 5658
f 5674 5658 5662
f 5674 5662 5669
f 2614 2606 2615
f 2798 2797 2799
f 2798 2799 2806
f 2798 2806 2805
f 4622 4611 4609
f 4622 4609 4606
f 5092 5093 5483
f 5092 5483 5476
f 6363 6345 5374
f 6363 5374 5381
f 3674 3666 3661
f 3674 3661 3662
f 3674 3662 3673
f 6042 3068 3045
f 6042 3045 3043
f 6042 3043 3078
f 6042 3078 6032
f 1774 1778 1795
f 1774 1795 1769
f 7950 7913 7917
f 7950 7917 7957
f 4678 4684 4671
f 4678 4671 4673
f 4678 4673 4674
f 4678 4674 4675
f 4787 4772 4767
f 9858 9857 9856
f 9858 9856 9855
f 9858 9855 9859
f 3805 3838 3806
f 3805 3806 3758
f 4905 5762 5760
f 5764 5762 4905
f 7471 4701 7466
f 7471 7466 7470
f 5757 5750 5763
f 5763 5750 5758
f 5406 5407 5410
f 5406 5410 5412
f 3806 3807 3770
f 3806 3770 3758
f 9170 9141 9196
f 9170 9196 9311
f 9170 9311 9197
f 9626 9634 9620
f 8135 8145 8148
f 8135 8148 8142
f 9909 9921 9911
f 9034 4421 9032
f 9034 9032 9033
f 2094 2095 2097
f 2094 2097 2096
f 2951 2953 2990
f 920 1850 1798
f 920 1798 1847
f 920 1847 919
f 9213 9183 9205
f 9486 9485 9476
f 9187 9193 9210
f 7729 7728 7727
f 7729 7727 7726
f 7000 7443 7463
f 7000 7463 6999
f 9214 9192 9181
f 9214 9181 9185
f 9214 9185 9211
f 9869 9870 9859
f 9895 9878 9907
f 9878 9877 9896
f 9895 9907 9869
f 6102 8986 6040
f 6102 6040 6065
f 9896 9858 9870
f 9870 9858 9859
f 9869 9859 9863
f 9879 9878 9890
f 10006 10013 10010
f 10006 10010 10007
f 9878 9896 9907
f 6479 6469 6476
f 6479 6476 6487
f 6479 6487 2200
f 6479 2200 2209
f 6479 2209 6497
f 10001 9897 9965
f 6506 4240 4213
f 6506 4213 6502
f 6506 6502 6503
f 9884 9885 9892
f 9246 9242 9225
f 9246 9225 9226
f 9246 9226 9247
f 443 449 450
f 443 450 451
f 7092 7063 5113
f 7092 5113 5122
f 7092 5122 7091
f 10386 10389 10390
f 9922 9978 9952
f 4579 4575 4566
f 4579 4566 4564
f 4579 4564 4582
f 167 162 163
f 167 163 164
f 2009 1990 2055
f 2009 2055 2056
f 507 512 519
f 507 519 521
f 507 521 514
f 507 514 502
f 507 502 503
f 8301 8339 8362
f 8301 8362 8308
f 9882 9883 9898
f 9882 9898 9903
f 9882 9903 9891
f 9332 9331 9347
f 9332 9347 9341
f 9332 9341 9340
f 6715 6716 6711
f 6715 6711 6713
f 6715 6713 6714
f 6715 6714 6717
f 10001 9965 9978
f 7264 7247 7246
f 7264 7246 7250
f 9957 9868 9927
f 9957 9927 9952
f 9957 9952 9980
f 9862 9867 9358
f 9862 9358 9323
f 8866 8868 8871
f 8866 8871 6084
f 8866 6084 6015
f 8866 6015 8869
f 9948 9894 9895
f 10017 10014 10015
f 10017 10015 10540
f 10017 10540 10546
f 6272 6335 6350
f 6272 6350 6234
f 3399 3407 3447
f 3399 3447 3457
f 9853 9865 9864
f 9853 9864 9855
f 9957 9948 9941
f 9266 9253 9251
f 3891 3888 3889
f 3891 3889 3837
f 3891 3837 3814
f 3891 3814 3809
f 3891 3809 3832
f 3891 3832 3896
f 9427 5870 5869
f 9427 5869 5873
f 9427 5873 9405
f 9241 9243 9244
f 9241 9244 9251
f 9241 9251 9253
f 7640 7630 7628
f 9013 9015 9016
f 9013 9016 9014
f 9222 9223 9224
f 5596 5605 5591
f 5596 5591 5566
f 6331 6340 6368
f 6331 6368 6374
f 6331 6374 6325
f 2996 2997 3035
f 2996 3035 4277
f 2996 4277 3036
f 2996 3036 3037
f 2996 3037 3018
f 7129 7141 7136
f 7129 7136 7126
f 9749 9748 9786
f 9749 9786 9810
f 9749 9810 9742
f 9749 9742 9731
f 9749 9731 9733
f 9749 9733 9745
f 9749 9745 9747
f 9749 9747 9787
f 9749 9787 9773
f 9749 9773 9759
f 603 605 607
f 603 607 606
f 603 606 571
f 2822 7825 7786
f 2822 7786 7749
f 2822 7749 7767
f 2822 7767 7807
f 2822 7807 2844
f 9283 9287 9284
f 5285 5291 5118
f 5285 5118 5287
f 4105 4467 4451
f 4105 4451 4108
f 4105 4108 4098
f 4105 4098 4094
f 9292 9285 9296
f 9292 9288 9285
f 3765 3829 3841
f 3765 3841 3761
f 904 898 899
f 904 899 902
f 904 902 910
f 9292 9296 9325
f 829 824 821
f 829 821 823
f 829 823 830
f 7748 7766 7799
f 7748 7799 7817
f 7748 7817 7968
f 7748 7968 7800
f 6356 6326 6313
f 6356 6313 6316
f 2404 2401 2402
f 2404 2402 2407
f 892 890 889
f 892 889 912
f 1301 1351 1350
f 9268 9267 9246
f 6876 6878 6888
f 6876 6888 6890
f 9337 9330 9874
f 9756 9771 9769
f 9756 9769 9776
f 9756 9776 9777
f 9756 9777 9761
f 9854 9852 9840
f 9854 9840 9842
f 9854 9842 9841
f 9854 9841 9846
f 9854 9846 9847
f 9854 9847 9849
f 9854 9849 9934
f 9854 9934 9950
f 9854 9950 9949
f 9854 9949 9936
f 9854 9936 9923
f 9854 9923 9865
f 9854 9865 9853
f 1040 1041 1037
f 1040 1037 1029
f 1040 1029 1033
f 682 695 792
f 682 792 793
f 682 793 794
f 682 794 702
f 682 702 683
f 9377 9348 9332
f 9377 9332 9340
f 9377 9340 9345
f 9377 9345 9349
f 9377 9349 9364
f 9377 9364 9363
f 2608 2609 2610
f 2608 2610 2611
f 9330 9328 9893
f 3875 3825 3837
f 3875 3837 3889
f 3875 3889 3883
f 3875 3883 3890
f 9323 9358 9310
f 9323 9310 9268
f 9376 9337 9874
f 9861 9862 9323
f 9314 9372 9860
f 9314 9860 9323
f 9314 9323 9268
f 9861 9323 9860
f 5340 5215 5207
f 5340 5207 5212
f 7920 7919 195
f 7920 195 193
f 9876 9875 9880
f 9880 9875 9879
f 9875 9873 9877
f 9319 9353 9357
f 9319 9357 9809
f 9319 9809 9814
f 9319 9814 9852
f 9319 9852 9854
f 9319 9854 9351
f 8643 8639 8635
f 8643 8635 8637
f 8643 8637 8638
f 8643 8638 8642
f 9319 9315 9353
f 9814 9809 9812
f 8803 8802 10174
f 8803 10174 10066
f 9202 9219 9216
f 9202 9216 9194
f 6051 6050 6059
f 6051 6059 6061
f 6995 7003 7495
f 6995 7495 7496
f 6995 7496 7498
f 6995 7498 7519
f 6995 7519 7518
f 6995 7518 6987
f 6995 6987 6985
f 6995 6985 6994
f 6995 6994 6982
f 6995 6982 6980
f 1951 1976 1967
f 1951 1967 2013
f 1951 2013 1984
f 1951 1984 1915
f 1951 1915 1913
f 6446 6440 6441
f 6446 6441 6444
f 6446 6444 6447
f 3141 3142 3058
f 3141 3058 3139
f 9329 9277 9310
f 9358 9329 9310
f 1306 1307 1310
f 1306 1310 1309
f 1306 1309 1308
f 1306 1308 1305
f 1306 1305 1303
f 1306 1303 1299
f 1306 1299 1304
f 6942 6934 6948
f 9277 9245 9267
f 6727 6726 6725
f 6727 6725 6735
f 5792 5795 5775
f 5792 5775 5793
f 5776 5771 5767
f 3103 3104 3102
f 5776 5853 5771
f 5771 5768 5767
f 5771 5769 5768
f 4835 4840 4846
f 4835 4846 4861
f 4835 4861 4842
f 4835 4842 4841
f 5853 5849 5851
f 3649 3637 3646
f 3649 3646 3650
f 3649 3650 3671
f 5519 5521 5523
f 9439 9218 9121
f 10101 10100 10094
f 10101 10094 10081
f 10101 10081 10074
f 10101 10074 10091
f 5778 5781 5774
f 5778 5780 5781
f 3329 3362 3364
f 3329 3364 3366
f 3329 3366 3484
f 3329 3484 3437
f 3869 3879 4050
f 3869 4050 3881
f 1838 1852 1846
f 1838 1846 1825
f 1838 1825 1826
f 1838 1826 1833
f 6760 6762 6758
f 6760 6758 6761
f 6760 6761 6759
f 6760 6759 6757
f 5774 5781 5787
f 9663 9662 9683
f 9663 9683 9671
f 9663 9671 9667
f 5779 5780 5778
f 5774 5787 5793
f 4098 4108 4452
f 4098 4452 4099
f 4098 4099 4092
f 5852 5871 5855
f 5780 5779 5783
f 5783 5779 5857
f 5855 5783 5857
f 5871 5783 5855
f 9439 9121 5871
f 5871 9117 5783
f 5871 9121 9117
f 9116 9117 9119
f 307 308 313
f 307 313 311
f 5172 5170 5169
f 5172 5169 5176
f 5172 5176 5178
f 5172 5178 5177
f 5793 5790 5792
f 9489 9466 9461
f 9489 9461 9460
f 9489 9460 9463
f 9489 9463 9652
f 9489 9652 1849
f 5774 5793 5775
f 8008 7270 7248
f 8008 7248 7251
f 8008 7251 7266
f 8008 7266 8023
f 5785 5786 5788
f 7203 4875 4879
f 7203 4879 4948
f 5788 5789 5794
f 5787 5781 5785
f 5789 5796 5794
f 9303 9328 9330
f 9303 9330 9309
f 7155 8211 8214
f 7155 8214 7158
f 7155 7158 7150
f 5808 8238 5806
f 5808 8970 8238
f 10547 10571 10570
f 10547 10570 10551
f 5775 5800 5832
f 5775 5795 5800
f 6074 6073 6001
f 6074 6001 6003
f 8228 8238 8225
f 215 208 200
f 215 200 205
f 9125 9114 9118
f 9144 8971 9114
f 9152 9114 9125
f 74 76 75
f 74 75 73
f 74 73 72
f 74 72 34
f 8229 8972 8226
f 9152 9125 9169
f 5374 5372 5382
f 5374 5382 5381
f 8972 9144 8237
f 8226 8972 8237
f 9188 9206 9193
f 9188 9193 9179
f 9188 9179 9175
f 9188 9175 9186
f 8224 8226 8237
f 8201 6911 8197
f 8201 8197 8193
f 8201 8193 8196
f 8217 8221 8219
f 4981 4980 4985
f 4981 4985 4986
f 8235 8236 9163
f 9107 5789 5786
f 5786 5789 5788
f 5784 9107 5786
f 9108 8968 9107
f 8224 8237 8236
f 8224 8236 8223
f 6653 6646 6644
f 6653 6644 6647
f 9108 9107 9109
f 8968 9108 8966
f 9110 9108 9109
f 4488 7331 3502
f 4488 3502 4434
f 5790 5791 5792
f 8967 5808 5810
f 5789 5810 5798
f 5810 5808 5798
f 8967 8966 8969
f 9110 9114 9111
f 8967 8970 5808
f 8969 9111 8971
f 8535 8387 8385
f 8535 8385 8527
f 8970 8229 8238
f 3283 3285 3425
f 3283 3425 3427
f 8971 9111 9114
f 8970 8972 8229
f 8238 8229 8225
f 8972 8971 9144
f 8228 8225 8215
f 8237 9144 9132
f 8225 8216 8215
f 8237 9132 9133
f 7483 481 482
f 7483 482 7568
f 9133 9162 8237
f 1382 1384 1520
f 9171 9129 9151
f 8830 8105 8832
f 8830 8832 8833
f 8222 8235 8234
f 9115 9112 9116
f 8220 8219 8231
f 9163 9190 8241
f 9163 9161 9190
f 8234 9940 8244
f 8244 8233 8234
f 865 863 864
f 865 864 866
f 9160 9158 9161
f 9917 9940 9929
f 9917 9916 9915
f 9917 9929 9916
f 9938 9953 9983
f 4521 4522 4811
f 4521 4811 4519
f 8234 8242 9977
f 9940 8234 9977
f 9977 8242 9976
f 9974 9339 9973
f 9974 9203 9339
f 9975 10028 10032
f 9975 9973 9972
f 9198 9157 9215
f 8231 8232 8240
f 4517 4521 4519
f 4517 4519 4516
f 9929 9926 9916
f 8235 9163 8241
f 8746 6946 6945
f 8746 6945 8739
f 7910 7913 7950
f 7910 7950 7948
f 7910 7948 7954
f 9977 9976 9940
f 9976 9929 9940
f 8242 9974 9976
f 9976 9975 10032
f 8242 9203 9974
f 9976 9974 9975
f 9974 9973 9975
f 10034 10032 10028
f 9203 9198 9339
f 10028 9975 9972
f 1320 1333 1321
f 1320 1321 1317
f 4443 4431 4430
f 243 244 232
f 243 232 233
f 9902 9197 9311
f 1817 1792 1796
f 1817 1796 1805
f 9380 9311 9298
f 9900 9380 9889
f 9197 9902 9333
f 9902 9311 9380
f 9333 9902 9901
f 9380 9379 9889
f 10403 8881 8878
f 10403 8878 8965
f 421 423 422
f 2816 2832 7825
f 2816 7825 2822
f 2816 2822 2777
f 10033 9970 9996
f 9901 9996 9970
f 6264 6235 6232
f 6264 6232 6273
f 6264 6273 6281
f 6264 6281 6256
f 9371 9215 9365
f 9972 9971 10022
f 9972 9371 9971
f 9371 9365 9971
f 9039 9038 9047
f 9039 9047 9052
f 9039 9052 9062
f 9039 9062 9061
f 9039 9061 9065
f 10032 10034 10033
f 10033 10034 10031
f 10031 9970 10033
f 9215 9212 9365
f 9333 9901 9970
f 10028 9972 10022
f 40 67 43
f 40 43 41
f 282 7580 7564
f 282 7564 546
f 3999 3995 3987
f 3999 3987 3989
f 3999 3989 3973
f 9905 9887 9906
f 4663 4665 4679
f 4663 4679 3839
f 4663 3839 3836
f 4663 3836 3819
f 4663 3819 4661
f 7569 7656 7665
f 7569 7665 7596
f 844 840 839
f 844 839 842
f 2269 2179 2159
f 2269 2159 2180
f 2269 2180 2275
f 5861 5860 5859
f 6116 6113 6097
f 6116 6097 6072
f 6116 6072 6098
f 5865 5863 5861
f 5020 2224 2223
f 5020 2223 2220
f 5020 2220 4930
f 5020 4930 5012
f 2233 8700 8702
f 2233 8702 2246
f 2233 2246 2235
f 5867 5862 5863
f 7932 7933 2845
f 7932 2845 7947
f 7932 7947 7946
f 4392 4388 4370
f 4392 4370 4390
f 4392 4390 4391
f 5876 5877 5867
f 5876 5870 9427
f 5877 5876 9429
f 6699 6698 6696
f 812 814 825
f 812 825 856
f 812 856 846
f 812 846 847
f 812 847 813
f 9401 9405 9402
f 5864 5765 5761
f 7648 7611 7610
f 7648 7610 7634
f 7648 7634 8058
f 7648 8058 7796
f 7648 7796 7754
f 5777 5754 5845
f 5777 5845 5846
f 5777 5846 5848
f 5777 5848 5849
f 6614 6609 8137
f 6614 8137 8143
f 2814 2813 9012
f 2814 9012 9010
f 495 490 491
f 495 491 493
f 495 493 497
f 9164 9149 9136
f 9164 9136 9137
f 2675 2748 2702
f 2675 2702 2689
f 2675 2689 2657
f 2675 2657 2652
f 5846 5845 5844
f 2855 2854 2848
f 2855 2848 2858
f 2855 2858 2856
f 3040 3135 3133
f 3040 3133 3050
f 3701 3702 3703
f 3701 3703 3704
f 7740 7827 7834
f 7740 7834 2819
f 7740 2819 2815
f 7740 2815 2809
f 7740 2809 7806
f 8405 8396 8402
f 507 503 498
f 305 307 300
f 305 300 295
f 305 295 304
f 5858 5753 5749
f 3296 3299 3359
f 3296 3359 3559
f 3296 3559 3567
f 9681 9675 9661
f 9681 9661 9686
f 8879 8880 10582
f 8879 10582 8882
f 2188 2172 2149
f 2188 2149 2157
f 2188 2157 2175
f 228 227 234
f 228 234 225
f 228 225 224
f 5755 5751 5830
f 6506 6513 4239
f 6506 4239 4240
f 3235 3189 3186
f 3235 3186 3238
f 9176 9177 9180
f 9176 9180 9172
f 5674 5669 5684
f 5674 5684 5682
f 8118 8119 3242
f 8118 3242 3245
f 8118 3245 8115
f 8118 8115 8117
f 9945 9986 9967
f 9945 9967 9934
f 9945 9934 9904
f 6774 6768 6777
f 6774 6777 6773
f 8099 8101 8103
f 1647 1641 1635
f 1647 1635 1633
f 1647 1633 1648
f 8962 8956 8943
f 8962 8943 8963
f 5796 5797 5795
f 5796 5795 5792
f 5796 5792 5791
f 5796 5791 5788
f 5796 5788 5794
f 9438 9436 9434
f 9438 9434 9207
f 9438 9207 9189
f 9438 9189 9199
f 9438 9199 9200
f 295 301 309
f 295 309 303
f 295 303 304
f 8585 8586 8583
f 8585 8583 8584
f 8585 8584 8587
f 3489 3394 3513
f 3489 3513 3432
f 3407 3399 3372
f 3407 3372 3309
f 3407 3309 3261
f 3407 3261 3256
f 3407 3256 3267
f 1957 1538 1544
f 1957 1544 1546
f 1957 1546 1567
f 1957 1567 1558
f 1957 1558 1566
f 1957 1566 1958
f 2895 2894 2935
f 2895 2935 2934
f 1905 2024 2026
f 6592 6819 6865
f 6592 6865 6595
f 2645 2648 2647
f 2645 2647 2646
f 735 726 733
f 735 733 533
f 1403 1400 1402
f 1403 1402 1405
f 661 675 694
f 661 694 654
f 7354 7279 7360
f 7354 7360 7359
f 7354 7359 7357
f 7354 7357 7352
f 7465 7464 7460
f 7465 7460 7458
f 1628 1620 1624
f 1628 1624 1669
f 1628 1669 1646
f 6557 6555 6611
f 6557 6611 6618
f 6557 6618 6606
f 9554 9553 7226
f 9554 7226 7223
f 9554 7223 9555
f 8343 8357 8368
f 8343 8368 8367
f 8343 8367 8350
f 8343 8350 8333
f 8343 8333 8322
f 8343 8322 8323
f 7798 8026 8025
f 7798 8025 7983
f 7798 7983 7849
f 9185 9201 9211
f 5618 5613 5632
f 5618 5632 5634
f 4902 4898 4893
f 4902 4893 4892
f 4902 4892 4897
f 1637 1636 1644
f 1938 1937 1975
f 1938 1975 1941
f 602 713 609
f 602 609 608
f 602 608 605
f 602 605 603
f 2312 2311 2294
f 2312 2294 2293
f 8154 8148 8145
f 8154 8145 8147
f 8154 8147 8128
f 8154 8128 8150
f 8154 8150 8155
f 9231 9229 9230
f 7611 7602 7604
f 7611 7604 7610
f 9230 9229 9227
f 550 548 583
f 4858 4907 4927
f 4858 4927 4935
f 4858 4935 4936
f 4858 4936 4909
f 4858 4909 4869
f 4858 4869 4868
f 3657 3658 3654
f 3657 3654 3655
f 3657 3655 3656
f 3657 3656 3664
f 3657 3664 3665
f 3669 3639 3638
f 3669 3638 3652
f 3669 3652 3653
f 5360 5348 5364
f 5360 5364 5375
f 5360 5375 5366
f 2506 2507 2530
f 2506 2530 2534
f 2506 2534 2527
f 602 603 571
f 602 571 574
f 602 574 604
f 3370 3368 3292
f 3370 3292 3373
f 3370 3373 3428
f 3370 3428 3493
f 3587 3592 3594
f 1190 1700 1235
f 1190 1235 1129
f 9217 9206 9188
f 9217 9188 9220
f 5454 5451 5452
f 5454 5452 5463
f 51 38 78
f 51 78 77
f 51 77 56
f 2061 2059 2044
f 2061 2044 2043
f 2061 2043 2035
f 2061 2035 2027
f 2061 2027 2040
f 5109 5105 5103
f 5109 5103 5101
f 5109 5101 5102
f 5109 5102 7021
f 5109 7021 5110
f 3870 3880 3882
f 3870 3882 3876
f 6766 6765 6763
f 6766 6763 6768
f 6766 6768 6774
f 6548 6547 6543
f 6548 6543 6529
f 6548 6529 6544
f 6548 6544 4142
f 6548 4142 6549
f 9914 9920 9913
f 9887 9882 9891
f 7535 427 435
f 7535 435 7519
f 7535 7519 7498
f 4270 4290 4256
f 4270 4256 4252
f 431 413 414
f 431 414 432
f 2493 2497 2506
f 2493 2506 2527
f 2493 2527 2523
f 2493 2523 2510
f 2493 2510 2494
f 4344 4347 4346
f 4344 4346 4348
f 4344 4348 4345
f 6406 6407 4196
f 6406 4196 6390
f 6406 6390 6405
f 8730 8732 8734
f 8730 8734 9706
f 8730 9706 8731
f 8730 8731 9590
f 8730 9590 9583
f 8730 9583 9582
f 9298 9195 9297
f 7376 6668 6666
f 7376 6666 6665
f 9191 9189 9207
f 9191 9207 9208
f 7143 7141 7129
f 7143 7129 7130
f 1881 1886 1891
f 1881 1891 1875
f 1881 1875 1872
f 1881 1872 1870
f 1881 1870 1864
f 1881 1864 1867
f 1881 1867 1878
f 3242 3241 3230
f 3242 3230 3235
f 3242 3235 3238
f 3242 3238 3245
f 5658 5660 5650
f 5658 5650 5653
f 4163 4164 4179
f 4163 4179 4184
f 10066 10077 10073
f 10066 10073 10068
f 10066 10068 10048
f 5782 9113 9112
f 5782 9112 9109
f 2260 2237 2258
f 2260 2258 2259
f 3961 3979 3983
f 3961 3983 3960
f 7024 7010 7017
f 7024 7017 7031
f 2773 10497 10498
f 6250 6242 6240
f 6250 6240 6241
f 6250 6241 6243
f 6250 6243 6249
f 6250 6249 6251
f 256 274 260
f 2670 2684 2646
f 2670 2646 2647
f 3872 3867 3864
f 3872 3864 3866
f 5465 5469 5478
f 5465 5478 5473
f 10282 10274 10265
f 10282 10265 10247
f 1087 1088 1086
f 1087 1086 1085
f 7721 7729 7726
f 7721 7726 7723
f 8380 8383 8529
f 8380 8529 3625
f 8380 3625 3622
f 8380 3622 3599
f 8380 3599 3597
f 3385 3383 3382
f 3385 3382 3384
f 3140 3295 3449
f 3140 3449 3146
f 816 828 823
f 816 823 821
f 816 821 820
f 816 820 818
f 816 818 817
f 3499 3479 3354
f 3499 3354 3401
f 7195 7199 4970
f 1348 1305 1308
f 1348 1308 1342
f 1348 1342 1345
f 10086 10085 10076
f 10086 10076 10043
f 10086 10043 10069
f 8634 8633 8631
f 8634 8631 8625
f 8634 8625 8621
f 4630 4623 4616
f 4630 4616 4637
f 4630 4637 4641
f 4630 4641 4652
f 4630 4652 4669
f 4630 4669 4668
f 4630 4668 4656
f 4630 4656 4658
f 4630 4658 4639
f 4630 4639 4629
f 4630 4629 4626
f 2394 2368 5363
f 2394 5363 5344
f 2394 5344 5365
f 2394 5365 5370
f 2394 5370 2389
f 2394 2389 2382
f 2394 2382 2383
f 2394 2383 2386
f 10397 6864 10396
f 10375 6835 6838
f 10375 6838 10559
f 9269 9258 4055
f 9269 4055 4058
f 4284 4307 4305
f 4284 4305 4316
f 4284 4316 4303
f 4284 4303 4302
f 4284 4302 4301
f 4284 4301 4308
f 4284 4308 4310
f 1057 1069 1078
f 1057 1078 1066
f 368 391 394
f 368 394 377
f 3727 3725 3724
f 3727 3724 3740
f 3727 3740 3748
f 7787 7829 7750
f 7787 7750 7684
f 9822 9832 9836
f 9822 9836 9819
f 3168 3167 3169
f 1381 1385 1384
f 1381 1384 1382
f 1381 1382 1383
f 8522 8467 8447
f 8522 8447 8511
f 8522 8511 8531
f 8522 8531 8532
f 10041 10035 10036
f 10041 10036 10037
f 10041 10037 10038
f 10041 10038 10042
f 10041 10042 10040
f 8526 8516 8508
f 8508 8491 8501
f 4580 4582 4588
f 4580 4588 4589
f 4580 4589 4586
f 4580 4586 4581
f 6961 6969 6968
f 6961 6968 6963
f 8491 8488 8490
f 3019 2992 3015
f 3019 3015 3022
f 3019 3022 3025
f 4699 2906 4733
f 4699 4733 4707
f 10512 10423 10424
f 10512 10424 6841
f 10512 6841 6839
f 10512 6839 6833
f 5369 2361 2373
f 5369 2373 2374
f 9178 9183 9184
f 9178 9184 9177
f 804 806 827
f 804 827 3813
f 804 3813 3717
f 2667 2687 2736
f 2667 2736 2734
f 2667 2734 2678
f 2667 2678 2628
f 2667 2628 2603
f 8210 8211 7155
f 8210 7155 7143
f 8210 7143 7144
f 5055 5056 5031
f 5055 5031 5046
f 5055 5046 5047
f 3424 3444 3501
f 6333 6331 6330
f 6333 6330 6332
f 2535 2530 2507
f 2535 2507 2522
f 1777 1778 1774
f 1777 1774 1766
f 1777 1766 1768
f 1777 1768 1775
f 3706 3710 8519
f 3706 8519 8463
f 3622 3625 3681
f 3622 3681 3668
f 2190 2189 2202
f 2190 2202 2201
f 10135 10134 10132
f 10135 10132 10128
f 6619 6623 6617
f 6619 6617 6614
f 5784 5782 9109
f 5784 9109 9107
f 949 954 946
f 949 946 943
f 949 943 939
f 101 8334 8288
f 101 8288 136
f 101 136 128
f 101 128 102
f 101 102 100
f 101 100 37
f 2605 2585 2588
f 6806 6811 6807
f 6806 6807 6808
f 6428 6417 6416
f 6428 6416 6427
f 3707 3708 3702
f 8469 8462 8460
f 1548 1542 1543
f 1548 1543 1564
f 9721 9726 6413
f 9721 6413 6414
f 6101 6089 6071
f 6101 6071 6085
f 6101 6085 6099
f 711 701 681
f 711 681 665
f 711 665 676
f 711 676 688
f 711 688 699
f 1269 1276 1289
f 1269 1289 1288
f 9487 9492 9564
f 9487 9564 9562
f 2167 2166 7121
f 2167 7121 7123
f 7066 7064 7051
f 7066 7051 7070
f 3975 3947 3943
f 4660 3827 4667
f 4660 4667 4666
f 4660 4666 4658
f 4660 4658 4656
f 4660 4656 4659
f 4660 4659 4657
f 4660 4657 4661
f 3505 3480 3398
f 3505 3398 3408
f 4627 4622 4606
f 4627 4606 4618
f 4827 4844 4872
f 4827 4872 4850
f 3815 3768 3769
f 3815 3769 3877
f 4388 4389 4382
f 4388 4382 4381
f 4388 4381 4370
f 9354 9355 9882
f 9354 9882 9887
f 8459 8457 8455
f 4886 4881 4884
f 4886 4884 4888
f 4886 4888 4887
f 10054 10055 10042
f 10054 10042 10038
f 7761 7758 7759
f 7761 7759 7760
f 8980 8982 8974
f 8980 8974 8976
f 1941 1975 1986
f 1941 1986 1985
f 6473 6477 6478
f 6473 6478 6480
f 6473 6480 6467
f 6473 6467 6465
f 7551 7537 7524
f 7551 7524 7543
f 7551 7543 7528
f 7551 7528 7531
f 7551 7531 7563
f 3998 8469 8470
f 3998 8470 3976
f 3195 3199 3200
f 3195 3200 3194
f 9440 9209 9430
f 9440 9430 9428
f 163 8 7
f 163 7 27
f 1521 1585 1486
f 1521 1486 1467
f 4595 4588 4582
f 4595 4582 4564
f 4595 4564 4592
f 4595 4592 4565
f 4691 4685 2913
f 4691 2913 2936
f 5019 5657 5692
f 5019 5692 5022
f 5019 5022 4922
f 5019 4922 5017
f 3461 3459 5127
f 3461 5127 5293
f 3461 5293 5292
f 3461 5292 3463
f 5549 5550 5544
f 5549 5544 5540
f 9656 9649 9687
f 9656 9687 9645
f 9656 9645 9660
f 9656 9660 9639
f 9656 9639 9638
f 2655 2651 2652
f 2655 2652 2657
f 1506 1441 1444
f 1244 1254 1203
f 1244 1203 1095
f 3368 3370 3371
f 3368 3371 3367
f 1644 1636 1639
f 1644 1639 1643
f 5623 5633 5657
f 5623 5657 5019
f 4470 4450 4468
f 4470 4468 4469
f 4470 4469 4471
f 1645 1230 1209
f 2985 2982 2983
f 2985 2983 2984
f 2985 2984 2981
f 2985 2981 2986
f 4403 4531 4532
f 4403 4532 4503
f 4403 4503 4502
f 4403 4502 4491
f 4403 4491 4481
f 4403 4481 4414
f 4403 4414 4379
f 5039 5041 5042
f 5039 5042 5043
f 5039 5043 5044
f 2589 2584 2612
f 2589 2612 2611
f 2589 2611 2658
f 2589 2658 2593
f 4995 4970 4947
f 4995 4947 4973
f 4995 4973 4939
f 4995 4939 4951
f 4995 4951 4996
f 6192 9746 9733
f 6192 9733 9738
f 6192 9738 6189
f 6192 6189 6180
f 5089 5091 5088
f 5089 5088 5081
f 7204 7200 4991
f 7204 4991 4983
f 6810 6581 6596
f 6810 6596 6809
f 7683 7682 7681
f 7683 7681 7687
f 3323 3322 3270
f 3323 3270 3325
f 4494 4804 4780
f 4494 4780 4809
f 4494 4809 4493
f 6390 4196 6394
f 6390 6394 6393
f 6390 6393 6392
f 6390 6392 6391
f 6748 6751 6747
f 7488 7486 7427
f 7488 7427 7487
f 2277 2316 2305
f 2277 2305 2273
f 4527 4538 4539
f 4527 4539 4522
f 7384 7288 7309
f 7384 7309 7305
f 7384 7305 7306
f 7384 7306 7380
f 7384 7380 7381
f 9012 2813 2837
f 9012 2837 9022
f 7819 7851 7809
f 7819 7809 7808
f 7819 7808 7719
f 7819 7719 7690
f 7819 7690 7756
f 7819 7756 7758
f 7819 7758 7761
f 7819 7761 7769
f 7819 7769 7774
f 7819 7774 7773
f 7819 7773 7772
f 7819 7772 7661
f 7819 7661 7660
f 108 3596 3595
f 108 3595 3588
f 108 3588 3586
f 108 3586 3587
f 108 3587 3594
f 108 3594 75
f 108 75 76
f 108 76 91
f 2970 2978 2998
f 2970 2998 2967
f 8570 8568 6550
f 8570 6550 8576
f 1959 9695 1552
f 195 7919 204
f 8768 8766 8791
f 8768 8791 8787
f 8768 8787 8770
f 6578 6567 6569
f 6578 6569 6572
f 6578 6572 6573
f 6578 6573 6577
f 6578 6577 6581
f 6578 6581 6582
f 6578 6582 6584
f 4173 6422 6403
f 4173 6403 4172
f 8776 8773 8775
f 3086 3073 3056
f 3086 3056 3059
f 3086 3059 3084
f 7008 7007 7011
f 7008 7011 7009
f 7008 7009 7010
f 2363 2369 2356
f 2363 2356 2351
f 2363 2351 2347
f 2363 2347 2346
f 3028 3024 3026
f 3028 3026 3029
f 9122 9204 5850
f 9122 5850 9438
f 9122 9438 9200
f 9122 9200 9165
f 7641 7647 7659
f 7641 7659 7628
f 7641 7628 7627
f 7641 7627 7639
f 10515 10557 10421
f 3254 3435 3358
f 3254 3358 3321
f 8915 8934 8949
f 8915 8949 10542
f 8915 10542 8933
f 6629 6630 6637
f 6629 6637 7367
f 6629 7367 6638
f 2721 2738 2723
f 1437 1436 1434
f 1437 1434 1433
f 1437 1433 1428
f 1437 1428 986
f 1437 986 1443
f 4197 4194 4177
f 4197 4177 4171
f 2442 2486 2490
f 2442 2490 2448
f 4001 8546 8549
f 4001 8549 5604
f 4001 5604 5593
f 4001 5593 5592
f 4001 5592 5599
f 4001 5599 3996
f 4312 4317 4311
f 4312 4311 4289
f 4312 4289 4285
f 5566 5584 5596
f 5582 5592 5593
f 9362 9352 9370
f 9362 9370 6870
f 9362 6870 6868
f 9362 6868 6871
f 9362 6871 6872
f 9362 6872 9375
f 5604 8549 5607
f 5607 8549 5611
f 8549 8541 8542
f 8549 8542 8555
f 8549 8555 5611
f 5508 5506 2537
f 5508 2537 2531
f 5508 2531 2532
f 5609 5608 5601
f 3930 3942 3937
f 3930 3937 3928
f 3930 3928 3922
f 3930 3922 3924
f 5594 5606 8545
f 2236 2229 2232
f 2236 2232 2245
f 2236 2245 2242
f 2236 2242 2247
f 5370 5366 5383
f 5370 5383 5382
f 4054 4058 4055
f 4054 4055 4052
f 2542 2527 2534
f 2542 2534 5501
f 5847 5848 5846
f 5847 5846 5844
f 5353 5352 5358
f 5353 5358 5359
f 2967 2953 2966
f 2967 2966 2968
f 5563 5562 5556
f 5563 5556 5545
f 5563 5545 5552
f 5563 5552 5554
f 9711 9713 9728
f 9711 9728 9735
f 9711 9735 6191
f 2671 2666 8551
f 2671 8551 8545
f 2671 8545 8523
f 5261 5165 5150
f 5261 5150 5154
f 5261 5154 5218
f 5326 7044 5168
f 5326 5168 5171
f 5440 5439 5431
f 5440 5431 5427
f 7543 7503 7510
f 7543 7510 7528
f 5665 5677 5667
f 5665 5667 5655
f 5665 5655 5652
f 5665 5652 5659
f 2671 8533 2674
f 2674 2605 2588
f 8246 8245 8249
f 8246 8249 8250
f 4345 4348 4343
f 949 948 1648
f 949 1648 952
f 949 952 955
f 4574 4015 4020
f 4574 4020 4566
f 4574 4566 4575
f 2671 8523 8533
f 7879 7877 7876
f 7879 7876 7955
f 7879 7955 7949
f 2494 2435 2434
f 2494 2434 2448
f 9304 9299 9355
f 9304 9355 9354
f 9304 9354 9359
f 1339 1340 1314
f 1339 1314 1332
f 1339 1332 1331
f 9561 8719 8720
f 9561 8720 9589
f 9561 9589 9577
f 3985 3965 3966
f 3985 3966 3986
f 3985 3986 3993
f 4273 4266 4288
f 4273 4288 4321
f 7697 7668 7663
f 7697 7663 7737
f 64 187 188
f 64 188 182
f 64 182 186
f 64 186 59
f 6642 6669 6670
f 6642 6670 6641
f 8758 8759 8761
f 8758 8761 8762
f 8758 8762 8763
f 8758 8763 8764
f 4264 4262 4245
f 4264 4245 4255
f 8491 8490 8500
f 8491 8500 8501
f 3448 3446 3271
f 5311 5211 5198
f 5311 5198 5208
f 6941 6939 1353
f 6941 1353 1369
f 8902 8903 8894
f 8902 8894 8895
f 8574 8575 8560
f 8574 8560 8562
f 4685 4654 2913
f 2094 2096 2115
f 2094 2115 2091
f 2094 2091 2090
f 2094 2090 2086
f 2094 2086 2089
f 2094 2089 2088
f 2094 2088 2092
f 5239 5242 5248
f 5239 5248 5247
f 5239 5247 5240
f 2924 4702 9570
f 4702 2924 4645
f 4636 4616 4617
f 4636 4637 4616
f 4641 4637 4636
f 1587 1591 1589
f 1587 1589 1586
f 4616 4623 4613
f 4631 4617 4612
f 10244 1183 10125
f 10244 10125 10249
f 10244 10249 10184
f 8357 8343 8358
f 7566 7592 7649
f 7566 7649 7621
f 7566 7621 7614
f 7566 7614 7620
f 2924 9570 2919
f 9570 9571 2919
f 3922 3920 3917
f 3922 3917 3918
f 3922 3918 3910
f 3922 3910 3908
f 3922 3908 3909
f 3922 3909 3915
f 3922 3915 3924
f 4641 4702 4645
f 4702 4641 4636
f 4636 9558 4702
f 5451 5454 5456
f 5451 5456 5455
f 4705 2924 2913
f 445 491 490
f 445 490 474
f 445 474 472
f 9849 9847 9904
f 9849 9904 9934
f 2945 2930 2934
f 2945 2934 6346
f 2919 2914 2924
f 4705 4645 2924
f 1812 1808 1809
f 1812 1809 1813
f 2718 2715 2712
f 2718 2712 2726
f 2718 2726 8651
f 2718 8651 2728
f 1190 1129 1135
f 1190 1135 1133
f 1190 1133 1126
f 1190 1126 1125
f 289 542 288
f 5690 5691 5681
f 5690 5681 5682
f 8840 8846 8844
f 2388 2428 2410
f 3181 3179 8177
f 6483 6494 6499
f 6483 6499 4180
f 6483 4180 6490
f 6483 6490 6486
f 3276 3297 3300
f 3276 3300 3304
f 2945 6346 6363
f 2903 2902 2908
f 2896 2892 2881
f 2149 2172 2176
f 2149 2176 2177
f 2149 2177 2158
f 2149 2158 2147
f 2149 2147 2145
f 2679 2686 2696
f 2679 2696 2761
f 2679 2761 2769
f 2679 2769 2770
f 2380 2419 2379
f 6271 6306 6354
f 6271 6354 6362
f 6271 6362 6282
f 5370 5371 2389
f 5370 5372 5371
f 2380 2379 2378
f 2382 2380 2381
f 2389 2380 2382
f 2381 2380 2378
f 2143 2150 2134
f 2143 2134 2132
f 1326 1019 1327
f 1326 1327 1331
f 2383 2382 2381
f 4897 4922 4921
f 4897 4921 4902
f 5366 5370 5365
f 5345 5365 5344
f 5360 5345 5346
f 4913 4889 5945
f 4913 5945 5940
f 2419 2417 2379
f 5382 5372 5370
f 6272 6234 6240
f 2385 2384 2387
f 2938 2939 2940
f 5383 5366 5375
f 8108 8100 8589
f 8108 8589 8583
f 8108 8583 8891
f 680 3833 3736
f 680 3736 3804
f 680 3804 3834
f 680 3834 667
f 3784 3786 3823
f 3784 3823 3846
f 3784 3846 3810
f 3784 3810 3782
f 4751 4752 4763
f 4751 4763 4758
f 4751 4758 4760
f 4751 4760 4757
f 8046 8039 8021
f 8046 8021 8022
f 8046 8022 8030
f 8046 8030 8044
f 9430 9433 9432
f 9430 9432 9431
f 9430 9431 5877
f 9430 5877 9429
f 817 819 807
f 817 807 809
f 817 809 810
f 817 810 811
f 817 811 812
f 817 812 813
f 817 813 816
f 6875 7035 7011
f 6875 7011 7007
f 2518 2513 2495
f 2518 2495 2512
f 2385 2387 2386
f 10167 10121 10110
f 10167 10110 10111
f 10167 10111 10118
f 1394 1393 1391
f 1394 1391 1395
f 3208 3222 3218
f 3208 3218 3219
f 3208 3219 3220
f 3208 3220 3221
f 3208 3221 3212
f 9758 9748 9749
f 9758 9749 9750
f 5608 5609 5611
f 5608 5611 8555
f 9173 9182 9174
f 9173 9174 9172
f 9641 9657 9642
f 2182 2181 2164
f 2182 2164 2171
f 2182 2171 2184
f 2182 2184 2191
f 6733 6729 6737
f 6733 6737 6796
f 2936 2913 2910
f 5757 4904 5759
f 5757 5759 5752
f 5757 5752 5750
f 4541 4530 4536
f 4541 4536 9095
f 4541 9095 9101
f 4541 9101 9106
f 2519 2520 2418
f 3273 3272 3297
f 3273 3297 3276
f 8401 8412 132
f 5386 5375 5364
f 5360 5346 5348
f 9989 5691 5690
f 9989 5690 9987
f 1384 1515 1516
f 1384 1516 1743
f 1384 1743 1520
f 343 335 321
f 343 321 319
f 343 319 341
f 343 341 372
f 5368 5387 5384
f 5368 5384 5378
f 5377 5385 5368
f 4734 4723 4729
f 4734 4729 4728
f 5367 5354 5355
f 10237 10221 10198
f 6995 6976 6996
f 6995 6996 7003
f 2113 2205 2095
f 2113 2095 2098
f 4723 4734 4725
f 4728 4729 4711
f 4728 4711 4710
f 4728 4710 4713
f 4728 4713 4738
f 2454 4820 2491
f 2454 2491 2456
f 2454 2456 2455
f 2918 2921 5390
f 3121 3122 3118
f 3121 3118 3120
f 2943 2941 5387
f 5385 5387 5368
f 6862 6863 10384
f 6862 10384 10383
f 6862 10383 6864
f 6862 6864 10397
f 6862 10397 10399
f 6862 10399 6861
f 5378 5364 5354
f 8334 8339 8301
f 8334 8301 8287
f 8334 8287 8288
f 5377 5368 5367
f 5368 5378 5354
f 5367 5368 5354
f 4742 5389 4734
f 6225 6218 6244
f 6225 6244 6245
f 6225 6245 6254
f 6225 6254 6248
f 6225 6248 6247
f 412 401 435
f 412 435 427
f 9393 9418 7210
f 9393 7210 9390
f 8098 8102 8101
f 8098 8101 8099
f 8098 8099 8100
f 2320 2297 2296
f 2320 2296 2321
f 742 723 736
f 742 736 299
f 5987 3134 3129
f 5987 3129 3121
f 5987 3121 5988
f 4733 2906 2905
f 2897 2905 2906
f 2897 2906 2904
f 2897 2904 2903
f 2897 2903 2908
f 4707 4733 4713
f 3742 3745 3759
f 3742 3759 3676
f 3742 3676 3685
f 3742 3685 3755
f 10340 10341 10368
f 10340 10368 10367
f 4733 2923 4713
f 1020 1330 1290
f 1020 1290 1021
f 5248 5319 5318
f 5248 5318 5317
f 5248 5317 5316
f 5248 5316 5302
f 5248 5302 5303
f 5248 5303 5312
f 5248 5312 5309
f 5248 5309 5310
f 5248 5310 5246
f 5248 5246 5247
f 7451 7452 4720
f 3318 3334 3289
f 3318 3289 3286
f 3318 3286 3288
f 3318 3288 3290
f 3318 3290 3327
f 3318 3327 3328
f 3318 3328 3313
f 7456 4735 4736
f 7222 7225 4984
f 7222 4984 4989
f 8023 8040 8035
f 8023 8035 8024
f 8023 8024 8010
f 2429 2349 2350
f 2429 2350 2352
f 6815 6814 10311
f 6815 10311 10305
f 5296 3467 3464
f 5296 3464 3463
f 4912 4888 4889
f 4912 4889 4913
f 4721 4704 4703
f 4721 4703 4711
f 4721 4711 4729
f 4721 4729 4723
f 4721 4723 4725
f 4721 4725 4724
f 4721 4724 4730
f 4721 4730 7585
f 4721 7585 4736
f 4721 4736 4735
f 4721 4735 4715
f 4721 4715 4716
f 4721 4716 4731
f 4727 4717 4726
f 4727 4718 4717
f 4737 4719 4715
f 4715 4735 4737
f 5354 5349 5351
f 5350 5343 5361
f 1721 1720 1724
f 1721 1724 1726
f 1721 1726 1810
f 1721 1810 1480
f 5358 5352 5357
f 5352 5356 5357
f 4909 4942 4931
f 4909 4931 4854
f 4909 4854 4878
f 5876 5867 5863
f 5876 5863 5865
f 5876 5865 5869
f 5876 5869 5870
f 1519 1518 1517
f 7777 7776 7775
f 7777 7775 7773
f 7777 7773 7774
f 4176 4198 4214
f 4176 4214 4215
f 4176 4215 4201
f 5847 5844 5843
f 5847 5843 9437
f 5847 9437 9438
f 5847 9438 5850
f 8202 5962 5972
f 8202 5972 8206
f 2394 2371 2367
f 2394 2367 2368
f 2368 2367 2364
f 447 446 434
f 447 434 405
f 447 405 382
f 447 382 387
f 8190 8189 8193
f 8190 8193 8192
f 6641 7312 7371
f 6641 7371 6640
f 6731 6676 6803
f 6731 6803 6824
f 6731 6824 10505
f 6731 10505 10385
f 6731 10385 6795
f 6119 5673 5676
f 6119 5676 6120
f 8998 8990 8991
f 8998 8991 8987
f 8998 8987 8999
f 7456 4736 7544
f 7456 7544 7477
f 7456 7477 7455
f 10430 10428 10429
f 10430 10429 6755
f 10430 6755 6780
f 5736 5720 5729
f 5736 5729 5738
f 7164 7161 7163
f 7164 7163 7166
f 4688 3840 4687
f 589 4688 4689
f 3640 3641 3635
f 3640 3635 3633
f 3640 3633 3634
f 3640 3634 3638
f 3640 3638 3639
f 5036 5037 5054
f 5036 5054 5051
f 4665 4663 4664
f 4665 4664 4683
f 5193 5201 5220
f 5193 5220 5152
f 5193 5152 5221
f 5193 5221 5225
f 5193 5225 5216
f 5193 5216 5217
f 5193 5217 5213
f 5193 5213 5214
f 5193 5214 5222
f 5193 5222 5197
f 1485 1484 1483
f 1485 1483 1438
f 3790 3787 3792
f 6929 10060 10062
f 6929 10062 10064
f 6929 10064 10063
f 6929 10063 6922
f 6929 6922 6925
f 8654 8653 8671
f 4706 4696 4671
f 1699 1695 1262
f 1699 1262 1696
f 1699 1696 1697
f 7272 7274 7273
f 7272 7273 7276
f 7272 7276 7275
f 7272 7275 7277
f 4448 4447 4472
f 4448 4472 4475
f 4448 4475 4474
f 4448 4474 4445
f 4448 4445 4444
f 4680 4665 4683
f 4164 4160 4193
f 4164 4193 4179
f 1056 1072 1076
f 1056 1076 1058
f 1056 1058 1054
f 1056 1054 1038
f 1056 1038 1049
f 1421 915 924
f 1421 924 1420
f 4671 4672 4673
f 7152 7192 8212
f 7152 8212 7157
f 4662 4661 4657
f 3795 3793 3792
f 3795 3792 3787
f 3795 3787 3836
f 3795 3836 3839
f 3795 3839 3840
f 3790 3792 3793
f 4062 4061 4064
f 4062 4064 4063
f 3839 4679 4682
f 459 432 537
f 459 537 455
f 459 455 456
f 5072 5083 5080
f 5072 5080 5050
f 5072 5050 5049
f 4372 4370 4380
f 4372 4380 4375
f 4372 4375 4374
f 570 572 577
f 570 577 575
f 570 575 574
f 570 574 571
f 4722 7461 4692
f 7460 7461 4722
f 4446 4389 4439
f 4446 4439 4440
f 4692 4671 4684
f 4692 4684 4704
f 3852 3812 4660
f 4661 3852 4660
f 3570 3569 3555
f 3570 3555 3556
f 3570 3556 3571
f 3570 3571 3572
f 3570 3572 3434
f 3570 3434 3311
f 9440 9211 9201
f 9440 9201 9209
f 3819 3852 4661
f 6477 6473 6471
f 6477 6471 6472
f 6477 6472 6484
f 6477 6484 6485
f 9289 9293 9316
f 9289 9316 9326
f 9289 9326 9356
f 9289 9356 9321
f 9289 9321 9322
f 1187 1183 10244
f 1187 10244 10205
f 1187 10205 10203
f 1187 10203 10260
f 1187 10260 10238
f 1187 10238 6359
f 1187 6359 6358
f 1187 6358 6294
f 1187 6294 6337
f 1187 6337 6338
f 1187 6338 977
f 10224 10225 10223
f 10224 10223 10186
f 1255 1243 1682
f 1255 1682 1675
f 1255 1675 1676
f 9497 9493 9495
f 90 86 88
f 90 88 115
f 734 725 724
f 734 724 737
f 6307 6348 6347
f 6307 6347 6336
f 6461 6475 6472
f 6461 6472 6471
f 6461 6471 6464
f 9261 9257 9256
f 9261 9256 9248
f 9261 9248 9234
f 9261 9234 9233
f 9261 9233 9232
f 9856 9857 9372
f 9856 9372 9351
f 9856 9351 9854
f 3463 5292 5294
f 3463 5294 5296
f 4695 4698 4701
f 3186 3189 3214
f 3186 3214 3187
f 3186 3187 3188
f 589 4689 590
f 4689 4686 4698
f 588 590 599
f 4689 4698 4695
f 590 4689 4695
f 4708 590 4695
f 1265 1221 1220
f 1265 1220 1226
f 974 973 972
f 974 972 975
f 8025 8026 8027
f 8746 8747 6950
f 8746 6950 6946
f 8878 8881 8873
f 8878 8873 8857
f 939 928 925
f 939 925 922
f 939 922 936
f 7481 7462 7459
f 6551 6546 6543
f 6551 6543 6547
f 4023 4019 4005
f 4023 4005 4003
f 4023 4003 4009
f 7501 7504 7502
f 7490 7002 6981
f 7490 6981 6997
f 7490 6997 6999
f 7490 6999 7480
f 7490 7480 7477
f 7490 7477 7485
f 7490 7485 7529
f 7490 7529 7489
f 7490 7489 7491
f 7490 7491 7492
f 61 117 119
f 61 119 120
f 61 120 57
f 7480 6999 7468
f 7960 7958 7964
f 7960 7964 7980
f 7960 7980 7999
f 7960 7999 7976
f 5124 5116 5118
f 5124 5118 5291
f 5124 5291 5126
f 594 526 522
f 594 522 531
f 594 531 597
f 8482 8498 8497
f 8482 8497 8493
f 6934 6942 6930
f 6934 6930 6926
f 6934 6926 6917
f 7960 7976 7963
f 7960 7963 7951
f 7960 7951 7942
f 2337 2338 2374
f 2337 2374 2373
f 1741 1708 1706
f 1741 1706 1737
f 1741 1737 1740
f 8313 8315 8317
f 8313 8317 8311
f 8313 8311 8310
f 8686 8507 8515
f 8686 8515 8685
f 729 725 734
f 729 734 285
f 729 285 69
f 729 69 68
f 2367 2370 2366
f 2366 2369 2363
f 5362 2365 5361
f 10309 10295 10300
f 10309 10300 10520
f 10361 10364 10323
f 2341 2343 2336
f 356 369 511
f 356 511 499
f 356 499 447
f 356 447 387
f 9023 5927 5929
f 9023 5929 9020
f 2364 2363 2362
f 2541 2544 2518
f 2541 2518 2533
f 7450 7457 7459
f 7450 7459 7451
f 7503 7500 7502
f 8556 8563 8564
f 8556 8564 8562
f 1758 1759 1761
f 1758 1761 1757
f 532 526 594
f 532 594 585
f 10602 10505 6824
f 10602 6824 10446
f 891 907 929
f 891 929 931
f 801 785 860
f 801 860 859
f 9318 9337 9376
f 9318 9376 9338
f 8679 8505 8507
f 8679 8507 8686
f 2654 2650 2651
f 2654 2651 2655
f 2580 2566 2567
f 2580 2567 2578
f 2580 2578 2582
f 6585 6601 6605
f 6585 6605 6808
f 10021 10020 5744
f 10021 5744 5745
f 3432 3551 3549
f 3432 3549 3430
f 1318 1324 1227
f 1318 1227 1323
f 1318 1323 999
f 8476 8475 8444
f 8476 8444 8448
f 8476 8448 8483
f 559 563 568
f 559 568 561
f 8477 8476 8479
f 10145 10146 10139
f 10145 10139 10137
f 5560 5587 5537
f 5560 5537 5531
f 7708 7706 7702
f 7708 7702 7699
f 7708 7699 7701
f 7708 7701 7710
f 7708 7710 7716
f 7708 7716 7718
f 7708 7718 7717
f 5558 5578 2734
f 5558 2734 5557
f 5522 5529 5527
f 5522 5527 5526
f 5522 5526 5516
f 5531 5527 5529
f 5531 5529 5560
f 1043 1042 1040
f 1043 1040 1033
f 1043 1033 1052
f 1043 1052 1053
f 1679 951 1685
f 1679 1685 1680
f 5181 5157 5162
f 5181 5162 5180
f 8894 8891 8887
f 8894 8887 8895
f 3352 3375 3376
f 3352 3376 3357
f 2914 2917 2924
f 8713 9561 9475
f 8713 9475 9473
f 5140 5159 5153
f 5140 5153 5155
f 6087 6081 10473
f 6087 10473 10478
f 6087 10478 6086
f 5522 5528 5535
f 6538 6542 6540
f 6538 6540 6532
f 4792 4819 4821
f 4792 4821 4789
f 4792 4789 4787
f 3816 3832 3809
f 3816 3809 3767
f 2843 2810 2804
f 2843 2804 2834
f 8884 8840 8839
f 8884 8839 8835
f 2017 2018 2014
f 2017 2014 2015
f 2376 2378 2379
f 2376 2379 2377
f 2376 2377 2375
f 2376 2375 2358
f 10398 8952 10591
f 10398 10591 8961
f 10398 8961 10380
f 10398 10380 10381
f 7257 7754 7796
f 7257 7796 7256
f 9611 9616 1856
f 9611 1856 1843
f 9611 1843 1823
f 9611 1823 1799
f 3873 3874 3868
f 3873 3868 3865
f 3873 3865 3864
f 3873 3864 3867
f 3873 3867 3871
f 7232 7234 7235
f 7232 7235 7233
f 7473 502 514
f 7473 514 530
f 7473 530 7472
f 7473 7472 7471
f 7473 7471 7446
f 7473 7446 7433
f 7473 7433 7426
f 7473 7426 7474
f 1248 1693 1694
f 1248 1694 1383
f 1248 1383 1387
f 1248 1387 1388
f 1248 1388 1692
f 4765 4766 4795
f 4765 4795 4790
f 4765 4790 4767
f 9302 9300 9315
f 9302 9315 9319
f 1963 1962 1983
f 4232 9737 9743
f 4232 9743 9742
f 4232 9742 9810
f 6282 6335 6272
f 6282 6272 6242
f 2586 2661 2587
f 2587 2661 2594
f 2586 2587 2581
f 2587 2594 2581
f 2585 2586 2582
f 2585 2582 2579
f 2585 2579 2583
f 2585 2583 2584
f 2585 2584 2589
f 2585 2589 2592
f 2585 2592 2588
f 6154 6162 8578
f 6154 8578 8574
f 6154 8574 8571
f 8224 8223 8216
f 8224 8216 8225
f 3264 3248 3253
f 3264 3253 3252
f 3264 3252 3265
f 3264 3265 3260
f 3264 3260 3257
f 3264 3257 3267
f 3264 3267 3256
f 3264 3256 3259
f 3264 3259 3258
f 7036 7007 7006
f 7036 7006 7030
f 2582 2586 2581
f 9997 5693 5691
f 9997 5691 9989
f 9997 9989 9966
f 9997 9966 9967
f 8674 8673 8521
f 8674 8521 8510
f 8674 8510 8506
f 7053 7057 7054
f 7053 7054 7073
f 7053 7073 7072
f 260 274 285
f 260 285 284
f 260 284 292
f 123 115 131
f 123 131 124
f 7356 7277 7275
f 7356 7275 7278
f 1773 935 938
f 1773 938 943
f 1773 943 1755
f 9504 9506 9505
f 9504 9505 9503
f 9504 9503 9501
f 1050 1046 1043
f 6375 6388 6380
f 6375 6380 6354
f 6375 6354 6357
f 7605 7619 7650
f 7605 7650 7642
f 7605 7642 7633
f 7605 7633 7634
f 7605 7634 7610
f 4927 4907 4890
f 4927 4890 4887
f 4927 4887 4895
f 4927 4895 4908
f 2177 2313 2275
f 2177 2275 2180
f 8344 8365 8370
f 8344 8370 8360
f 8344 8360 8355
f 918 897 896
f 918 896 1971
f 8469 3998 3708
f 8469 3708 3707
f 8987 8979 8989
f 8987 8989 6108
f 8987 6108 6109
f 6640 6637 6630
f 6640 6630 6636
f 4283 4282 4274
f 4283 4274 4268
f 293 295 300
f 10106 10170 10122
f 10106 10122 10105
f 7369 7355 7362
f 7369 7362 6645
f 7748 7747 7709
f 6135 6134 6136
f 6135 6136 6139
f 3940 3954 3976
f 3940 3976 3941
f 1575 1571 1576
f 1575 1576 1577
f 2636 2602 2637
f 10261 10262 10274
f 10261 10274 10275
f 10261 10275 10278
f 8940 8941 8942
f 8940 8942 8851
f 8940 8851 8862
f 8940 8862 8861
f 2681 8480 2602
f 2599 2600 2601
f 2599 2601 2597
f 2599 2597 2570
f 10519 10565 10377
f 2574 2572 2571
f 8166 8165 8160
f 8166 8160 8163
f 7439 7430 7417
f 7439 7417 7416
f 7439 7416 7424
f 7439 7424 7437
f 7439 7437 7004
f 5877 5868 5862
f 5877 5862 5867
f 5087 5090 9103
f 5087 9103 5093
f 1234 1256 10166
f 1234 10166 10112
f 1234 10112 10102
f 1234 10102 1118
f 1234 1118 1117
f 2577 2606 2614
f 9983 5737 5732
f 9983 5732 5740
f 1320 1317 1316
f 8504 8482 8477
f 8504 8477 8479
f 4802 4801 4771
f 4802 4771 4788
f 8340 8346 8336
f 8340 8336 8305
f 8340 8305 8306
f 8340 8306 8332
f 2573 8480 2681
f 345 378 357
f 345 357 342
f 3507 3469 3470
f 3507 3470 3477
f 2730 2766 2765
f 2730 2765 2739
f 2730 2739 2716
f 2570 2573 2599
f 2575 2570 2597
f 2677 8480 2573
f 2677 8484 8480
f 8756 2545 2547
f 8756 2547 8788
f 10222 10216 10192
f 10222 10192 10183
f 10222 10183 10188
f 2565 2598 2563
f 5982 4404 4405
f 5982 4405 4471
f 5982 4471 5981
f 8497 8498 8494
f 8494 8498 8496
f 7412 7431 7423
f 7412 7423 7413
f 8831 8109 8101
f 8831 8101 8102
f 8831 8102 8105
f 7783 7743 2833
f 3611 3613 3618
f 3611 3618 3648
f 3611 3648 3642
f 3611 3642 3651
f 3611 3651 3615
f 8496 8498 8499
f 1412 1414 1415
f 1412 1415 1340
f 1412 1340 1339
f 1412 1339 1354
f 1412 1354 1410
f 1412 1410 1411
f 2639 2640 2641
f 2641 2640 2645
f 3967 3966 3948
f 3967 3948 3944
f 3967 3944 3935
f 3967 3935 3956
f 8495 2653 2640
f 7045 7048 7047
f 7045 7047 7046
f 7045 7046 7044
f 7045 7044 5326
f 7045 5326 5325
f 2606 2633 2615
f 1232 1252 1698
f 1232 1698 1697
f 1232 1697 1696
f 800 3714 783
f 2637 2640 2639
f 7701 7699 7700
f 7701 7700 7713
f 7701 7713 7696
f 7701 7696 7676
f 7701 7676 7685
f 7701 7685 7686
f 2608 2596 2609
f 263 264 266
f 263 266 267
f 263 267 262
f 7891 7905 7890
f 7891 7890 7880
f 4034 4053 4553
f 4034 4553 4558
f 7996 8018 8033
f 4022 4021 4016
f 6480 6476 6469
f 6480 6469 6467
f 4014 4018 4017
f 8581 9741 9744
f 8581 9744 8580
f 4481 4491 4492
f 4481 4492 4486
f 3148 3160 3153
f 3148 3153 3149
f 2618 2620 2619
f 771 774 697
f 771 697 684
f 771 684 787
f 771 787 758
f 771 758 750
f 771 750 748
f 771 748 772
f 2 5772 5830
f 2 5830 5751
f 4504 4501 4497
f 4504 4497 4496
f 4682 4681 4697
f 4682 4697 4686
f 8696 8710 8691
f 8696 8691 8694
f 2471 2489 2502
f 2471 2502 2470
f 3207 3178 3180
f 3207 3180 3206
f 2251 8705 7236
f 2251 7236 2438
f 6246 977 6338
f 6246 6338 6280
f 3127 8822 3126
f 5049 5048 5076
f 5049 5076 5072
f 2637 2642 8495
f 2637 8495 2640
f 4336 4413 4419
f 4336 4419 4406
f 4567 4573 4572
f 4567 4572 4571
f 4567 4571 4569
f 4567 4569 4568
f 4567 4568 4570
f 1364 1337 1247
f 1364 1247 1285
f 8934 8915 8905
f 8934 8905 8908
f 8934 8908 8914
f 8934 8914 8927
f 4874 5872 5874
f 5875 4918 4873
f 5875 4873 4874
f 5875 4874 5874
f 5854 5856 5769
f 5854 5769 5771
f 7540 7534 7533
f 7540 7533 6992
f 7540 6992 7538
f 7540 7538 7490
f 7540 7490 7492
f 7540 7492 7494
f 7197 7211 9394
f 7197 9394 9396
f 7197 9396 7214
f 1488 1524 1525
f 1488 1525 1522
f 1488 1522 1516
f 1488 1516 1518
f 1488 1518 1519
f 5872 5875 5874
f 6284 6350 6335
f 6284 6335 6282
f 6284 6282 6362
f 6284 6362 6371
f 6284 6371 6369
f 6284 6369 6339
f 6284 6339 6302
f 6284 6302 6229
f 4928 5872 4874
f 883 888 887
f 883 887 884
f 8979 8987 8991
f 8979 8991 8977
f 5873 5872 4928
f 3573 3574 3482
f 3573 3482 3532
f 3573 3532 3439
f 9397 9399 9404
f 9404 9399 9403
f 9403 9399 9402
f 9399 9401 9402
f 5487 5433 5434
f 5487 5434 5436
f 5487 5436 5490
f 4839 4824 4856
f 4873 4856 4824
f 4873 4918 4856
f 4494 4493 4506
f 4494 4506 4466
f 4494 4466 4463
f 4494 4463 4486
f 4494 4486 4492
f 4918 4905 4856
f 7239 7238 7237
f 4909 4878 4869
f 7812 7970 7977
f 7812 7977 7979
f 7812 7979 7988
f 7812 7988 7789
f 4931 4850 4872
f 4931 4872 4854
f 4875 4848 4849
f 1494 1442 1504
f 1494 1504 1505
f 653 652 650
f 653 650 629
f 653 629 614
f 653 614 670
f 653 670 671
f 653 671 676
f 653 676 665
f 653 665 656
f 653 656 657
f 172 65 62
f 172 62 181
f 172 181 174
f 3132 3127 3125
f 3132 3125 3123
f 4870 4886 4890
f 4870 4890 4907
f 4870 4907 4858
f 4870 4858 4851
f 4854 4838 4847
f 4837 4851 4858
f 4837 4858 4868
f 4837 4868 4847
f 4837 4847 4838
f 4868 4869 4878
f 4868 4878 4854
f 4868 4854 4847
f 4872 4844 4854
f 4844 4827 4825
f 4844 4825 4845
f 10442 10441 10448
f 9401 9399 9400
f 10428 10427 6797
f 10428 6797 6798
f 10428 6798 10429
f 8219 8221 8222
f 8219 8222 8234
f 8219 8234 8233
f 8219 8233 8232
f 8219 8232 8231
f 9439 5850 9204
f 9439 9204 9218
f 6576 6568 6588
f 6576 6588 6594
f 4959 4958 2205
f 4959 2205 2113
f 4959 2113 4969
f 4959 4969 4963
f 4959 4963 4962
f 2542 5498 2538
f 2542 2538 2523
f 2542 2523 2527
f 4947 4948 4879
f 4970 4948 4947
f 4876 4879 4875
f 4876 4875 4849
f 4876 4849 4850
f 7211 7197 7194
f 7211 7194 7193
f 4948 4970 7199
f 7194 7197 7198
f 1137 10109 10120
f 1137 10120 10151
f 1137 10151 10131
f 1137 10131 10124
f 1137 10124 1229
f 798 859 855
f 798 855 846
f 798 846 856
f 2445 2287 2318
f 2445 2318 2449
f 7782 7777 7774
f 7782 7774 7769
f 2965 2966 2953
f 2965 2953 2964
f 1024 1022 1021
f 1024 1021 1273
f 461 465 442
f 461 442 429
f 461 429 410
f 461 410 433
f 4996 4951 4975
f 2285 2292 2291
f 2285 2291 2286
f 9270 9272 9262
f 9270 9262 9256
f 9270 9256 9257
f 9270 9257 9271
f 8257 8259 8255
f 8257 8255 8251
f 8257 8251 8252
f 1616 1614 1615
f 1616 1615 1617
f 1616 1617 981
f 1143 1108 1107
f 4539 4538 5082
f 4539 5082 4823
f 819 827 806
f 819 806 807
f 6490 4180 4157
f 6490 4157 6493
f 4385 4384 4383
f 4385 4383 4362
f 4385 4362 4396
f 922 925 910
f 922 910 902
f 3032 3033 3058
f 3032 3058 3142
f 3032 3142 3143
f 3032 3143 3144
f 6852 10597 10584
f 6852 10584 6866
f 6852 6866 6851
f 6852 6851 6786
f 6852 6786 6675
f 6852 6675 6679
f 6852 6679 6821
f 8279 8293 8294
f 8279 8294 8302
f 8279 8302 8303
f 8279 8303 8306
f 8279 8306 8305
f 8279 8305 8295
f 8279 8295 8289
f 8279 8289 8280
f 8279 8280 8281
f 8279 8281 8282
f 8320 8341 8323
f 8236 8235 8222
f 8236 8222 8223
f 4417 4331 4335
f 4417 4335 4411
f 5323 5178 5176
f 5323 5176 5331
f 8275 8278 8276
f 4546 4549 4550
f 4546 4550 4547
f 4546 4547 4548
f 4546 4548 9382
f 4546 9382 9383
f 634 662 684
f 7469 7465 7458
f 7469 7458 7462
f 7207 7212 7213
f 7207 7213 7208
f 7207 7208 7202
f 7207 7202 7201
f 7207 7201 7205
f 7207 7205 7206
f 7837 7836 7838
f 7837 7838 7839
f 9498 9502 9534
f 9498 9534 9531
f 9498 9531 9497
f 4544 9384 9389
f 9385 9386 9384
f 9385 9384 4544
f 9385 4544 4545
f 9385 4545 4546
f 9385 4546 9383
f 10029 10024 9969
f 10029 9969 10000
f 10029 10000 10018
f 66 206 187
f 66 187 64
f 10115 10108 10110
f 10115 10110 10121
f 4057 4054 4038
f 4057 4038 4040
f 7394 7399 7415
f 7394 7415 7409
f 2873 2878 2916
f 2873 2916 2882
f 3234 3185 8183
f 3234 8183 8184
f 3234 8184 3233
f 3234 3233 3224
f 8399 8420 8402
f 8399 8402 8395
f 1262 1693 1204
f 1262 1204 1236
f 5960 5951 5943
f 5960 5943 5949
f 5960 5949 5962
f 4266 4255 4258
f 4266 4258 4288
f 4202 4222 4191
f 4202 4191 4181
f 8825 8828 3539
f 8825 3539 3538
f 9421 9258 9249
f 6433 6537 6540
f 6433 6540 6435
f 9249 9423 9416
f 9249 9416 9412
f 9249 9412 9421
f 8538 8522 8532
f 8538 8532 8546
f 8538 8546 4001
f 8538 4001 3991
f 8538 3991 3988
f 7362 7355 7353
f 7362 7353 7363
f 1559 1558 1557
f 1559 1557 1560
f 6862 6847 6737
f 6862 6737 6678
f 6862 6678 10574
f 6862 10574 6863
f 6698 6700 6695
f 6698 6695 6696
f 2974 2979 2977
f 2974 2977 2975
f 2974 2975 2980
f 2974 2980 2984
f 2974 2984 2983
f 2974 2983 2962
f 7228 7231 7234
f 7228 7219 7218
f 7228 7218 7229
f 7228 7229 7231
f 7227 7221 7219
f 7219 7215 7209
f 7219 7209 7207
f 7219 7207 7220
f 7219 7220 7218
f 8708 7224 7230
f 1922 1923 1934
f 1922 1934 1920
f 5902 5913 5911
f 5902 5911 5900
f 5902 5900 5899
f 7221 7215 7219
f 5327 5314 5323
f 5327 5323 5328
f 8705 8706 7236
f 7235 7234 2112
f 3362 3329 3313
f 3362 3313 3328
f 3362 3328 3330
f 3362 3330 3363
f 2438 7236 2221
f 7234 7232 7228
f 8868 8866 8865
f 8868 8865 8864
f 8868 8864 8863
f 8868 8863 8867
f 2111 2221 2112
f 8955 8876 8854
f 8955 8854 8874
f 7229 7220 4990
f 7235 2112 2221
f 7235 2221 7236
f 7220 7222 4990
f 4988 4989 4986
f 7218 7220 7229
f 7287 7285 7282
f 7287 7282 7286
f 374 373 393
f 374 393 386
f 374 386 379
f 2069 2074 2073
f 7988 8009 7776
f 7988 7776 7777
f 7988 7777 7789
f 5343 5363 5362
f 5343 5362 5361
f 5550 5565 5555
f 5550 5555 5544
f 4986 4985 4987
f 4987 4985 4992
f 10084 10093 10086
f 10084 10086 10069
f 4300 4297 4299
f 4300 4299 4303
f 2083 2079 2075
f 2083 2075 2084
f 2083 2084 2087
f 5046 5044 5043
f 5046 5043 5045
f 5046 5045 5047
f 4022 4028 4030
f 4022 4030 4021
f 10527 10537 10588
f 10527 10588 10392
f 2459 2466 2461
f 2459 2461 2460
f 1209 1230 1176
f 1209 1176 1169
f 1209 1169 1205
f 4990 4988 2067
f 7231 7229 2070
f 5009 5004 5006
f 4988 4986 2074
f 2073 2074 2085
f 7491 7489 7525
f 7491 7525 7505
f 7491 7505 7504
f 7491 7504 7501
f 7491 7501 7499
f 7491 7499 7497
f 4985 4998 4992
f 2510 2511 2516
f 2510 2516 2509
f 2510 2509 2499
f 1158 1157 1240
f 1158 1240 1689
f 1158 1689 1243
f 1158 1243 1207
f 4998 5001 5009
f 4985 4993 4998
f 4998 4993 5001
f 6158 6167 6171
f 6158 6171 6160
f 7225 4982 4984
f 7660 7793 7867
f 7660 7867 7819
f 4206 4484 4473
f 4206 4473 4199
f 8910 8937 8913
f 8910 8913 8899
f 7772 8059 8057
f 7772 8057 8058
f 7772 8058 7636
f 7772 7636 7661
f 5453 5452 5401
f 5453 5401 5447
f 7721 7723 7722
f 7721 7722 7733
f 7721 7733 7720
f 7721 7720 7707
f 7721 7707 7712
f 3085 3094 3100
f 3085 3100 3096
f 3085 3096 3093
f 3085 3093 3092
f 3085 3092 3099
f 3085 3099 3076
f 3085 3076 3077
f 8940 8951 8959
f 8940 8959 8958
f 8940 8958 8946
f 8940 8946 8941
f 3845 3872 3878
f 3845 3878 3853
f 3845 3853 3848
f 5440 5427 5428
f 5440 5428 5441
f 8612 7912 7915
f 8612 7915 8613
f 8701 8699 8703
f 8701 8703 8704
f 8703 8708 8706
f 8703 8706 8704
f 8354 8375 8376
f 8354 8376 8358
f 8354 8358 8343
f 8700 8701 8702
f 1081 1014 990
f 1081 990 1022
f 1081 1022 1024
f 2246 8705 2251
f 2170 2251 2106
f 2251 2438 2106
f 2106 2438 2221
f 9105 4534 4526
f 9105 4526 4533
f 2246 2251 2245
f 2106 2221 2111
f 667 659 658
f 667 658 663
f 667 663 680
f 8696 8694 8695
f 8695 8694 8693
f 59 62 53
f 59 53 49
f 59 49 47
f 59 47 64
f 1636 1637 1634
f 8693 8692 8699
f 8711 9557 8708
f 2572 2573 2570
f 2572 2570 2571
f 3218 3227 3219
f 8901 8896 8895
f 8901 8895 8887
f 8901 8887 8888
f 8901 8888 8890
f 7213 7226 4562
f 5259 5268 5269
f 5259 5269 5270
f 5259 5270 5254
f 5259 5254 5230
f 4549 4562 4555
f 4549 4555 4551
f 4549 4551 4550
f 9301 9309 9330
f 9301 9330 9337
f 9301 9337 9318
f 8502 2605 2674
f 8502 2674 8533
f 8502 8533 8523
f 8502 8523 8501
f 8502 8501 8500
f 9255 9269 4058
f 9255 4058 4057
f 9255 4057 4060
f 9255 4060 9271
f 9255 9271 9257
f 9255 9257 9261
f 10073 10077 10090
f 10073 10090 10084
f 9151 9167 9168
f 9151 9168 9171
f 9403 5873 4928
f 9403 4928 4929
f 4596 4588 4595
f 4603 4563 9546
f 8709 9548 9549
f 8692 8707 8699
f 8703 8711 8708
f 1766 1774 1769
f 1766 1769 1771
f 1766 1771 1770
f 1766 1770 1755
f 1766 1755 1751
f 1766 1751 1757
f 1766 1757 1761
f 1766 1761 1762
f 1766 1762 1764
f 5958 5961 8203
f 5958 8203 5968
f 7871 7872 7833
f 7871 7833 7693
f 7871 7693 7801
f 7871 7801 7803
f 7871 7803 7854
f 7871 7854 7869
f 7871 7869 7870
f 7422 7425 7426
f 7422 7426 7433
f 7422 7433 7436
f 7422 7436 7438
f 9130 9126 9119
f 10286 10258 10259
f 10286 10259 10279
f 10286 10279 10285
f 9553 9552 9551
f 9553 9551 4556
f 9553 4556 4555
f 9553 4555 4562
f 9553 4562 7226
f 3582 3616 3608
f 2984 2980 2981
f 6881 6887 6886
f 6881 6886 6882
f 1415 1580 1361
f 1415 1361 1340
f 4160 4145 4154
f 4160 4154 4161
f 3680 3679 3684
f 3680 3684 3753
f 3680 3753 3820
f 3680 3820 3844
f 1701 1702 1598
f 1701 1598 1597
f 1701 1597 1700
f 3716 3714 3715
f 8813 8814 8892
f 8813 8892 8893
f 8813 8893 8889
f 8813 8889 8590
f 7041 7042 7038
f 7041 7038 5164
f 7041 5164 5173
f 3735 3732 3731
f 3730 3747 3731
f 3748 3740 3739
f 5428 5427 5425
f 5428 5425 5426
f 5428 5426 5420
f 1437 1439 1438
f 1437 1438 1436
f 5464 5473 5477
f 5464 5477 5471
f 10113 10104 10098
f 10113 10098 10114
f 10113 10114 10116
f 8317 8315 8329
f 8317 8329 8344
f 8317 8344 8355
f 8317 8355 8324
f 6537 6539 6535
f 6537 6535 6533
f 7503 7502 7507
f 7503 7507 7510
f 5649 5728 5716
f 5649 5716 5647
f 5649 5647 5656
f 10601 10387 10386
f 3729 3720 3721
f 8226 8224 8225
f 8226 8225 8229
f 2073 2075 2072
f 2073 2072 2068
f 2073 2068 2069
f 10577 6816 6815
f 10577 6815 10305
f 9430 9209 9208
f 9430 9208 9433
f 4561 4559 4563
f 4561 4563 4603
f 4561 4603 4605
f 4561 4605 4604
f 4561 4604 4565
f 4561 4565 4592
f 2707 2708 2709
f 1667 1659 1662
f 1667 1662 1665
f 1667 1665 1666
f 1667 1666 1672
f 1667 1672 1673
f 1667 1673 1674
f 784 3720 3729
f 784 3729 853
f 784 853 796
f 784 796 851
f 784 851 799
f 9078 9074 9076
f 9078 9076 9077
f 2610 2609 2596
f 2610 2596 2583
f 2610 2583 2579
f 2610 2579 2568
f 2610 2568 2562
f 2610 2562 2591
f 1545 1547 1534
f 1545 1534 1535
f 2650 2686 2679
f 2650 2679 2647
f 7227 7219 7228
f 7227 7228 7232
f 10127 1130 1124
f 10127 1124 1229
f 10127 1229 10124
f 1013 1004 997
f 9753 9752 9751
f 9753 9751 9757
f 9753 9757 9755
f 9753 9755 9756
f 5541 5534 3994
f 5541 3994 3974
f 5541 3974 3982
f 5189 5203 5194
f 5189 5194 5188
f 10269 10268 10266
f 706 705 719
f 10269 10266 10270
f 2469 2468 2473
f 2469 2473 2477
f 2299 2264 2263
f 2258 2241 2250
f 2266 2250 2252
f 3502 3524 3390
f 3502 3390 3391
f 9956 4229 4215
f 9956 4215 4214
f 9956 4214 4234
f 8722 8724 8728
f 8722 8728 9582
f 8722 9582 9583
f 8722 9583 8723
f 8722 8723 8720
f 8722 8720 8721
f 2248 2244 2257
f 4055 4056 4051
f 4055 4051 4052
f 5903 5889 5901
f 5903 5901 5915
f 8194 8193 8189
f 8194 8189 8188
f 10500 10498 10497
f 10500 10497 10489
f 10500 10489 10487
f 10500 10487 10590
f 2933 2926 6378
f 2933 6378 6367
f 3259 3256 3261
f 528 532 585
f 528 585 582
f 528 582 584
f 8289 8295 8296
f 8289 8296 8291
f 10265 10266 10267
f 10263 10266 10265
f 2264 2258 2263
f 2298 2266 2252
f 2955 2950 2958
f 2955 2958 2961
f 2252 2248 2253
f 6115 10491 10499
f 6115 10499 10492
f 6115 10492 6112
f 812 811 814
f 3688 3686 3647
f 3688 3647 3675
f 5847 5850 5849
f 5847 5849 5848
f 8233 8244 8240
f 8233 8240 8232
f 6471 6473 6465
f 6471 6465 6464
f 7494 7493 7496
f 7494 7496 7495
f 1497 1494 1505
f 1497 1505 1507
f 1497 1507 1503
f 4728 4742 4734
f 10285 6274 6297
f 10285 6297 10287
f 10285 10287 10286
f 8086 8081 8092
f 8086 8092 8095
f 8086 8095 7856
f 8086 7856 8097
f 2321 2296 2300
f 2300 6270 2321
f 3730 3731 3732
f 3730 3732 3728
f 3730 3728 3726
f 3730 3726 3727
f 5343 5350 5356
f 5343 5356 5352
f 5343 5352 5342
f 10211 10210 10213
f 10211 10213 10226
f 10211 10226 10220
f 10211 10220 10212
f 6144 6154 6151
f 6144 6151 6142
f 2847 2853 2872
f 2847 2872 2866
f 2847 2866 2857
f 10215 10213 10214
f 10228 10214 10221
f 4737 4735 7456
f 4737 7456 7455
f 10229 10228 10221
f 10279 10230 10246
f 1034 1035 1036
f 1034 1036 1032
f 1034 1032 1031
f 1034 1031 1030
f 1034 1030 1029
f 1034 1029 1037
f 1034 1037 1038
f 1034 1038 1028
f 10231 10272 10248
f 10273 10248 10272
f 10248 10273 2321
f 2178 2160 2153
f 2178 2153 2169
f 2178 2169 2186
f 2178 2186 2183
f 10248 2321 6270
f 5709 5712 5714
f 5709 5714 5713
f 4298 4313 4315
f 4298 4315 3062
f 2793 6110 6106
f 2793 6106 6104
f 2296 2297 2299
f 2296 2299 2298
f 2296 2298 2295
f 2296 2295 2300
f 4030 4052 4051
f 4030 4051 4053
f 4030 4053 4034
f 3887 3888 3891
f 3887 3891 3892
f 3887 3892 3886
f 9436 9437 9435
f 9436 9435 9431
f 9436 9431 9432
f 9436 9432 9434
f 3195 3194 3191
f 3195 3191 3192
f 3195 3192 3190
f 3195 3190 3193
f 1564 1573 1565
f 1564 1565 1563
f 1564 1563 1553
f 1564 1553 1550
f 10219 10209 10211
f 10219 10211 10212
f 10219 10212 10240
f 10219 10240 10238
f 8660 8661 8662
f 8660 8662 8663
f 8660 8663 8665
f 8062 8003 8013
f 9764 9757 9763
f 9764 9763 9765
f 9764 9765 9766
f 3952 3933 3938
f 3952 3938 3946
f 3952 3946 3970
f 3952 3970 3950
f 3952 3950 3949
f 3877 3873 3822
f 3877 3822 3788
f 3877 3788 3815
f 1918 1917 1921
f 10204 10206 10207
f 10204 10207 10208
f 10204 10208 10210
f 10204 10210 10211
f 10204 10211 10209
f 10204 10209 10202
f 5303 5307 5313
f 5303 5313 5308
f 5303 5308 5312
f 5988 3121 3120
f 5988 3120 5992
f 7586 7591 7588
f 7586 7588 7582
f 2108 2105 2102
f 1125 1121 1122
f 1125 1122 1123
f 1125 1123 1233
f 1125 1233 1188
f 1125 1188 1179
f 6983 6984 6979
f 6983 6979 6972
f 6983 6972 6971
f 6983 6971 464
f 6983 464 470
f 6983 470 467
f 6983 467 466
f 6983 466 476
f 6983 476 488
f 6983 488 483
f 6983 483 475
f 6983 475 6993
f 7691 7833 7872
f 7691 7872 7873
f 7691 7873 8055
f 7691 8055 7689
f 2117 2105 2108
f 6562 6569 6567
f 6562 6567 6566
f 6562 6566 6561
f 2105 2103 2101
f 2102 2105 2101
f 9964 9948 9957
f 9964 9957 9980
f 730 604 591
f 730 591 597
f 6256 6281 6257
f 6289 6291 6288
f 6289 6288 6287
f 6966 6963 6968
f 6966 6968 6970
f 3088 3095 3094
f 3088 3094 3085
f 3088 3085 3082
f 7867 7847 7860
f 7867 7860 7861
f 7867 7861 7862
f 7867 7862 7851
f 7867 7851 7819
f 545 544 290
f 545 290 540
f 6358 6308 6294
f 5451 5455 5400
f 5451 5400 5396
f 3776 3808 3799
f 3776 3799 3774
f 3104 3108 6007
f 3104 6007 6008
f 3104 6008 6014
f 3104 6014 6010
f 3104 6010 6011
f 3104 6011 3102
f 692 3733 3833
f 692 3833 680
f 692 680 663
f 692 663 691
f 2351 2352 2350
f 2351 2350 2347
f 9854 9853 9855
f 9854 9855 9856
f 2193 2195 5003
f 2193 5003 2197
f 4795 4820 4819
f 4795 4819 4792
f 4795 4792 4790
f 6995 6980 6978
f 6995 6978 6976
f 6373 6292 6301
f 6373 6301 6262
f 2429 6292 2558
f 6263 6373 6262
f 7709 7747 8037
f 7709 8037 7705
f 2557 2558 6263
f 2557 6263 2556
f 1162 1166 1243
f 1162 1243 1255
f 1162 1255 1178
f 1162 1178 1164
f 2349 2558 2551
f 2344 2349 2551
f 2556 2300 2552
f 3447 3450 3437
f 3447 3437 3484
f 3447 3484 3503
f 3447 3503 3457
f 2345 2349 2344
f 2552 2300 2295
f 10151 10160 10131
f 2549 2554 2550
f 4972 4965 4964
f 4972 4964 4971
f 10212 10220 10240
f 1111 1112 1128
f 1111 1128 1127
f 1111 1127 1114
f 9365 9333 9970
f 9365 9970 9971
f 7264 221 7242
f 7264 7242 7247
f 1817 1833 1826
f 1817 1826 1792
f 10544 10406 10587
f 10544 10587 10603
f 10544 10603 10510
f 10544 10510 10462
f 10544 10462 10463
f 2429 2558 2349
f 6292 6373 2558
f 2558 6373 6263
f 6262 6261 6263
f 2551 2558 2557
f 2344 2551 2548
f 2549 2552 2554
f 2554 2302 2309
f 1002 998 995
f 1002 995 996
f 1002 996 997
f 1002 997 1004
f 1002 1004 1000
f 1002 1000 1001
f 470 430 416
f 470 416 438
f 470 438 437
f 470 437 467
f 7289 7288 7283
f 7289 7283 7285
f 7289 7285 7287
f 7289 7287 5120
f 7289 5120 7290
f 7289 7290 3335
f 7289 3335 7292
f 7289 7292 7291
f 299 297 361
f 299 361 742
f 5399 5446 5445
f 5399 5445 5416
f 533 733 531
f 533 531 523
f 6684 6688 6690
f 6684 6690 6687
f 6684 6687 6685
f 6684 6685 6686
f 6684 6686 6680
f 8875 8867 8863
f 8875 8863 8859
f 8875 8859 8860
f 4489 7332 7330
f 4489 7330 7331
f 4489 7331 4488
f 2912 2886 2885
f 2912 2885 2902
f 2912 2902 2910
f 2912 2910 2913
f 83 82 80
f 83 80 81
f 2641 2644 2643
f 2641 2643 2639
f 10199 10200 10201
f 3204 3202 3203
f 3204 3203 3216
f 10207 10206 10236
f 66 43 67
f 66 67 71
f 66 71 213
f 2409 2421 2432
f 2409 2432 2433
f 2409 2433 2411
f 1816 1803 1794
f 1816 1794 1797
f 1816 1797 1806
f 558 576 573
f 558 573 564
f 180 189 190
f 180 190 159
f 5280 8186 8185
f 5280 8185 8180
f 5280 8180 5205
f 5280 5205 5196
f 5280 5196 5206
f 5280 5206 5264
f 8073 8074 8065
f 8073 8065 8064
f 8073 8064 8071
f 8073 8071 8078
f 6095 6088 6112
f 6273 6308 6358
f 6273 6358 6359
f 6273 6359 6361
f 6273 6361 6300
f 6273 6300 6257
f 6273 6257 6281
f 6374 2933 6367
f 6374 6367 6325
f 1608 1609 1605
f 1608 1605 1607
f 1608 1607 1610
f 1608 1610 1611
f 8125 8124 8134
f 8125 8134 8136
f 46 45 52
f 46 52 50
f 7640 7659 9017
f 7640 9017 7831
f 2927 2930 2945
f 2927 2945 2937
f 670 614 630
f 670 630 615
f 670 615 616
f 670 616 643
f 670 643 644
f 670 644 666
f 6299 2359 2410
f 6299 2410 2428
f 6299 2428 5380
f 10512 6833 6834
f 10512 6834 10513
f 8413 8417 8371
f 8413 8371 8392
f 2677 2573 2572
f 2677 2572 2594
f 9779 9747 9745
f 9779 9745 9746
f 9779 9746 6192
f 9779 6192 9780
f 7928 7929 7927
f 7928 7927 7926
f 9537 9559 9532
f 9537 9532 9525
f 9537 9525 9520
f 9537 9520 9524
f 10482 10483 10474
f 10482 10474 10475
f 10482 10475 10604
f 10482 10604 10504
f 10482 10504 10503
f 10482 10503 10488
f 10482 10488 10489
f 10482 10489 10497
f 10482 10497 10496
f 10482 10496 10494
f 10482 10494 10499
f 10482 10499 10491
f 10482 10491 10490
f 9817 9818 9806
f 9817 9806 9356
f 6634 6638 7358
f 6634 7358 6639
f 3645 3670 3659
f 8388 8368 8376
f 8388 8376 8375
f 8388 8375 8389
f 8388 8389 8398
f 10167 10152 10160
f 10167 10160 10169
f 10167 10169 10115
f 10167 10115 10121
f 7445 7431 7432
f 7445 7432 7442
f 5864 5761 5762
f 5864 5762 5764
f 2103 2105 2106
f 2103 2106 2111
f 9904 9847 9932
f 9904 9932 9945
f 10488 10503 10594
f 8164 8158 8152
f 8164 8152 8160
f 8164 8160 8165
f 8197 6912 8192
f 8197 8192 8193
f 6300 6361 10226
f 6300 10226 10287
f 6300 10287 6297
f 5688 5667 5677
f 5688 5677 5683
f 10528 10526 10393
f 10528 10393 10574
f 10528 10574 6678
f 10528 6678 6673
f 10528 6673 6671
f 2063 259 546
f 2063 546 7558
f 92 95 845
f 92 845 850
f 9651 9654 9676
f 9651 9676 9673
f 9651 9673 9644
f 6782 6676 6675
f 6782 6675 6786
f 9612 9613 9619
f 2210 2214 2196
f 2210 2196 2174
f 7372 7373 6657
f 8311 8317 8324
f 8311 8324 8328
f 8311 8328 126
f 8311 126 111
f 597 591 585
f 597 585 594
f 9923 9936 9937
f 9923 9937 9910
f 6738 6740 6724
f 10564 10371 10592
f 10564 10592 10538
f 10564 10538 10334
f 10564 10334 10328
f 5496 5504 2540
f 5496 2540 2539
f 5496 2539 5495
f 8620 8616 7946
f 8620 7946 7947
f 8620 7947 8623
f 7745 7725 7727
f 7745 7727 7730
f 5022 6516 6510
f 5022 6510 5023
f 2280 2284 2285
f 2280 2285 2286
f 2280 2286 2279
f 2280 2279 2278
f 7842 7837 7840
f 7842 7840 7843
f 8219 8220 8218
f 8219 8218 8217
f 8948 8936 8932
f 8948 8932 8912
f 8948 8912 8935
f 8948 8935 8954
f 8948 8954 8953
f 3395 3429 3433
f 2453 2486 2442
f 2453 2442 2452
f 8460 8462 8458
f 8460 8458 8457
f 8677 8676 8675
f 9363 9364 10013
f 8319 8426 8352
f 8319 8352 8345
f 8319 8345 8340
f 8319 8340 8332
f 8319 8332 8303
f 8319 8303 8302
f 6872 6871 6804
f 4604 4596 4595
f 4604 4595 4565
f 2791 9361 9347
f 5402 5455 5466
f 5402 5466 5405
f 1474 1465 1783
f 1474 1783 1781
f 127 878 870
f 127 870 871
f 2078 2076 2068
f 2078 2068 2072
f 5733 5745 5744
f 5733 5744 5746
f 5733 5746 5734
f 6873 6730 6668
f 6873 6668 10012
f 6873 10012 10011
f 7378 10012 6668
f 7934 7939 2846
f 7934 2846 2838
f 7934 2838 2845
f 7934 2845 7933
f 10008 10009 10012
f 7376 6665 7374
f 6665 6658 6659
f 2704 2695 2731
f 2704 2731 2746
f 2704 2746 2740
f 2704 2740 2741
f 6854 6853 6860
f 6854 6860 6855
f 6854 6855 6856
f 7996 8019 7997
f 7996 7997 7978
f 310 309 301
f 310 301 322
f 10283 10255 10280
f 10283 10280 10275
f 8550 8683 8685
f 8550 8685 8515
f 5257 5249 5251
f 5257 5251 5267
f 8849 8847 8857
f 8849 8857 8873
f 4416 9004 4357
f 4416 4357 4286
f 1432 1435 1477
f 1432 1477 1476
f 1432 1476 1469
f 1432 1469 1430
f 1432 1430 1429
f 6482 6483 6486
f 6482 6486 6484
f 6482 6484 6472
f 6482 6472 6475
f 6482 6475 6474
f 5333 5329 5332
f 5333 5332 5334
f 210 212 7245
f 210 7245 214
f 5696 5697 5700
f 6989 6981 6975
f 6989 6975 6979
f 6989 6979 6990
f 8031 8043 8016
f 8031 8016 8014
f 4057 4058 4054
f 7677 8047 8054
f 7677 8054 7826
f 7677 7826 7780
f 7677 7780 7694
f 2968 2966 2969
f 8292 8331 8274
f 8292 8274 8271
f 8872 8833 8832
f 8872 8832 8870
f 1485 1438 1439
f 1485 1439 1441
f 1485 1441 1440
f 1485 1440 1490
f 5165 5146 5144
f 5165 5144 5150
f 6312 6355 6364
f 6312 6364 6327
f 4811 4522 4539
f 4811 4539 4805
f 1116 1201 1202
f 1116 1202 1148
f 1116 1148 1145
f 1116 1145 1144
f 1116 1144 1119
f 1302 1358 1296
f 6387 6386 6385
f 6387 6385 6384
f 7246 7267 7268
f 360 369 356
f 360 356 347
f 10500 10484 10540
f 10500 10540 10015
f 4757 4760 4799
f 4757 4799 4797
f 4757 4797 4756
f 484 487 485
f 4536 4530 4523
f 4536 4523 4535
f 10548 10016 10017
f 3681 3664 3656
f 3681 3656 3660
f 3681 3660 3668
f 9877 9873 9871
f 9877 9871 9872
f 5078 5077 2502
f 5078 2502 2508
f 5927 5930 5917
f 5927 5917 5890
f 10140 10141 10134
f 10140 10134 10136
f 5415 5409 5413
f 5415 5413 5422
f 8081 8086 8084
f 8081 8084 8067
f 9561 9577 9475
f 4127 4447 4448
f 4127 4448 4443
f 7149 7147 7134
f 7149 7134 7148
f 6010 6018 6016
f 6010 6016 6013
f 6010 6013 6011
f 2525 2519 2418
f 2525 2418 2439
f 6092 6094 6093
f 6092 6093 6090
f 139 124 131
f 139 131 142
f 3617 3627 3626
f 3617 3626 3619
f 3617 3619 3595
f 3617 3595 3596
f 4069 4073 4075
f 4069 4075 4072
f 4069 4072 4068
f 7682 7680 7671
f 7682 7671 7672
f 7682 7672 7681
f 6857 6859 6858
f 133 145 8248
f 133 8248 8247
f 133 8247 8245
f 133 8245 8246
f 2746 2731 2749
f 2746 2749 2743
f 2746 2743 2752
f 2746 2752 2751
f 7159 7160 7161
f 7159 7161 7164
f 7159 7164 7165
f 2310 2329 2393
f 2310 2393 2315
f 8617 8612 8618
f 8617 8618 8619
f 8617 8619 8621
f 4667 4646 4655
f 4667 4655 4666
f 5361 2365 2360
f 5361 2360 2361
f 2682 2685 2688
f 2682 2688 2701
f 2682 2701 2683
f 2850 2852 2849
f 2850 2849 2848
f 2850 2848 2854
f 2850 2854 2871
f 2850 2871 2853
f 2850 2853 2847
f 4162 4159 4190
f 4162 4190 4203
f 4162 4203 4188
f 2685 2656 2607
f 2685 2607 2632
f 2731 2695 2742
f 2694 2742 2695
f 8503 8498 8482
f 8503 8482 8504
f 8503 8504 8539
f 1531 1533 1532
f 1531 1532 1530
f 1531 1530 1528
f 1531 1528 1529
f 1531 1529 8745
f 9794 9813 9815
f 9794 9815 9811
f 9794 9811 9807
f 311 325 315
f 311 315 306
f 311 306 307
f 1562 1556 1563
f 1562 1563 1574
f 1562 1574 1568
f 7636 7634 7633
f 7636 7633 7635
f 5568 2740 2746
f 5568 2746 2751
f 5568 2751 5579
f 4966 2204 2110
f 4966 2110 2205
f 4966 2205 4958
f 1860 1855 1842
f 1860 1842 1846
f 2316 4091 2327
f 2316 2327 2305
f 1690 1689 1240
f 1690 1240 1167
f 1690 1167 1260
f 5172 5321 5171
f 5172 5171 5168
f 5172 5168 5170
f 9757 9762 9755
f 2607 2559 2632
f 2595 2604 2663
f 10556 10557 10515
f 10556 10515 6787
f 3722 3723 3724
f 3722 3724 3725
f 1218 1219 1220
f 1218 1220 1216
f 1218 1216 1217
f 6498 2202 2189
f 6498 2189 2181
f 6498 2181 2182
f 6498 2182 2200
f 6498 2200 6487
f 4076 4077 6500
f 4076 6500 6496
f 4076 6496 6488
f 4076 6488 4079
f 10091 10075 10071
f 10091 10071 10089
f 10091 10089 10119
f 4975 4974 4977
f 4975 4977 4976
f 6851 6866 10444
f 6851 10444 10440
f 6851 10440 10446
f 6851 10446 6824
f 6851 6824 6803
f 6676 6782 6803
f 7298 7299 7300
f 7298 7300 7297
f 5837 5827 5833
f 5837 5833 5742
f 5837 5742 5731
f 10528 10530 10529
f 10528 10529 10526
f 10529 10530 10531
f 5523 4000 3997
f 5523 3997 5525
f 5523 5525 5519
f 9531 9534 9526
f 9057 9072 9086
f 9057 9086 9069
f 6591 6607 6615
f 6591 6615 6602
f 8696 8697 8714
f 8696 8714 9563
f 8696 9563 8710
f 3520 7327 7325
f 3520 7325 3389
f 9787 9747 9779
f 9787 9779 9794
f 9787 9794 9807
f 9787 9807 9802
f 9787 9802 9800
f 9787 9800 9797
f 6171 6184 6193
f 6171 6193 6175
f 6894 6895 6886
f 6894 6886 6887
f 6894 6887 6885
f 4133 4204 4173
f 4133 4173 4138
f 2499 2440 2494
f 2499 2494 2510
f 8165 5268 5275
f 8165 5275 8164
f 908 905 937
f 908 937 1912
f 3327 3426 3328
f 10167 10118 10161
f 10167 10161 10139
f 10167 10139 10146
f 10167 10146 10142
f 10167 10142 10152
f 5924 5925 5936
f 5924 5936 5509
f 427 7535 7597
f 427 7597 419
f 427 419 406
f 427 406 412
f 1438 1483 1482
f 1438 1482 1432
f 1438 1432 1434
f 1438 1434 1436
f 9590 8731 9597
f 9590 9597 9596
f 9590 9596 9592
f 9590 9592 9591
f 9590 9591 9585
f 10166 1256 1281
f 10166 1281 1286
f 10166 1286 1238
f 10166 1238 1270
f 10166 1270 1271
f 9127 9143 9142
f 9127 9142 9139
f 9127 9139 9138
f 1671 1666 1665
f 1671 1665 950
f 3314 3332 3356
f 6180 6179 6166
f 6180 6166 6176
f 8416 8418 8419
f 8416 8419 8417
f 9192 9254 9220
f 9192 9220 9188
f 9192 9188 9186
f 964 966 967
f 964 967 963
f 9321 9356 9798
f 9321 9798 9799
f 7513 7511 7509
f 7513 7509 7512
f 3797 3776 3774
f 3797 3774 3771
f 3797 3771 3772
f 3797 3772 3796
f 3563 3312 3564
f 1094 1095 1093
f 4787 4767 4790
f 4787 4790 4792
f 5668 4933 4859
f 5668 4859 5836
f 5668 5836 5834
f 10408 8883 8881
f 10408 8881 10403
f 10408 10403 10404
f 1641 1653 1655
f 1641 1655 1654
f 1641 1654 1658
f 1641 1658 1650
f 1641 1650 1640
f 1641 1640 1638
f 8556 8557 8558
f 8556 8558 8559
f 3112 3110 3106
f 4392 4391 4394
f 4392 4394 4398
f 4392 4398 4449
f 4249 4250 4248
f 3559 3359 3566
f 2757 2783 2799
f 2757 2799 2801
f 2757 2801 2818
f 2757 2818 2811
f 2757 2811 2779
f 4340 1 4333
f 4340 4333 4339
f 4340 4339 4341
f 3048 3002 3047
f 9376 9874 9873
f 9376 9873 9875
f 9376 9875 9876
f 10320 10298 10295
f 10320 10295 10309
f 3767 3809 3814
f 3767 3814 3762
f 3767 3762 3752
f 8718 8717 8712
f 8718 8712 8715
f 8718 8715 8716
f 4304 4306 4310
f 4304 4310 4308
f 225 265 266
f 225 266 264
f 3595 3619 8384
f 3595 8384 8380
f 3595 8380 3597
f 3561 3562 3560
f 6110 6109 6108
f 6110 6108 6107
f 6110 6107 6106
f 5852 5855 5857
f 5852 5857 5856
f 5852 5856 5854
f 5852 5854 5851
f 3566 3565 3561
f 10461 10568 10599
f 10461 10599 10459
f 5954 5957 5946
f 5954 5946 5939
f 5954 5939 5953
f 7156 7158 8213
f 7156 8213 6906
f 7156 6906 6913
f 7559 7558 7542
f 7559 7542 7527
f 7559 7527 7516
f 7559 7516 7526
f 7559 7526 7560
f 7559 7560 7593
f 728 727 718
f 3118 3122 3119
f 3119 3021 3011
f 3021 2960 3011
f 3115 3119 3011
f 6016 5996 5995
f 6016 5995 3120
f 6016 3120 6013
f 7290 3500 3418
f 7290 3418 3325
f 7290 3325 3335
f 9801 9798 9797
f 9801 9797 9800
f 5995 5992 3120
f 10458 10455 10501
f 10458 10501 10566
f 6601 6585 6594
f 6601 6594 6604
f 327 329 314
f 327 314 309
f 327 309 310
f 3128 3133 3135
f 7966 7955 7876
f 7966 7876 7916
f 7966 7916 7983
f 1719 9581 9575
f 1719 9575 9579
f 1719 9579 1727
f 1719 1727 1725
f 3122 3135 3014
f 2959 3008 3009
f 2959 3009 3011
f 2959 3011 2960
f 8925 8919 8924
f 469 415 405
f 469 405 434
f 469 434 445
f 469 445 472
f 3128 3135 3122
f 4923 4877 4843
f 4923 4843 4920
f 4923 4920 4940
f 3762 3766 3751
f 3762 3751 3743
f 3762 3743 3744
f 3762 3744 3752
f 8588 8586 8585
f 8588 8585 8114
f 8588 8114 8116
f 8588 8116 8184
f 2868 2860 2852
f 2868 2852 2850
f 2868 2850 2861
f 6185 6180 6176
f 6185 6176 6172
f 6185 6172 6182
f 8121 8126 8123
f 8121 8123 8122
f 8121 8122 8124
f 8121 8124 8125
f 2956 2957 2958
f 2956 2958 2950
f 10432 10525 10437
f 10432 10437 10436
f 10432 10436 10435
f 10432 10435 10434
f 7760 8045 7797
f 7760 7797 8026
f 7760 8026 7798
f 7760 7798 7761
f 1843 1840 1823
f 1619 1626 1629
f 1619 1629 1630
f 1619 1630 1634
f 1619 1634 1637
f 1619 1637 1625
f 3112 3118 3119
f 3112 3119 3115
f 3112 3115 3110
f 8537 8543 8670
f 8537 8670 8550
f 8537 8550 8544
f 9758 9789 9786
f 9758 9786 9748
f 2956 2950 2951
f 4348 4362 4383
f 4348 4383 4365
f 4348 4365 4354
f 4348 4354 4343
f 2953 2967 2990
f 9433 9208 9207
f 9433 9207 9434
f 9433 9434 9432
f 2395 2414 2409
f 2395 2409 2411
f 2395 2411 2402
f 2395 2402 2401
f 2395 2401 2400
f 2970 2967 2968
f 8298 8307 8290
f 8298 8290 8270
f 2967 2998 2990
f 2989 2956 2990
f 2990 2956 2951
f 9693 9618 9702
f 7791 7768 7818
f 8819 8820 8865
f 8819 8865 6017
f 922 921 934
f 922 934 940
f 922 940 941
f 922 941 936
f 4439 4389 4397
f 4439 4397 4435
f 4439 4435 4428
f 9512 9526 9503
f 9512 9503 9505
f 9512 9505 9508
f 2732 2759 2760
f 2732 2760 2747
f 7968 7962 7987
f 7968 7987 7800
f 2262 2254 2255
f 1736 1737 1706
f 1736 1706 1395
f 1736 1395 1391
f 1736 1391 1389
f 1736 1389 1386
f 815 810 809
f 815 809 808
f 2530 5503 5501
f 2530 5501 2534
f 6011 6013 3105
f 3009 3138 3130
f 3009 3130 3109
f 3009 3109 3110
f 6075 6003 6076
f 6011 3105 3102
f 6077 6016 6018
f 7792 7848 7810
f 7792 7810 7686
f 7792 7686 7685
f 7792 7685 7679
f 7792 7679 7734
f 7792 7734 7795
f 7792 7795 7794
f 5503 2530 2535
f 5503 2535 2540
f 10374 10373 10375
f 10374 10375 10559
f 10374 10559 10586
f 232 227 228
f 232 228 233
f 2854 2855 2873
f 2854 2873 2882
f 2854 2882 2871
f 2290 4814 2328
f 2290 2328 2283
f 3719 783 3714
f 3719 3714 3718
f 9440 9425 9260
f 9440 9260 9211
f 5237 3200 5245
f 5237 5245 5244
f 5237 5244 5236
f 4508 4510 4791
f 4508 4791 4803
f 3356 3430 3549
f 3451 3408 3298
f 9543 9544 9545
f 9543 9545 9541
f 9543 9541 9540
f 5089 5092 5476
f 5089 5476 5479
f 6615 6607 6610
f 6615 6610 6621
f 8421 8422 8443
f 8421 8443 8436
f 8421 8436 8437
f 8421 8437 8445
f 4325 4324 4413
f 4325 4413 4336
f 3363 3364 3362
f 3400 3363 3330
f 3328 3400 3330
f 7326 7347 7357
f 167 164 165
f 167 165 169
f 167 169 172
f 167 172 168
f 7309 7288 7304
f 6279 6349 6293
f 6279 6293 6278
f 6161 6168 6167
f 6161 6167 6158
f 3027 3041 3046
f 3027 3046 3025
f 4165 4128 4144
f 4165 4144 4158
f 6866 10584 10521
f 6866 10521 10444
f 867 870 862
f 867 862 857
f 867 857 855
f 7387 7385 7361
f 7387 7361 7360
f 7387 7360 7279
f 7387 7279 7388
f 7387 7388 7386
f 3006 3054 3034
f 3006 3034 2987
f 7308 7314 7383
f 7361 7385 7314
f 7307 7303 7302
f 7314 7385 7383
f 5958 5942 5951
f 5958 5951 5961
f 7383 7385 7380
f 7380 7385 7381
f 5445 5449 9041
f 5445 9041 5444
f 5445 5444 5416
f 3520 3389 3388
f 3520 3388 3390
f 3520 3390 3525
f 5053 5082 4538
f 5053 4538 4527
f 5053 4527 4529
f 3517 3528 3501
f 10114 10098 10092
f 10114 10092 10099
f 1842 1834 1825
f 1842 1825 1846
f 6843 6844 6846
f 6843 6846 6827
f 6843 6827 6829
f 3955 3937 3942
f 3955 3942 3964
f 3955 3964 3972
f 3955 3972 3968
f 86 84 85
f 86 85 88
f 3528 3527 3497
f 3431 3432 3430
f 4788 4771 4770
f 4788 4770 4774
f 10358 10342 10341
f 10358 10341 10340
f 6965 6972 6979
f 6965 6979 6975
f 3585 3605 3581
f 6832 6840 6843
f 6832 6843 6829
f 6832 6829 6830
f 3496 3509 3495
f 3496 3495 3494
f 3496 3494 3493
f 2056 2054 2006
f 2056 2006 2009
f 7318 7313 7322
f 7318 7322 3509
f 10032 10033 10025
f 10032 10025 9976
f 7317 7316 7318
f 8854 8876 8878
f 8854 8878 8856
f 7361 7359 7360
f 2188 2208 2427
f 2188 2427 2194
f 2188 2194 2176
f 2188 2176 2172
f 3493 3494 3370
f 3370 3494 3371
f 1942 1941 1985
f 1942 1985 1981
f 811 810 815
f 811 815 848
f 811 848 825
f 811 825 814
f 1899 905 916
f 1899 916 917
f 1899 917 1896
f 3365 3367 3366
f 4363 4366 4401
f 4363 4401 4399
f 4363 4399 4359
f 3372 3367 3309
f 3268 3333 3492
f 3268 3492 3438
f 9780 6192 6185
f 9780 6185 9788
f 9780 9788 9781
f 3494 3490 3371
f 6826 6823 10575
f 6826 10575 6848
f 3269 3333 3268
f 7329 7333 7328
f 7329 7328 7327
f 4749 4747 4744
f 4749 4744 4745
f 4749 4745 4748
f 4749 4748 4750
f 4749 4750 4752
f 4749 4752 4751
f 4458 4463 4462
f 4458 4462 4459
f 3489 3432 3431
f 7955 7975 8002
f 7955 8002 7971
f 3670 3678 3683
f 3670 3683 3622
f 3670 3622 3668
f 3670 3668 3660
f 3670 3660 3659
f 1977 1978 1979
f 1977 1979 1974
f 1977 1974 1972
f 9943 9988 4525
f 9943 4525 9935
f 9850 9778 4220
f 9850 4220 4223
f 10047 10076 10085
f 10047 10085 10095
f 10047 10095 10092
f 10047 10092 10087
f 8109 8110 8103
f 8109 8103 8101
f 10538 10337 10336
f 10538 10336 10334
f 7344 7346 7345
f 7344 7345 7347
f 7344 7347 7349
f 7344 7349 7348
f 7344 7348 7340
f 7344 7340 7343
f 3957 3956 3935
f 3957 3935 3928
f 3957 3928 3937
f 3957 3937 3955
f 2775 2664 2665
f 2775 2665 2776
f 2775 2776 2788
f 1481 1477 1435
f 1481 1435 1482
f 1481 1482 1483
f 1582 1576 1571
f 1582 1571 1569
f 1582 1569 1580
f 1582 1580 1415
f 4093 4453 4461
f 4093 4461 4090
f 2104 2112 2071
f 2104 2071 2077
f 5834 5836 5824
f 5834 5824 5820
f 10061 10056 10053
f 10061 10053 10052
f 10061 10052 10058
f 10061 10058 10057
f 10061 10057 10059
f 10061 10059 10060
f 10061 10060 6929
f 2576 2577 2614
f 3644 3641 3640
f 3644 3640 3642
f 3644 3642 3648
f 2227 2233 2235
f 2227 2235 2232
f 9083 9094 9084
f 9083 9084 9080
f 711 714 708
f 711 708 709
f 6753 6740 6738
f 6753 6738 6699
f 6753 6699 6723
f 6753 6723 6739
f 6753 6739 6744
f 6753 6744 6745
f 6753 6745 6746
f 6753 6746 6741
f 6753 6741 6743
f 6753 6743 6742
f 10138 10143 10147
f 10138 10147 10148
f 236 235 240
f 236 240 238
f 3039 3056 3044
f 3073 3044 3056
f 7756 7698 7757
f 7756 7757 7758
f 7642 7784 7762
f 7793 7762 7816
f 7816 7762 7784
f 2301 2293 2294
f 2301 2294 2285
f 2301 2285 2284
f 6661 6655 6656
f 6661 6656 6658
f 6661 6658 6712
f 6661 6712 10356
f 5181 8176 5279
f 5181 5279 5267
f 5181 5267 5251
f 7867 7793 7816
f 4396 4362 4351
f 4396 4351 4400
f 2123 2129 2119
f 2123 2119 2121
f 2123 2121 2124
f 998 991 990
f 998 990 989
f 998 989 988
f 998 988 993
f 998 993 995
f 7256 7796 7832
f 347 356 346
f 347 346 334
f 347 334 329
f 347 329 339
f 5774 5775 5770
f 5774 5770 5772
f 5774 5772 2
f 5774 2 5769
f 5774 5769 5773
f 5774 5773 5778
f 1295 1297 1298
f 1295 1298 1293
f 1295 1293 1294
f 861 748 144
f 861 144 96
f 861 96 127
f 861 127 871
f 861 871 860
f 4470 4446 4440
f 4470 4440 4437
f 4470 4437 4436
f 7695 7671 7680
f 2390 2376 2358
f 2390 2358 2391
f 8052 8043 8031
f 5169 5168 5167
f 5169 5167 5174
f 3591 3601 3590
f 8070 8082 8077
f 7668 7667 7663
f 5985 5980 5981
f 5985 5981 5983
f 5985 5983 5984
f 7118 7119 7127
f 7118 7127 7125
f 7678 7668 7697
f 1764 1762 1760
f 1764 1760 1763
f 3757 3765 3761
f 3757 3761 3756
f 761 767 773
f 761 773 776
f 761 776 760
f 761 760 759
f 10278 10275 10280
f 10278 10280 10254
f 8073 8079 8074
f 1074 1080 1103
f 1074 1103 1099
f 1074 1099 1071
f 8076 7805 8082
f 8070 8076 8082
f 8067 8068 8066
f 8067 8065 8074
f 8067 8074 8081
f 8063 8070 8064
f 7697 7737 7742
f 7857 7855 7795
f 7857 7795 7734
f 7857 7734 7742
f 7857 7742 2820
f 7795 7828 7794
f 726 735 732
f 726 732 728
f 7859 7858 7855
f 7856 8095 7828
f 8067 8066 8065
f 2249 2243 2116
f 2249 2116 2256
f 2249 2256 2255
f 2249 2255 2254
f 8085 8067 8084
f 7713 7700 8018
f 7713 8018 7989
f 7713 7989 8021
f 7713 8021 8039
f 8076 7823 7805
f 8088 8084 8086
f 7674 7673 7801
f 7674 7801 7693
f 7674 7693 7687
f 7674 7687 7681
f 7224 7215 7221
f 7224 7221 7227
f 7224 7227 7230
f 7681 7672 7674
f 7805 7718 7755
f 8082 7805 7755
f 2260 2259 10288
f 2260 10288 10292
f 7688 7690 7683
f 966 968 971
f 966 971 967
f 2024 1807 1771
f 2024 1771 2023
f 5131 5134 5099
f 484 485 486
f 484 486 475
f 484 475 483
f 7455 7454 7453
f 7455 7453 4737
f 6543 6546 6528
f 6543 6528 6526
f 7536 7548 7522
f 7536 7522 7523
f 6837 10514 10513
f 6837 10513 6834
f 6837 6834 6835
f 6837 6835 6836
f 1506 1444 986
f 1506 986 958
f 1506 958 962
f 1506 962 987
f 1506 987 6199
f 1506 6199 6200
f 8078 8089 8090
f 8078 8080 8089
f 3811 3808 3847
f 3811 3847 568
f 3811 568 563
f 8077 8082 8091
f 8662 8664 8666
f 8662 8666 8663
f 7717 7751 7715
f 2314 2424 2434
f 2314 2434 2422
f 2314 2422 2331
f 9827 9835 4227
f 9827 4227 9834
f 9827 9834 9828
f 5399 5391 5394
f 5399 5394 5395
f 5270 5250 5254
f 7708 7717 7715
f 7708 7715 7714
f 6993 475 486
f 7684 7719 7787
f 7682 7684 7680
f 3664 3681 8474
f 3664 8474 8512
f 3664 8512 8473
f 3664 8473 8520
f 7861 7860 7808
f 7778 7823 7814
f 7814 7730 7778
f 4671 4696 4694
f 4671 4694 4659
f 7854 7803 7780
f 7854 7780 7826
f 7854 7826 7852
f 731 727 739
f 731 739 535
f 731 535 738
f 731 738 736
f 731 736 722
f 3474 3473 3475
f 3474 3475 3487
f 3474 3487 3518
f 3474 3518 3476
f 7573 7572 7574
f 7573 7574 7575
f 8618 8612 8613
f 8618 8613 8616
f 8618 8616 8615
f 10408 10404 10405
f 10408 10405 10560
f 4632 4638 4635
f 4632 4635 4633
f 4632 4633 4620
f 4632 4620 4625
f 8345 8352 8382
f 8345 8382 8377
f 8345 8377 8361
f 9538 9539 9540
f 9538 9540 9541
f 7034 7027 7031
f 7034 7031 7033
f 8260 8250 8249
f 8260 8249 8253
f 3632 3636 3654
f 3632 3654 3658
f 3632 3658 3663
f 6879 6881 6882
f 6879 6882 6877
f 7689 7687 7693
f 2028 1903 2025
f 2028 2025 2029
f 2028 2029 2027
f 2028 2027 2033
f 2028 2033 1909
f 7304 7289 7291
f 7304 7291 7300
f 7304 7300 7299
f 7304 7299 7305
f 7304 7305 7309
f 7691 7689 7693
f 3633 3635 3636
f 3633 3636 3632
f 7739 7716 7710
f 1754 1772 1792
f 1754 1792 1791
f 1754 1791 1767
f 1754 1767 1765
f 1754 1765 1752
f 1754 1752 1747
f 1754 1747 1749
f 1754 1749 1753
f 7851 7862 7809
f 3226 3188 3187
f 1024 1273 1272
f 1024 1272 1263
f 1024 1263 1081
f 8750 8751 8757
f 8750 8757 8749
f 2708 2707 2706
f 2708 2706 2721
f 10049 10052 10053
f 10049 10053 6960
f 10049 6960 8796
f 498 492 501
f 498 501 516
f 498 516 513
f 498 513 512
f 498 512 507
f 3882 3880 4046
f 3882 4046 4049
f 6395 6398 6401
f 6395 6401 6400
f 8531 8511 8534
f 5908 5878 5881
f 5908 5881 5890
f 5908 5890 5917
f 8424 8652 8657
f 3871 3867 3872
f 3871 3872 3845
f 3871 3845 3830
f 3871 3830 3822
f 7259 7256 7832
f 9519 9518 9516
f 2690 2692 2691
f 2315 2303 2291
f 2315 2291 2292
f 88 85 96
f 88 96 144
f 88 144 130
f 88 130 115
f 8069 8063 8066
f 8083 8069 8068
f 8087 8083 8085
f 7745 7813 7741
f 8096 8083 8087
f 7741 7813 8096
f 7725 7741 7732
f 1031 1064 1674
f 1031 1674 1261
f 1031 1261 1069
f 7723 7725 7724
f 7722 7723 7724
f 7724 7732 7733
f 7722 7724 7733
f 2761 2696 2699
f 8068 8069 8066
f 7802 8075 8069
f 8075 7802 7814
f 7814 7802 7730
f 7813 8083 8096
f 8094 8088 8086
f 8094 8096 8087
f 8094 8087 8088
f 7732 7741 8096
f 7732 8096 8094
f 7745 7741 7725
f 8094 8086 8097
f 8097 7740 8094
f 7725 7732 7724
f 7732 8094 7740
f 7846 7835 7827
f 5245 3200 3199
f 1743 1738 1736
f 1743 1736 1386
f 1743 1386 1382
f 1743 1382 1520
f 8456 8458 8463
f 8456 8463 8471
f 8456 8471 8461
f 8456 8461 8454
f 664 689 3801
f 664 3801 700
f 664 700 709
f 664 709 679
f 7841 7840 7839
f 7839 7840 7837
f 2676 2684 2790
f 6468 6458 6460
f 6468 6460 6470
f 2650 2654 2699
f 2650 2699 2696
f 2650 2696 2686
f 2835 2827 7845
f 10162 10176 10175
f 10162 10175 10159
f 2680 2679 2770
f 142 148 743
f 142 743 139
f 2670 2647 2680
f 2647 2679 2680
f 2670 2680 2684
f 2100 2090 2107
f 6331 6325 6321
f 6331 6321 6322
f 6331 6322 6330
f 2617 2616 2626
f 2617 2626 2635
f 2617 2635 2625
f 10216 10222 10233
f 10216 10233 10245
f 10216 10245 10235
f 10216 10235 10195
f 10216 10195 10194
f 7728 7730 7727
f 2678 5578 5594
f 2678 5594 8545
f 2678 8545 8551
f 7731 7728 7729
f 219 218 215
f 219 215 214
f 219 214 223
f 7744 7746 2831
f 7402 7412 7413
f 7402 7413 7403
f 8787 8791 8802
f 8787 8802 8803
f 6932 6951 6954
f 8740 8739 6945
f 4557 4558 4553
f 4557 4553 4552
f 6942 6943 6930
f 6931 6946 6932
f 8180 8185 8178
f 8180 8178 5270
f 8180 5270 8166
f 8180 8166 5272
f 8180 5272 5271
f 5652 5655 5639
f 5652 5639 5640
f 2340 2336 2335
f 2340 2335 2337
f 393 382 405
f 393 405 415
f 700 3801 3803
f 700 3803 678
f 700 678 681
f 700 681 701
f 2870 2869 2851
f 707 712 727
f 707 727 731
f 707 731 721
f 10314 10317 10312
f 10314 10312 10313
f 10314 10313 10321
f 8838 8829 3545
f 8838 3545 3546
f 5400 5402 5395
f 5400 5395 5394
f 9000 8999 9009
f 9000 9009 9008
f 6925 6927 6929
f 6929 6927 10061
f 7457 7479 7482
f 7457 7482 7481
f 7457 7481 7459
f 8706 8708 7230
f 8706 7230 7233
f 334 346 373
f 334 373 374
f 334 374 370
f 3146 3539 8828
f 3146 8828 3127
f 3146 3127 3132
f 6953 10053 10056
f 1258 6939 6937
f 1258 6937 6917
f 6918 6919 1283
f 6918 1283 1223
f 6918 1223 6917
f 928 935 927
f 928 927 920
f 928 920 910
f 928 910 925
f 6935 6947 6934
f 1353 6939 1259
f 1259 6939 1258
f 6939 6938 6937
f 6938 6936 6937
f 6938 6947 6936
f 6937 6936 6917
f 6936 6947 6935
f 6936 6935 6917
f 6935 6934 6917
f 6947 6948 6934
f 6926 6924 6921
f 6926 6921 6918
f 6926 6918 6917
f 5955 5959 5967
f 5955 5967 5966
f 6918 6921 6919
f 7911 7941 7928
f 7911 7928 7926
f 7911 7926 7907
f 4012 4011 4583
f 4012 4583 4591
f 4012 4591 4598
f 4012 4598 4047
f 4012 4047 4045
f 10037 8797 10038
f 6758 6763 6765
f 6758 6765 6764
f 6758 6764 6761
f 8579 8574 8578
f 8579 8578 6181
f 6923 6928 6927
f 10075 10065 10071
f 5988 5990 5991
f 5988 5991 5987
f 10074 10075 10091
f 6928 6933 6931
f 6928 6931 6927
f 10119 10104 10113
f 181 62 186
f 181 186 182
f 10088 10082 10083
f 10089 10104 10119
f 3157 3164 3165
f 3157 3165 3159
f 3157 3159 3158
f 3157 3158 3154
f 6071 6063 6073
f 6071 6073 6085
f 5462 5461 5476
f 5462 5476 5469
f 145 146 8264
f 145 8264 8248
f 10046 10047 10087
f 10046 10087 10083
f 10046 10083 10082
f 2020 2021 1795
f 2020 1795 1778
f 2020 1778 2018
f 2020 2018 2017
f 413 381 343
f 413 343 372
f 413 372 400
f 413 400 414
f 3695 3693 3697
f 3695 3697 3712
f 4387 4403 4379
f 4387 4379 4361
f 10240 10220 10226
f 10240 10226 6361
f 10240 6361 6359
f 10240 6359 10238
f 6362 6354 6380
f 6362 6380 6379
f 227 232 244
f 227 244 245
f 227 245 242
f 1959 1960 1963
f 1959 1963 9671
f 1959 9671 9683
f 1959 9683 9697
f 1959 9697 9698
f 1959 9698 9696
f 1959 9696 9695
f 6383 6389 6388
f 6383 6388 6375
f 6383 6375 6377
f 6383 6377 6369
f 9339 9198 9215
f 9339 9215 9371
f 2155 2193 2197
f 2155 2197 2198
f 2155 2198 2165
f 2155 2165 2131
f 778 790 791
f 778 791 782
f 5571 5583 5578
f 5571 5578 5558
f 5571 5558 5553
f 7140 7105 7108
f 7140 7108 7145
f 10365 10339 10366
f 8135 8133 8147
f 8135 8147 8145
f 1934 1933 1919
f 1934 1919 1920
f 1584 1577 1581
f 1584 1581 1583
f 1584 1583 1416
f 3455 3483 3387
f 3455 3387 3386
f 3455 3386 3456
f 6714 6747 6751
f 6714 6751 6717
f 1491 1490 1440
f 6898 7137 6913
f 2624 2590 2569
f 2624 2569 2619
f 4821 4819 2446
f 4821 2446 2443
f 6915 7132 7133
f 6896 6898 6884
f 3241 3242 8119
f 3241 8119 3240
f 6916 7132 6915
f 10170 10164 10163
f 10170 10163 10122
f 9648 9494 9485
f 9648 9485 9486
f 9648 9486 9658
f 1245 1237 1277
f 1245 1277 1276
f 1723 1718 1491
f 1723 1491 1722
f 193 192 7952
f 193 7952 7922
f 7137 7156 6913
f 6915 6896 6895
f 2778 2824 2842
f 2778 2842 7817
f 2778 7817 7799
f 2778 7799 2840
f 2778 2840 2786
f 5952 5948 5973
f 5952 5973 5974
f 8194 8199 8196
f 5902 5896 5907
f 5902 5907 5910
f 5902 5910 5913
f 9009 2828 2829
f 4512 4513 4791
f 4512 4791 4510
f 6912 6910 6899
f 6906 6912 6899
f 9866 9863 9859
f 9866 9859 9855
f 9866 9855 9864
f 5347 5346 5341
f 10554 8882 10582
f 10554 10582 10476
f 10554 10476 10470
f 8206 5972 5978
f 6899 6910 6900
f 6909 8206 5978
f 4248 4247 4244
f 4248 4244 4242
f 4248 4242 4246
f 4248 4246 4249
f 9155 9154 9156
f 9155 9156 9157
f 9155 9157 9158
f 9155 9158 9160
f 9155 9160 9159
f 5971 5976 5977
f 7607 7608 7606
f 7607 7606 7605
f 6904 6908 6902
f 8194 8196 8193
f 8199 5960 8202
f 8199 8202 8196
f 8202 5960 5962
f 10416 10296 10297
f 10416 10297 10320
f 5972 5950 5971
f 6909 5978 6905
f 6901 6888 6900
f 5623 5620 5618
f 5623 5618 5634
f 5623 5634 5633
f 7262 7252 7646
f 7262 7646 7593
f 7262 7593 7560
f 7262 7560 7643
f 6888 6901 6890
f 5012 4921 5021
f 5012 5021 5020
f 7085 7078 7086
f 7085 7086 7087
f 10495 10493 2668
f 10495 2668 2754
f 4106 4105 4094
f 4106 4094 4100
f 8198 8195 8188
f 8198 8188 8191
f 7430 7435 7428
f 7430 7428 7415
f 7430 7415 7406
f 7430 7406 7414
f 7189 7191 7192
f 7189 7192 7152
f 7151 7189 7152
f 7142 7138 7152
f 7144 7157 8210
f 8162 8157 8161
f 8162 8161 8167
f 8162 8167 8171
f 8162 8171 8170
f 7138 7142 7131
f 7153 7145 7146
f 6733 10357 10356
f 6733 10356 6712
f 10369 10370 10371
f 10369 10371 10564
f 7141 7143 7155
f 1487 1519 1517
f 1487 1517 1511
f 3305 3306 3568
f 3305 3568 3565
f 3305 3565 3566
f 3305 3566 3359
f 1497 1503 1501
f 1497 1501 1498
f 1497 1498 1496
f 7141 7155 7150
f 9543 9542 9551
f 9543 9551 9552
f 5961 5951 5960
f 10267 10271 10229
f 10267 10229 10221
f 10267 10221 10237
f 10267 10237 10227
f 10267 10227 10265
f 10420 10422 10423
f 10420 10423 10516
f 8213 8192 6912
f 7156 7150 7158
f 7127 7119 7126
f 7127 7126 7136
f 6906 8213 6912
f 6933 6945 6946
f 6933 6946 6931
f 7148 7134 7139
f 7116 7115 7118
f 6913 6906 6897
f 7149 7148 7139
f 6897 6889 6883
f 6323 6318 6315
f 1604 1602 1599
f 1604 1599 1600
f 1604 1600 1606
f 1604 1606 1613
f 1604 1613 1607
f 1604 1607 1605
f 7120 7122 7124
f 7128 7132 6916
f 7128 6916 7135
f 7128 7135 7123
f 5947 5948 5952
f 8434 8433 8438
f 8434 8438 8435
f 8434 8435 8440
f 2198 7113 2173
f 2173 7113 7112
f 2173 7112 7114
f 2173 7120 7121
f 2165 2173 2166
f 2165 2198 2173
f 2166 2173 7121
f 1893 1903 2028
f 1893 2028 1895
f 1893 1895 1880
f 1893 1880 1879
f 1893 1879 1885
f 2168 2167 7123
f 2144 2168 2143
f 2168 7123 7135
f 2168 7135 6914
f 2222 2215 2214
f 5979 5973 2225
f 5979 2225 6907
f 2143 6914 2150
f 2143 2168 6914
f 2132 2144 2143
f 5973 2214 2225
f 6903 2225 2210
f 2150 6894 2163
f 536 441 417
f 536 417 448
f 2210 2174 2187
f 6893 2210 2187
f 2163 6885 2185
f 2134 2150 2163
f 8337 8338 8348
f 8337 8348 8372
f 8337 8372 8359
f 8337 8359 8349
f 8337 8349 8330
f 8337 8330 8342
f 8337 8342 8325
f 2162 2218 2187
f 2185 2218 2162
f 2142 2163 2185
f 2185 2162 2142
f 2134 2163 2142
f 2162 2187 2154
f 2142 2162 2139
f 7192 7191 8212
f 8409 8316 8425
f 7187 7190 7191
f 8208 8205 8191
f 7157 8212 8208
f 7180 7181 7189
f 7142 7152 7157
f 7157 8208 8210
f 7142 7157 7144
f 8191 8188 8187
f 8187 8188 8189
f 8187 8189 8190
f 7131 7142 7130
f 7185 5969 5966
f 1363 1362 1349
f 8211 8190 8214
f 6406 6405 6410
f 6406 6410 6412
f 6406 6412 6414
f 8256 8261 8263
f 8256 8263 8260
f 8256 8260 8253
f 7185 7178 5969
f 7178 7172 7183
f 7160 7172 7171
f 7172 7175 7183
f 4976 4977 4978
f 4976 4978 4980
f 4976 4980 4979
f 7136 7141 7150
f 7107 7104 7111
f 7159 7165 7175
f 9395 9399 9397
f 5943 5944 5949
f 4059 5526 5537
f 4059 5537 5538
f 6898 6913 6897
f 7175 7174 7177
f 1660 1650 1658
f 1660 1658 1659
f 1660 1659 1667
f 1660 1667 1668
f 7154 7149 7139
f 6742 6743 6760
f 6742 6760 6757
f 7168 7166 5010
f 7166 7154 5010
f 7176 7173 7167
f 7294 7293 3335
f 7294 3335 3324
f 4944 7167 7168
f 4944 7168 5010
f 6886 6884 6882
f 7167 4934 7176
f 4944 4934 7167
f 5003 5000 5013
f 499 522 526
f 499 526 515
f 499 515 508
f 6442 6443 6511
f 6442 6511 6507
f 6442 6507 6463
f 6914 7135 6916
f 5945 4926 2222
f 5948 5945 2222
f 3783 3788 3798
f 3783 3798 3786
f 3783 3786 3784
f 2215 2222 4926
f 2215 4926 4938
f 2215 4938 4924
f 1703 1192 1191
f 1703 1191 984
f 2150 6914 6894
f 2215 2196 2214
f 6892 6893 6880
f 6885 6887 6881
f 2225 2214 2210
f 2923 2918 4738
f 2923 4738 4713
f 2218 6879 6880
f 6880 6893 2218
f 6879 2218 2185
f 6885 6881 2185
f 6881 6879 2185
f 6894 6885 2163
f 6893 2187 2218
f 2187 2174 2154
f 2162 2154 2139
f 2134 2142 2135
f 2142 2139 2135
f 4699 4691 2936
f 4699 2936 2906
f 5205 5192 5196
f 5002 4943 5000
f 5002 5000 5003
f 10338 10337 10538
f 10338 10538 10592
f 4943 4952 4953
f 4943 4953 4967
f 4943 4967 4994
f 4943 4994 4974
f 4943 4974 4975
f 4943 4975 4951
f 4943 4951 4939
f 4943 4939 4936
f 4943 4936 4935
f 4943 4935 4950
f 4943 4950 5000
f 5808 5806 2065
f 5808 2065 5798
f 9112 9113 9117
f 9112 9117 9116
f 218 216 208
f 218 208 215
f 5845 5754 5747
f 5845 5747 5753
f 5845 5753 5842
f 1839 1832 1830
f 1839 1830 1837
f 135 147 137
f 135 137 874
f 135 874 873
f 135 873 875
f 135 875 877
f 135 877 876
f 135 876 866
f 135 866 864
f 135 864 869
f 7179 7178 7185
f 7179 7185 7186
f 3205 3207 3206
f 215 205 210
f 215 210 214
f 3665 8472 3682
f 1773 1850 927
f 1773 927 935
f 6514 6513 6506
f 6514 6506 6504
f 6129 5695 10030
f 6129 10030 10029
f 1930 1926 1935
f 1930 1935 1936
f 2002 2004 2006
f 2002 2006 2042
f 2002 2042 2039
f 2002 2039 2001
f 10251 10254 10280
f 10251 10280 10255
f 6884 6886 6895
f 6884 6895 6896
f 7069 7079 7093
f 7512 7517 7572
f 7512 7572 7573
f 7512 7573 7576
f 7512 7576 7571
f 7512 7571 7570
f 7512 7570 7526
f 7512 7526 7515
f 7512 7515 7513
f 7116 7120 2173
f 7116 2173 7114
f 4953 4952 4960
f 8732 8730 8729
f 8732 8729 8750
f 8732 8750 8749
f 8732 8749 6959
f 8732 6959 8733
f 4956 4955 4961
f 4961 4960 4965
f 1686 1680 1685
f 1686 1685 1688
f 1686 1688 1254
f 4958 4956 4966
f 2093 2098 2095
f 5811 5813 5812
f 5811 5812 5809
f 5811 5809 5803
f 2161 2195 2146
f 2824 2771 2760
f 2824 2760 2784
f 2824 2784 2842
f 1019 1326 1023
f 1019 1023 1010
f 368 357 383
f 368 383 391
f 7737 7738 7822
f 7737 7822 7742
f 2161 4971 2195
f 2155 2131 2126
f 2161 2146 2122
f 2122 2146 2121
f 1339 1331 1327
f 1339 1327 1334
f 3934 3945 3925
f 3934 3925 3913
f 3934 3913 3910
f 3934 3910 3918
f 3934 3918 3916
f 3934 3916 3919
f 3934 3919 3923
f 1469 1468 1431
f 1469 1431 1430
f 217 216 220
f 217 220 221
f 3909 3911 3954
f 3909 3954 3940
f 3909 3940 3915
f 9441 9442 9443
f 9441 9443 9444
f 10514 6837 10558
f 5588 5590 5560
f 5588 5560 5546
f 5588 5546 5573
f 10502 10466 10467
f 10502 10467 10476
f 10502 10476 10560
f 10502 10560 10405
f 10502 10405 10407
f 10502 10407 10544
f 10502 10544 10463
f 10502 10463 10460
f 2003 2004 2002
f 2003 2002 2000
f 2003 2000 1995
f 2003 1995 1994
f 6425 6415 6409
f 6425 6409 6421
f 10395 10388 8950
f 10395 8950 8952
f 10395 8952 10398
f 10395 10398 10382
f 10395 10382 10392
f 2120 2122 2121
f 4964 4952 4943
f 4964 4943 5002
f 4609 4611 4593
f 4609 4593 4589
f 3423 3285 3282
f 3423 3282 3279
f 3423 3279 3280
f 5635 5619 5628
f 5635 5628 5631
f 5635 5631 5637
f 5635 5637 5642
f 5635 5642 5641
f 3402 3445 4468
f 3402 4468 3512
f 8430 8327 8326
f 8430 8326 8429
f 1704 1616 981
f 1704 981 978
f 1704 978 975
f 4901 4896 4937
f 4896 4898 4932
f 4924 4883 4901
f 5969 5970 5963
f 7246 7247 7242
f 7246 7242 7238
f 1189 1246 1101
f 1189 1101 1102
f 1189 1102 1098
f 1189 1098 1096
f 1189 1096 1142
f 8942 8941 8946
f 8942 8946 8945
f 8942 8945 8853
f 4912 5956 4911
f 7654 7578 7602
f 7654 7602 7611
f 5945 4889 4885
f 4887 4890 4886
f 4885 4889 4884
f 5945 4885 4926
f 7177 7174 7182
f 5276 8175 8170
f 5276 8170 8171
f 5975 4917 4910
f 6812 6806 6808
f 6812 6808 6605
f 395 384 365
f 395 365 366
f 395 366 388
f 395 388 398
f 4908 4895 4917
f 4925 4924 4938
f 4925 4883 4924
f 10018 10000 9999
f 9351 9314 9268
f 9351 9268 9290
f 9351 9290 9302
f 9351 9302 9319
f 7298 7302 7303
f 7298 7303 7301
f 7298 7301 7299
f 6973 6978 6980
f 6973 6980 6982
f 149 7882 7886
f 149 7886 8597
f 149 8597 166
f 6789 10311 6814
f 6789 6814 6813
f 6789 6813 6810
f 10019 9994 4231
f 9044 9045 9042
f 9044 9042 9040
f 8699 8701 8700
f 8699 8700 2234
f 8699 2234 8695
f 8699 8695 8693
f 2048 1964 1955
f 2048 1955 2047
f 7320 7319 3527
f 7320 3527 3528
f 6503 6504 6506
f 611 609 713
f 611 713 718
f 6082 6072 6064
f 6082 6064 6070
f 8329 8330 8349
f 8329 8349 8344
f 1084 1094 1017
f 1084 1017 1073
f 1084 1073 1066
f 1084 1066 1078
f 407 438 416
f 407 416 394
f 407 394 391
f 407 391 383
f 8989 8988 6107
f 8989 6107 6108
f 1588 1594 1599
f 1588 1599 1602
f 1588 1602 1603
f 10250 10251 10253
f 6489 6493 4157
f 6489 4157 4123
f 6489 4123 4110
f 6489 4110 4111
f 7387 7381 7385
f 1036 1660 1668
f 1036 1668 1032
f 10175 10176 10123
f 10175 10123 10177
f 4957 4954 4956
f 6459 6458 6468
f 6459 6468 6501
f 6459 6501 6505
f 4954 4955 4956
f 7946 7938 7930
f 7946 7930 7932
f 4958 4957 4956
f 4963 5005 4962
f 4969 2113 2098
f 4959 4957 4958
f 5005 5007 4962
f 5004 5005 4963
f 2744 2786 2772
f 2744 2772 2730
f 5374 5373 5371
f 5374 5371 5372
f 4862 9407 4929
f 4862 4929 4863
f 5165 5175 5163
f 5165 5163 5151
f 5165 5151 5146
f 798 786 789
f 798 789 801
f 798 801 859
f 5096 5101 5103
f 5096 5103 5104
f 5096 5104 5100
f 257 7804 7830
f 4711 4703 4700
f 4711 4700 4710
f 8603 31 8599
f 8603 8599 8602
f 10191 10185 10197
f 10191 10197 10221
f 10191 10221 10208
f 10191 10208 10207
f 10191 10207 10236
f 10191 10236 10217
f 10191 10217 10201
f 10191 10201 10200
f 2033 2036 1907
f 5787 5785 5788
f 5787 5788 5791
f 5787 5791 5790
f 5787 5790 5793
f 5934 9026 9028
f 5934 9028 9027
f 2885 2884 2908
f 2885 2908 2902
f 503 502 7473
f 503 7473 492
f 503 492 498
f 8308 8362 8606
f 8308 8606 8404
f 1355 1337 1364
f 1355 1364 1367
f 9115 9116 9119
f 9115 9119 9118
f 8484 2677 2594
f 8484 2594 2661
f 8484 2661 8485
f 9023 9020 7659
f 9023 7659 7647
f 724 704 722
f 724 722 736
f 724 736 723
f 3001 3010 2954
f 3001 2954 2955
f 3001 2955 2961
f 8753 8758 8764
f 5092 5085 5087
f 5092 5087 5093
f 841 845 842
f 841 842 839
f 78 38 34
f 78 34 72
f 3804 3800 3774
f 3804 3774 3799
f 3804 3799 3801
f 3804 3801 689
f 3804 689 690
f 8955 8874 8947
f 8955 8947 10388
f 8955 10388 8960
f 907 886 900
f 907 900 926
f 2738 2721 2706
f 2738 2706 2702
f 2738 2702 2748
f 2738 2748 2750
f 7306 7305 7299
f 7306 7299 7301
f 7306 7301 7382
f 4612 4617 4616
f 4612 4616 4613
f 1331 1332 1325
f 1331 1325 1326
f 4751 4757 4756
f 4751 4756 4747
f 9132 9144 9114
f 9132 9114 9152
f 2825 2819 7834
f 2825 7834 7842
f 2825 7842 2826
f 7664 7784 7642
f 7664 7642 7650
f 7664 7650 7651
f 7664 7651 7785
f 7664 7785 7658
f 7664 7658 7663
f 7664 7663 7667
f 7664 7667 7671
f 4064 4077 4076
f 4064 4076 4063
f 8417 8413 8415
f 6036 6035 6049
f 6319 6318 6353
f 6319 6353 6357
f 6319 6357 6306
f 6319 6306 6336
f 6319 6336 6347
f 6319 6347 6344
f 6319 6344 6342
f 6319 6342 6332
f 6319 6332 6330
f 6319 6330 6329
f 6319 6329 6320
f 5557 5543 5536
f 5557 5536 5533
f 5557 5533 5532
f 5557 5532 5539
f 5557 5539 5548
f 5557 5548 5564
f 5557 5564 5553
f 5557 5553 5558
f 10494 2775 2788
f 10494 2788 10492
f 10494 10492 10499
f 3735 3736 3833
f 3735 3833 3733
f 3735 3733 3732
f 9045 9053 9054
f 9045 9054 9050
f 10303 10306 10307
f 10303 10307 10308
f 10303 10308 10318
f 10303 10318 10300
f 10303 10300 10294
f 10303 10294 10319
f 7138 7140 7151
f 7138 7151 7152
f 3277 3274 3273
f 3277 3273 3276
f 3277 3276 3411
f 3277 3411 3409
f 3277 3409 3410
f 3277 3410 3278
f 4485 4482 4525
f 4485 4525 4490
f 4485 4490 4505
f 1857 1853 1858
f 3422 3436 3423
f 3422 3423 3280
f 3422 3280 3278
f 3422 3278 3410
f 1678 1261 1674
f 1678 1674 1673
f 5749 5753 5747
f 5749 5747 5748
f 3302 3301 3303
f 2860 2864 2862
f 2860 2862 2849
f 2860 2849 2852
f 5931 5928 5916
f 5931 5916 5920
f 2890 2888 2868
f 2890 2868 2880
f 2890 2880 2886
f 4022 4016 4017
f 4022 4017 4018
f 4022 4018 4024
f 4022 4024 4028
f 10250 10253 10242
f 10250 10242 10241
f 10250 10241 10235
f 10250 10235 10245
f 3788 3822 3830
f 3788 3830 3821
f 3788 3821 3798
f 6433 6435 6424
f 6433 6424 6419
f 5492 5438 5435
f 5492 5435 5489
f 9199 9166 9165
f 9199 9165 9200
f 5408 5407 5391
f 5408 5391 5399
f 5650 5660 5659
f 5650 5659 5652
f 1926 1921 1925
f 1926 1925 1927
f 7565 7534 7540
f 7565 7540 7541
f 7565 7541 7589
f 9909 9910 9924
f 9909 9924 9921
f 326 323 363
f 5442 5441 5428
f 5442 5428 5429
f 959 961 960
f 959 960 962
f 959 962 958
f 6056 6063 6071
f 6056 6071 6066
f 7482 7479 7446
f 7482 7446 7471
f 7482 7471 7470
f 7482 7470 7467
f 7482 7467 7469
f 6904 6890 6901
f 6904 6901 6905
f 1209 1205 1621
f 1209 1621 1625
f 1209 1625 1645
f 464 6971 6962
f 464 6962 460
f 464 460 436
f 464 436 453
f 2193 2155 2146
f 2193 2146 2195
f 5242 5320 5319
f 5242 5319 5248
f 5520 5516 5526
f 5520 5526 4059
f 8118 8117 8830
f 8118 8830 8833
f 8118 8833 8834
f 9249 9258 9255
f 9249 9255 9261
f 9249 9261 9232
f 9249 9232 9420
f 9249 9420 9423
f 6649 6691 6669
f 6649 6669 6642
f 9058 9063 9062
f 9058 9062 9052
f 9058 9052 9056
f 3253 3248 3250
f 6182 9848 9851
f 6182 9851 9847
f 6182 9847 9846
f 6182 9846 9788
f 6182 9788 6185
f 8524 8525 8547
f 8524 8547 8543
f 8524 8543 8537
f 8263 8270 8290
f 8263 8290 8285
f 8263 8285 8260
f 7304 7288 7289
f 3556 3555 3558
f 3556 3558 3562
f 3556 3562 3561
f 3556 3561 3565
f 3556 3565 3568
f 3556 3568 3563
f 3556 3563 3564
f 3556 3564 3421
f 7295 7292 7293
f 8623 7947 2845
f 8623 2845 2839
f 9334 9803 9374
f 9334 9374 9325
f 9334 9325 9296
f 6478 4083 4078
f 6478 4078 4079
f 6478 4079 6488
f 6478 6488 6480
f 6909 6905 6901
f 6909 6901 6900
f 9689 9676 9654
f 9689 9654 9659
f 705 706 685
f 705 685 626
f 705 626 624
f 705 624 622
f 705 622 619
f 705 619 704
f 45 39 41
f 45 41 47
f 45 47 49
f 45 49 48
f 791 793 792
f 791 792 696
f 791 696 782
f 8063 8064 8065
f 8063 8065 8066
f 1771 1769 1795
f 1771 1795 2023
f 5090 5087 5075
f 5090 5075 5079
f 3508 3453 3410
f 3410 3453 3422
f 3478 3409 3412
f 3478 3412 3510
f 2548 2551 2552
f 2548 2552 2549
f 2548 2549 2550
f 2445 2447 2442
f 2445 2442 2441
f 2445 2441 2431
f 2445 2431 2304
f 2445 2304 2325
f 2445 2325 2287
f 3545 3540 3453
f 679 708 714
f 679 714 703
f 679 703 671
f 679 671 677
f 4769 4768 4746
f 4769 4746 4767
f 4769 4767 4772
f 4769 4772 4770
f 4769 4770 4771
f 1894 1889 1893
f 1894 1893 1885
f 1894 1885 1851
f 3540 3491 3453
f 5702 5705 5711
f 5702 5711 5707
f 3542 3427 3530
f 3538 3427 3542
f 4965 4960 4952
f 4965 4952 4964
f 1991 1993 1994
f 2472 2469 2477
f 2472 2477 2478
f 3279 3282 3283
f 3279 3283 3284
f 3279 3284 3291
f 3279 3291 3320
f 3279 3320 3316
f 3279 3316 3317
f 3279 3317 3338
f 3279 3338 3341
f 3279 3341 3340
f 3279 3340 3339
f 3279 3339 3343
f 3279 3343 3337
f 3279 3337 3336
f 3279 3336 3307
f 3279 3307 3306
f 3279 3306 3305
f 3279 3305 3299
f 3279 3299 3296
f 3279 3296 3277
f 3279 3277 3278
f 3283 3282 3285
f 3731 3747 3763
f 3731 3763 3735
f 3279 3278 3280
f 5361 2361 5369
f 5361 5369 5350
f 1725 1841 1813
f 1725 1813 1809
f 1725 1809 1726
f 1725 1726 1724
f 1725 1724 1719
f 8942 8853 8851
f 6486 6490 6493
f 6486 6493 6489
f 6486 6489 6484
f 4204 6437 6422
f 4204 6422 4173
f 8384 8369 8370
f 8384 8370 8380
f 5702 5707 5710
f 5702 5710 5708
f 5702 5708 5697
f 5702 5697 5696
f 5702 5696 5703
f 5702 5703 5701
f 8862 8851 8850
f 9140 9138 9139
f 9140 9139 9141
f 8300 8431 8427
f 8300 8427 8426
f 8300 8426 8319
f 8472 8451 8449
f 8472 8449 8454
f 8472 8454 8461
f 8472 8461 3682
f 976 1186 1187
f 976 1187 977
f 976 977 974
f 8961 10591 8958
f 8961 8958 8959
f 8961 8959 10400
f 8961 10400 10378
f 8961 10378 10379
f 3191 5241 3192
f 6802 6827 6801
f 6802 6801 6800
f 3237 8112 8110
f 3237 8110 3243
f 2229 2227 2232
f 5817 5822 5828
f 5817 5828 5825
f 2895 2934 2930
f 2895 2930 2896
f 2895 2896 2881
f 5777 5849 5853
f 5777 5853 5776
f 3628 3629 3632
f 3628 3632 3663
f 3628 3663 3667
f 4142 4140 4136
f 4142 4136 4141
f 7886 7883 7885
f 7886 7885 7888
f 7886 7888 7890
f 7886 7890 7905
f 7886 7905 8626
f 7886 8626 8627
f 7886 8627 8629
f 2633 2634 2626
f 2633 2626 2615
f 3217 5244 5245
f 3217 5245 3199
f 3217 3199 3204
f 3217 3204 3216
f 1580 1579 1372
f 1580 1372 1370
f 1580 1370 1361
f 6847 6861 6869
f 6847 6869 6796
f 6847 6796 6737
f 8829 8824 8826
f 3111 3109 3130
f 5781 5784 5786
f 5781 5786 5785
f 5112 5113 5114
f 5112 5114 5115
f 3137 3136 3403
f 8396 8397 8394
f 8396 8394 8395
f 3114 3108 3107
f 1023 1009 1010
f 5576 5582 5593
f 5576 5593 5584
f 5576 5584 5566
f 10452 10442 10451
f 10452 10451 10449
f 3111 3130 3136
f 1822 1821 1820
f 3308 3291 3284
f 128 136 146
f 128 146 145
f 128 145 133
f 128 133 103
f 6956 6958 6959
f 6956 6959 6957
f 4451 4452 4108
f 6017 6009 8819
f 8818 3117 3124
f 711 699 703
f 711 703 714
f 10099 10102 10112
f 10413 10506 10508
f 8645 8650 8656
f 8645 8656 8655
f 8645 8655 8646
f 8822 3127 8828
f 8743 9701 9700
f 8743 9700 9709
f 8859 8858 8848
f 8877 8860 8852
f 4128 4165 4153
f 7590 7561 7562
f 7590 7562 7581
f 7590 7581 7582
f 7590 7582 7588
f 5152 5220 5156
f 5152 5156 5149
f 5152 5149 5148
f 5152 5148 5155
f 5152 5155 5153
f 5152 5153 5136
f 8823 8825 8827
f 4023 4009 4025
f 4023 4025 4027
f 4023 4027 4026
f 10310 10302 10577
f 10310 10577 10305
f 10310 10305 10306
f 10310 10306 10303
f 10310 10303 10299
f 10310 10299 10296
f 8819 8817 8820
f 5539 5532 5530
f 5539 5530 5534
f 5539 5534 5541
f 5539 5541 5542
f 5749 5752 5765
f 5749 5765 5858
f 3146 3449 3539
f 8859 8848 8849
f 8859 8849 8852
f 8859 8852 8860
f 8856 8878 8857
f 3603 3593 3583
f 3603 3583 3584
f 3603 3584 3602
f 2053 2051 9670
f 10549 10548 10547
f 10549 10547 10551
f 2160 2178 2184
f 2160 2184 2171
f 2160 2171 2152
f 10453 10553 10454
f 10453 10454 10450
f 9223 9228 9238
f 9223 9238 9237
f 2571 2566 2580
f 2571 2580 2574
f 10185 10189 10198
f 10185 10198 10197
f 7320 7321 7326
f 7320 7326 7357
f 7320 7357 7359
f 7320 7359 7310
f 7320 7310 7311
f 7320 7311 7316
f 7320 7316 7317
f 7320 7317 7319
f 3544 3089 3090
f 3544 3090 3091
f 3544 3091 3092
f 3544 3092 3093
f 3544 3093 3543
f 4776 4772 4787
f 4776 4787 4789
f 4776 4789 4777
f 8139 8811 8812
f 8139 8812 8168
f 873 874 3612
f 873 3612 3607
f 3624 3623 3851
f 3624 3851 854
f 3624 854 852
f 3624 852 868
f 784 799 781
f 784 781 777
f 9443 9445 9450
f 9443 9450 9449
f 9443 9449 9447
f 3961 3963 3980
f 3961 3980 3989
f 3961 3989 3987
f 3961 3987 3979
f 6082 6070 6088
f 6082 6088 6095
f 4373 4408 4407
f 4373 4407 4267
f 1812 9643 1495
f 1812 1495 1808
f 9676 9689 9694
f 9676 9694 9673
f 2000 2002 2001
f 2000 2001 1997
f 7768 7791 7653
f 7768 7653 7630
f 7768 7630 7640
f 9598 9600 9608
f 9598 9608 9610
f 9598 9610 9607
f 1675 1682 1681
f 1675 1681 1393
f 1675 1393 1394
f 9881 9885 9884
f 7262 7643 7599
f 7262 7599 7763
f 7262 7763 7260
f 1883 1891 1886
f 1883 1886 1906
f 1883 1906 1916
f 1883 1916 1948
f 1883 1948 1940
f 1883 1940 1922
f 1883 1922 1932
f 1883 1932 1931
f 1883 1931 1936
f 1883 1936 1942
f 1883 1942 1910
f 1883 1910 1904
f 1883 1904 1887
f 1251 1274 1282
f 1251 1282 1266
f 7024 7027 7026
f 7024 7026 7023
f 3753 3684 3759
f 3753 3759 3745
f 3753 3745 3746
f 2051 2053 2052
f 2051 2052 2037
f 2051 2037 2041
f 3552 3356 3549
f 3552 3549 3551
f 3552 3551 3550
f 10198 10221 10197
f 6103 6067 6097
f 6103 6097 6113
f 10372 10600 8957
f 10372 8957 10363
f 10372 10363 10362
f 10372 10362 10361
f 10372 10361 10323
f 8859 8863 8864
f 8859 8864 8858
f 693 787 684
f 693 684 662
f 1462 1454 1459
f 1462 1459 1466
f 7832 7796 8058
f 7832 8058 8057
f 7832 8057 8056
f 7832 8056 7261
f 9510 9511 9528
f 9510 9528 4617
f 9510 4617 4631
f 9510 4631 9546
f 9510 9546 4563
f 9510 4563 4560
f 9510 4560 4556
f 9510 4556 9551
f 9510 9551 9542
f 9510 9542 9539
f 9510 9539 9538
f 9510 9538 9493
f 10332 10376 10333
f 9912 9913 9920
f 9912 9920 9710
f 7014 7013 7019
f 7014 7019 7102
f 7014 7102 7016
f 3012 3005 3042
f 3332 3431 3430
f 3332 3430 3356
f 6631 6650 6648
f 3462 3464 3467
f 3462 3467 3468
f 3462 3468 3466
f 3462 3466 3465
f 3462 3465 3460
f 10401 10541 10579
f 10401 10579 10567
f 10401 10567 10583
f 10401 10583 10402
f 4285 4269 4262
f 4285 4262 4264
f 4285 4264 4272
f 5143 5144 5146
f 5143 5146 5151
f 10199 10205 10244
f 10199 10244 10187
f 10199 10187 10191
f 10199 10191 10200
f 4409 4418 4322
f 4409 4322 4415
f 4409 4415 4408
f 6649 6642 6636
f 6649 6636 6630
f 6649 6630 6629
f 6649 6629 6633
f 6649 6633 6635
f 6649 6635 6644
f 6649 6644 6646
f 6649 6646 6632
f 6649 6632 6631
f 6649 6631 6648
f 6649 6648 6651
f 6789 6810 6807
f 6789 6807 6811
f 7753 7766 7748
f 7753 7748 7709
f 7753 7709 7743
f 7753 7743 7783
f 3306 3307 3312
f 3306 3312 3563
f 3306 3563 3568
f 1592 1527 1699
f 1592 1699 1697
f 6305 6370 6372
f 6305 6372 6296
f 3455 3516 3454
f 3455 3454 3481
f 3455 3481 3529
f 3455 3529 3483
f 1280 1284 1281
f 3971 4043 4027
f 3971 4027 4025
f 3971 4025 4032
f 3971 4032 4042
f 3971 4042 3969
f 3971 3969 3953
f 73 77 78
f 73 78 72
f 7379 4524 4490
f 7379 4490 10002
f 7379 10002 10005
f 8162 8170 6624
f 8162 6624 6622
f 1921 1926 1930
f 1921 1930 1928
f 1921 1928 1918
f 10287 10226 10258
f 10287 10258 10286
f 5474 5470 5482
f 5474 5482 5484
f 3246 3251 3247
f 3246 3247 3249
f 3246 3249 3250
f 3246 3250 3248
f 1106 1091 1116
f 1106 1116 1119
f 1106 1119 1107
f 1106 1107 1108
f 1106 1108 1109
f 1106 1109 1111
f 1106 1111 1114
f 1106 1114 1115
f 1106 1115 1105
f 1106 1105 1113
f 1106 1113 1100
f 1106 1100 1096
f 1106 1096 1098
f 1106 1098 1097
f 1106 1097 1088
f 1106 1088 1087
f 1106 1087 1072
f 1106 1072 1056
f 1106 1056 1068
f 1106 1068 1071
f 1106 1071 1089
f 1106 1089 1132
f 6051 6049 6048
f 6051 6048 6050
f 10389 10394 10395
f 10389 10395 10588
f 10389 10588 10585
f 10389 10585 10391
f 10389 10391 10390
f 1223 1222 1259
f 1223 1259 1258
f 1223 1258 6917
f 7941 7911 7909
f 7941 7909 7945
f 7941 7945 7944
f 3737 3747 3748
f 3737 3748 3739
f 8153 8156 3147
f 8153 3147 3150
f 8153 3150 3152
f 5888 5887 5894
f 5888 5894 5896
f 5706 5701 5704
f 5706 5704 5721
f 8026 8028 8041
f 8026 8041 8027
f 7576 7575 7771
f 7576 7771 7263
f 7576 7263 7763
f 7576 7763 7599
f 7576 7599 7598
f 7576 7598 7571
f 8382 8394 8397
f 8382 8397 8391
f 6422 6423 6401
f 6422 6401 6403
f 3507 3477 3522
f 3507 3522 5612
f 3507 5612 3358
f 3507 3358 3435
f 10555 10421 10557
f 10555 10557 10556
f 7524 7537 7536
f 7524 7536 7523
f 8014 8016 8002
f 8014 8002 7975
f 8604 8605 8603
f 8604 8603 8602
f 1803 1816 1819
f 1803 1819 1820
f 1803 1820 1821
f 1803 1821 1838
f 1803 1838 1833
f 1803 1833 1817
f 1803 1817 1805
f 2859 2869 1509
f 2859 1509 2879
f 5110 5111 5108
f 5110 5108 5107
f 10190 10182 10243
f 10190 10243 10232
f 10190 10232 10193
f 9150 9138 9140
f 6508 6507 6511
f 6508 6511 6512
f 6508 6512 6515
f 604 574 575
f 604 575 591
f 2946 2932 2949
f 2946 2949 6370
f 3281 3277 3296
f 1487 1467 1457
f 1487 1457 1473
f 1487 1473 1488
f 500 505 504
f 500 504 444
f 500 444 451
f 1731 1729 1730
f 1731 1730 1732
f 1731 1732 9572
f 3057 3061 3046
f 3057 3046 3041
f 3057 3041 3031
f 3057 3031 3053
f 5537 5587 5603
f 5537 5603 5538
f 2077 2076 2090
f 2077 2090 2100
f 2077 2100 2102
f 2077 2102 2101
f 2077 2101 2103
f 2077 2103 2104
f 5910 2437 2405
f 5910 2405 5913
f 6663 6664 6651
f 7193 7194 7195
f 7193 7195 7196
f 2501 5063 5062
f 2501 5062 2515
f 4947 4879 4876
f 9730 9734 9728
f 9730 9728 9717
f 8079 8090 8093
f 8079 8093 8074
f 4353 4355 4357
f 4353 4357 4358
f 4353 4358 4337
f 4353 4337 1
f 4353 1 4340
f 4353 4340 4356
f 4353 4356 4352
f 4353 4352 4344
f 4353 4344 4342
f 4353 4342 4343
f 4434 3502 3391
f 4434 3391 4432
f 4917 7182 7174
f 4917 7174 7173
f 4917 7173 7176
f 5600 9265 9262
f 5600 9262 9272
f 5600 9272 5590
f 5600 5590 5588
f 199 7887 198
f 199 198 159
f 199 159 190
f 199 190 195
f 192 209 7264
f 192 7264 7986
f 876 877 863
f 876 863 865
f 6843 6840 6842
f 6843 6842 6844
f 8201 8206 6909
f 8201 6909 6911
f 275 270 281
f 2361 2360 2340
f 2361 2340 2337
f 2361 2337 2373
f 6673 6678 6737
f 6673 6737 6729
f 506 501 494
f 10289 10276 10277
f 10289 10277 10290
f 8977 8975 8978
f 8977 8978 8979
f 7651 7650 7619
f 7651 7619 7638
f 7651 7638 7781
f 7651 7781 7657
f 70 69 285
f 70 285 274
f 70 274 71
f 3360 3514 3492
f 3360 3492 3333
f 1847 1854 914
f 1847 914 919
f 8411 8406 8410
f 9490 9477 9469
f 9490 9469 9474
f 3975 3978 3964
f 3975 3964 3942
f 3975 3942 3930
f 3975 3930 3947
f 9436 9438 9437
f 8330 8329 8315
f 8330 8315 8313
f 8330 8313 8314
f 8330 8314 8342
f 4130 4126 4121
f 4130 4121 4120
f 4130 4120 4149
f 10347 10349 10350
f 7109 7146 7145
f 7109 7145 7108
f 6459 6453 6452
f 6459 6452 6458
f 3584 3583 3580
f 3584 3580 3581
f 8698 2230 2226
f 8698 2226 2546
f 9668 9665 9664
f 4281 4269 4285
f 4281 4285 4289
f 5873 9403 9402
f 5873 9402 9405
f 8744 9696 9704
f 8744 9704 9708
f 8744 9708 9701
f 8744 9701 8743
f 9704 9698 9703
f 9708 9704 9703
f 2884 2867 2872
f 2884 2872 2883
f 3201 3172 3162
f 3201 3162 3163
f 3201 3163 3182
f 9681 9686 9677
f 9681 9677 9678
f 5055 5075 5087
f 5055 5087 5085
f 9419 9258 9421
f 9419 9421 9412
f 9419 9412 9409
f 9151 9150 9140
f 9151 9140 9153
f 9151 9153 9167
f 9598 9607 9617
f 9598 9617 9606
f 9598 9606 9603
f 9598 9603 9478
f 9598 9478 9479
f 9598 9479 9481
f 9598 9481 9468
f 9598 9468 9469
f 9598 9469 9477
f 9598 9477 9490
f 9598 9490 9474
f 9598 9474 9475
f 9598 9475 9577
f 9598 9577 9589
f 9598 9589 9587
f 9598 9587 9588
f 79 93 94
f 79 94 92
f 79 92 81
f 79 81 80
f 9154 9141 9170
f 9154 9170 9156
f 9621 9662 9663
f 9621 9663 9635
f 845 95 94
f 845 94 93
f 845 93 842
f 9682 9674 9627
f 9609 9635 9628
f 7661 7636 7635
f 7661 7635 7660
f 7241 7238 7239
f 2379 2417 2428
f 2379 2428 2388
f 1531 8745 8744
f 1531 8744 6944
f 4340 4341 4363
f 4340 4363 4359
f 7475 7426 7427
f 7475 7427 7486
f 10409 10404 10403
f 10409 10403 8965
f 2676 2758 2705
f 2676 2705 2643
f 2676 2643 2644
f 1533 1531 6944
f 1533 6944 6940
f 1533 6940 6941
f 1533 6941 1369
f 1533 1369 1365
f 1533 1365 1362
f 1533 1362 1363
f 1533 1363 1374
f 1533 1374 1541
f 1533 1541 1539
f 3590 3578 3579
f 3590 3579 3586
f 3590 3586 3589
f 6940 6944 6949
f 6941 6940 6939
f 6940 6949 6938
f 6940 6938 6939
f 9858 9896 9877
f 9858 9877 9872
f 9858 9872 9861
f 5997 5999 5994
f 5997 5994 5991
f 5997 5991 5990
f 5997 5990 5993
f 5997 5993 6000
f 5997 6000 5998
f 6193 6194 6181
f 6193 6181 6175
f 6055 5998 6000
f 3065 3066 3534
f 3065 3534 3320
f 3065 3320 3291
f 3065 3291 3308
f 3065 3308 3406
f 3065 3406 3138
f 3065 3138 3067
f 2333 2267 2303
f 2333 2303 2324
f 2333 2324 2357
f 4990 2067 2070
f 4990 2070 7229
f 9726 9721 9715
f 9726 9715 9720
f 9726 9720 9727
f 8551 2666 2628
f 8551 2628 2678
f 6004 6020 6005
f 2080 2082 2089
f 2080 2089 2086
f 2080 2086 2081
f 5388 2943 5387
f 5388 5387 5385
f 5388 5385 5377
f 9587 8720 8723
f 9587 8723 9584
f 5614 5613 5616
f 5614 5616 5619
f 5614 5619 5635
f 6005 3143 3142
f 6002 6004 3141
f 6047 6024 6026
f 6158 6131 6146
f 6158 6146 6161
f 9961 9955 9956
f 9961 9956 4234
f 9961 4234 9994
f 9307 9334 9296
f 9307 9296 9285
f 9307 9285 9289
f 9888 9359 9354
f 9888 9354 9887
f 2938 2941 2929
f 2938 2929 2911
f 2938 2911 2898
f 2938 2898 2927
f 2938 2927 2937
f 2938 2937 2939
f 10244 10184 10186
f 10244 10186 10188
f 10244 10188 10183
f 10244 10183 10181
f 10244 10181 10182
f 10244 10182 10190
f 10244 10190 10189
f 10244 10189 10185
f 10244 10185 10187
f 6030 6031 3078
f 6030 3078 3072
f 6030 3072 3145
f 3238 3186 3237
f 3238 3237 3243
f 10413 10508 10507
f 10413 10507 10510
f 10413 10510 10603
f 9069 9086 9096
f 9069 9096 9097
f 6158 6160 6145
f 6158 6145 6131
f 6608 6622 6624
f 6608 6624 6618
f 6608 6618 6611
f 7565 7589 7579
f 7565 7579 7532
f 6079 6018 6010
f 6079 6010 6014
f 6079 6014 6015
f 6079 6015 6019
f 300 307 306
f 300 306 302
f 300 302 298
f 300 298 293
f 2821 2820 7742
f 2821 7742 7822
f 2821 7822 2823
f 6235 6253 6238
f 6235 6238 6233
f 6087 6074 6081
f 9804 9811 9808
f 9804 9808 9805
f 6081 6075 6078
f 8688 8687 8690
f 8688 8690 8689
f 4118 4119 4112
f 4118 4112 4116
f 4118 4116 4115
f 4118 4115 4107
f 4118 4107 4101
f 4118 4101 4096
f 4118 4096 4097
f 4118 4097 4104
f 4118 4104 4113
f 1488 1473 1474
f 1488 1474 1781
f 1488 1781 1489
f 6055 6000 6063
f 6212 6236 6246
f 6212 6246 6280
f 6212 6280 6215
f 5565 5550 5549
f 5565 5549 5568
f 5565 5568 5579
f 6502 4210 6499
f 6502 6499 6494
f 899 892 912
f 899 912 923
f 899 923 921
f 9625 9690 9693
f 9625 9693 9702
f 9625 9702 9707
f 9625 9707 9624
f 537 538 455
f 1417 1419 1404
f 1417 1404 1400
f 9033 9036 9037
f 9033 9037 9038
f 9033 9038 9039
f 6134 6132 6144
f 6134 6144 6142
f 4785 4784 4815
f 4785 4815 4814
f 5008 4963 4969
f 5008 4969 5011
f 5008 5011 2087
f 5008 2087 2084
f 5008 2084 2085
f 828 813 847
f 828 847 857
f 828 857 858
f 828 858 830
f 828 830 823
f 6958 8733 6959
f 1902 1877 1876
f 1902 1876 1880
f 1902 1880 1895
f 766 764 780
f 766 780 775
f 8734 9705 9706
f 8115 3243 8110
f 8115 8110 8109
f 8115 8109 8831
f 6955 6956 6957
f 9709 8741 8742
f 8739 8747 8746
f 553 556 618
f 553 618 651
f 553 651 652
f 553 652 653
f 553 653 566
f 553 566 557
f 8739 8737 8747
f 1201 1211 1200
f 1201 1200 1202
f 8747 8737 8748
f 6952 6956 6955
f 6956 8735 6958
f 8734 8733 6958
f 1468 1458 1611
f 1468 1611 1431
f 8734 8732 8733
f 9412 9416 9411
f 9412 9411 9400
f 9412 9400 9399
f 9412 9399 9395
f 9412 9395 9394
f 9412 9394 9392
f 9412 9392 9388
f 9412 9388 9391
f 9412 9391 9409
f 1612 1463 1486
f 1612 1486 1590
f 2112 2104 2103
f 2112 2103 2111
f 937 1897 1908
f 937 1908 1912
f 10289 10288 2261
f 10289 2261 10276
f 1146 1145 1148
f 1146 1148 1147
f 7642 7762 7633
f 4438 4441 4430
f 4438 4430 4426
f 4438 4426 4423
f 4438 4423 4428
f 4438 4428 4435
f 479 7486 7764
f 479 7764 482
f 479 482 481
f 479 481 478
f 479 478 476
f 479 476 466
f 479 466 454
f 479 454 468
f 9638 9637 9634
f 5965 5964 4911
f 5965 4911 5956
f 5965 5956 5957
f 5965 5957 5954
f 303 309 314
f 303 314 312
f 9591 9593 9586
f 2844 7807 7779
f 2844 7779 7744
f 2844 7744 2831
f 9600 9598 9599
f 9685 1819 1816
f 9685 1816 1806
f 9685 1806 1815
f 9685 1815 9684
f 9685 9684 9699
f 6028 6030 3145
f 6028 3145 6044
f 3193 3196 3197
f 3193 3197 3172
f 3193 3172 3201
f 3193 3201 3203
f 3193 3203 3202
f 3193 3202 3195
f 9598 9588 9586
f 9598 9586 9601
f 9598 9601 9599
f 3911 3914 3977
f 3911 3977 3954
f 9629 9604 9611
f 9629 9611 9649
f 9629 9649 9656
f 9594 9593 9591
f 9594 9591 9592
f 1049 1038 1037
f 1049 1037 1041
f 1049 1041 1045
f 8540 8542 8541
f 8540 8541 8534
f 8540 8534 8511
f 8540 8511 8516
f 8540 8516 8526
f 8540 8526 8528
f 9227 9229 9228
f 9227 9228 9223
f 226 248 231
f 226 231 224
f 9608 9622 9610
f 7317 3498 3527
f 7317 3527 7319
f 2848 2851 2859
f 2848 2859 2858
f 5258 5256 5277
f 5258 5277 5274
f 9585 9584 8723
f 9585 8723 9583
f 9585 9583 9590
f 5359 5358 2372
f 5359 2372 2399
f 5221 5152 5158
f 5221 5158 5251
f 5221 5251 5249
f 8445 8439 8452
f 8445 8452 8465
f 8445 8465 8474
f 8445 8474 8513
f 7207 7206 7222
f 7207 7222 7220
f 2737 5569 5562
f 2737 5562 5563
f 10576 10354 10522
f 10576 10522 10346
f 7424 6998 7437
f 1982 1988 2011
f 1982 2011 1987
f 1982 1987 1983
f 1982 1983 1962
f 1982 1962 1961
f 9024 9025 5934
f 9024 5934 9031
f 10158 10165 10168
f 10158 10168 10234
f 10158 10234 10239
f 10158 10239 10149
f 10158 10149 10148
f 10158 10148 10153
f 247 234 227
f 247 227 242
f 247 242 251
f 5023 6509 5024
f 5023 5024 5020
f 5023 5020 5021
f 9650 9633 9631
f 9650 9631 9630
f 9650 9630 9625
f 9650 9625 9623
f 9650 9623 9601
f 9650 9601 9594
f 9650 9594 9612
f 9650 9612 9619
f 9650 9619 9605
f 9650 9605 9595
f 9650 9595 9609
f 9650 9609 9628
f 9650 9628 9627
f 9650 9627 9636
f 8217 8218 8215
f 8217 8215 8216
f 650 651 618
f 650 618 629
f 8146 8121 8125
f 8146 8125 8141
f 8719 9561 8717
f 8754 8753 8725
f 8754 8725 8716
f 8754 8716 8715
f 8754 8715 8756
f 8754 8756 8752
f 3891 3896 3900
f 3891 3900 3897
f 3891 3897 3892
f 5452 5451 5396
f 5452 5396 5397
f 5452 5397 5401
f 3075 3084 3059
f 3075 3059 3046
f 3075 3046 3076
f 7856 7828 7795
f 7856 7795 7855
f 7856 7855 7858
f 9587 9589 8720
f 9925 9919 9931
f 9925 9931 9951
f 9925 9951 9982
f 9925 9982 9953
f 8368 8357 8358
f 8368 8358 8376
f 9479 9478 9480
f 3163 3173 3182
f 4778 4783 4780
f 4778 4780 4779
f 4778 4779 4775
f 10413 10603 10454
f 10413 10454 10553
f 10413 10553 10506
f 8801 10172 10174
f 8801 10174 8802
f 1584 1416 1407
f 1584 1407 1404
f 1584 1404 1419
f 7782 7769 7761
f 7782 7761 7798
f 7782 7798 7824
f 1551 1554 1555
f 10358 6736 6674
f 10358 6674 6728
f 10358 6728 6734
f 10358 6734 10355
f 10358 10355 10342
f 6497 2209 2191
f 6497 2191 2207
f 6497 2207 2219
f 2170 2106 2105
f 2170 2105 2117
f 4328 4327 4323
f 4328 4323 4325
f 4328 4325 4336
f 8772 8773 8774
f 8772 8774 8771
f 131 115 138
f 131 138 142
f 10042 10055 10048
f 8729 9582 8728
f 8779 8789 8778
f 5235 5240 5247
f 5235 5247 5246
f 5235 5246 5243
f 5235 5243 5223
f 5235 5223 5226
f 5235 5226 5231
f 5235 5231 5234
f 7762 7793 7660
f 7762 7660 7635
f 7762 7635 7633
f 8751 8727 8755
f 8769 8771 8779
f 8769 8779 8778
f 8769 8778 8780
f 8778 8789 8780
f 4013 4016 4021
f 4013 4021 4020
f 4013 4020 4015
f 7926 7927 7915
f 7926 7915 7914
f 7926 7914 7907
f 8769 8780 8767
f 6009 6006 3117
f 6009 3117 8818
f 2763 2672 2768
f 2763 2768 2781
f 6423 6434 6429
f 6423 6429 6418
f 5298 3467 5296
f 5298 5296 5294
f 5298 5294 5295
f 5298 5295 5297
f 10008 10012 7378
f 10008 7378 7379
f 5187 5190 5189
f 5187 5189 5188
f 10177 10180 10175
f 10180 10159 10175
f 6392 6393 6396
f 8783 8807 10172
f 8783 10172 8801
f 2868 2861 2865
f 2868 2865 2877
f 2868 2877 2880
f 8799 8763 8795
f 8644 8611 8633
f 8644 8633 8634
f 8644 8634 8641
f 8783 8763 8799
f 1345 1342 1341
f 1345 1341 1361
f 6772 6825 6743
f 10172 8807 10171
f 1045 1048 1056
f 1045 1056 1049
f 8057 8059 8042
f 8057 8042 8012
f 8057 8012 8011
f 8057 8011 8062
f 8057 8062 8013
f 8057 8013 8024
f 8057 8024 8035
f 2970 2968 2969
f 2970 2969 2971
f 10039 10049 10050
f 8798 8782 8777
f 8798 8777 8797
f 10050 10051 8781
f 10050 8781 8782
f 10050 8782 8798
f 10050 8798 10039
f 8777 8776 8797
f 3877 3769 3874
f 3877 3874 3873
f 5086 5070 5074
f 5086 5074 5088
f 6750 10385 10511
f 6862 6861 6847
f 10044 10035 10041
f 10089 10071 10078
f 5843 5841 5868
f 5843 5868 9435
f 5843 9435 9437
f 1846 1852 1861
f 1846 1861 1860
f 10035 10039 10036
f 9479 9480 9481
f 583 548 549
f 583 549 593
f 7107 7110 7109
f 7107 7109 7108
f 5088 5074 5030
f 5088 5030 5031
f 5088 5031 5081
f 1349 1333 1320
f 1349 1320 1338
f 6084 6019 6015
f 2928 2891 2932
f 2928 2932 2946
f 8882 6084 8871
f 8045 7760 7759
f 2372 2397 2398
f 2372 2398 2399
f 6114 6095 6112
f 6114 6112 10492
f 6114 10492 2788
f 6114 2788 10493
f 6114 10493 10495
f 6092 6090 6091
f 7561 7547 7529
f 7561 7529 7485
f 7561 7485 7545
f 7561 7545 7562
f 6023 6022 6004
f 6023 6004 6002
f 6023 6002 5989
f 1866 1869 1871
f 1866 1871 1882
f 1866 1882 1879
f 1866 1879 1880
f 1866 1880 1876
f 1866 1876 1867
f 7728 7731 7736
f 7728 7736 7706
f 7728 7706 7708
f 7728 7708 7714
f 10181 10243 10182
f 4301 4302 4299
f 4301 4299 4297
f 4301 4297 4298
f 4301 4298 4296
f 4301 4296 4295
f 9348 9960 9381
f 9348 9381 9373
f 9348 9373 9350
f 9348 9350 9332
f 3498 7317 7318
f 3498 7318 3509
f 3498 3509 3496
f 5735 5745 5733
f 10561 8880 8875
f 8883 10561 8875
f 5356 5350 5369
f 5356 5369 2374
f 7786 7765 7711
f 7786 7711 7749
f 8882 8871 8879
f 7816 7784 7664
f 7816 7664 7735
f 7816 7735 7752
f 10561 10582 8880
f 7965 7990 7974
f 7965 7974 7918
f 7965 7918 7923
f 8883 8875 8860
f 8414 3626 8552
f 8414 8552 8553
f 8414 8553 8554
f 8414 8554 8418
f 8414 8418 8416
f 3049 3062 3063
f 3049 3063 3060
f 10389 10386 10387
f 10389 10387 10394
f 9550 9467 9465
f 9550 9465 9493
f 9550 9493 9538
f 9550 9538 9541
f 9550 9541 9545
f 9550 9545 9547
f 7428 7435 7447
f 7428 7447 7476
f 6029 6032 3078
f 6029 3078 6031
f 4589 4593 4587
f 4589 4587 4585
f 4589 4585 4586
f 7696 7713 8039
f 7696 8039 8046
f 7516 7515 7526
f 116 862 872
f 116 872 96
f 9842 9840 9814
f 9842 9814 9812
f 10307 10311 6789
f 10307 6789 6785
f 10307 6785 10308
f 4510 4508 4507
f 4510 4507 4509
f 5886 5903 5898
f 2964 2953 2952
f 2964 2952 2960
f 2964 2960 3021
f 2964 3021 3014
f 5624 5625 5615
f 5624 5615 5621
f 4671 4670 4668
f 4671 4668 4672
f 1720 1721 1481
f 1720 1481 1484
f 5712 5718 5717
f 5712 5717 5714
f 4822 2503 4799
f 4822 4799 4798
f 3134 5987 5989
f 3134 5989 6002
f 6525 4143 6529
f 6525 6529 6526
f 371 272 271
f 371 271 246
f 371 246 247
f 371 247 358
f 3511 3231 3230
f 3511 3230 3241
f 3511 3241 3240
f 3511 3240 3510
f 5939 5940 5938
f 5939 5938 5941
f 2016 2015 2014
f 2016 2014 2034
f 2016 2034 2032
f 5544 5555 5546
f 5544 5546 5560
f 5544 5560 5529
f 5544 5529 5522
f 5544 5522 5535
f 5544 5535 5540
f 8639 8640 8636
f 8639 8636 8624
f 8639 8624 8635
f 4606 4607 4612
f 4606 4612 4613
f 4606 4613 4618
f 4636 4617 9528
f 4636 9528 9530
f 2330 2331 2413
f 2330 2413 2395
f 2330 2395 2400
f 2330 2400 2406
f 2330 2406 2398
f 2330 2398 2397
f 2330 2397 2396
f 2330 2396 2393
f 2330 2393 2329
f 4198 4176 4156
f 4198 4156 4155
f 4198 4155 4168
f 4198 4168 4185
f 7714 7715 7751
f 7714 7751 7815
f 7714 7815 7823
f 7714 7823 7778
f 7714 7778 7730
f 7714 7730 7728
f 4709 4706 7466
f 4709 7466 4712
f 833 822 826
f 833 826 837
f 5717 5724 5725
f 5717 5725 5678
f 5717 5678 5679
f 2246 2245 2232
f 2246 2232 2235
f 2812 2772 2840
f 2812 2840 7753
f 2812 7753 7783
f 1087 1085 1077
f 1087 1077 1076
f 1087 1076 1072
f 1301 1297 1366
f 1301 1366 1351
f 3328 3426 3400
f 7255 7261 8061
f 7255 8061 7265
f 9603 9606 9615
f 9603 9615 9616
f 9603 9616 9611
f 9603 9611 9604
f 5616 5615 5625
f 5616 5625 5628
f 7232 7233 7230
f 7232 7230 7227
f 8478 8492 8464
f 8478 8464 8438
f 8478 8438 8444
f 8478 8444 8475
f 10222 10188 10186
f 10222 10186 10223
f 10222 10223 10233
f 4987 2085 2074
f 4987 2074 4986
f 5769 5856 5857
f 5769 5857 5773
f 6660 10350 6734
f 6660 6734 6728
f 6660 6728 6663
f 6660 6663 6651
f 6660 6651 6648
f 6660 6648 6650
f 5405 5471 5477
f 5405 5477 5486
f 5405 5486 5480
f 8108 8107 8106
f 8108 8106 8098
f 8108 8098 8100
f 8503 2648 8499
f 8503 8499 8498
f 5968 8203 8204
f 5968 8204 8207
f 10585 10535 10391
f 5919 4419 4413
f 5919 4413 5915
f 5919 5915 5901
f 3950 3970 3980
f 3950 3980 3963
f 10392 10588 10395
f 7493 7497 7499
f 7493 7499 7520
f 7493 7520 7522
f 7493 7522 7600
f 7493 7600 7644
f 6310 6309 6305
f 5394 5393 5396
f 5394 5396 5400
f 2562 2560 2559
f 2562 2559 2561
f 2562 2561 2630
f 2562 2630 2631
f 2562 2631 2591
f 7518 7519 435
f 7518 435 500
f 7518 500 451
f 3599 3620 3600
f 3620 3621 3600
f 3600 3598 3599
f 3074 6041 8974
f 3074 8974 8982
f 3074 8982 4287
f 10057 10071 10065
f 10057 10065 10059
f 6919 6922 10063
f 6919 10063 6920
f 6919 6920 1283
f 6039 6038 6037
f 6039 6037 6040
f 8321 8320 8323
f 8321 8323 8322
f 10004 10006 10007
f 10004 10007 10008
f 10004 10008 10005
f 10452 10433 10578
f 10452 10578 10439
f 10452 10439 10441
f 10452 10441 10442
f 8465 8512 8474
f 2295 2302 2554
f 2295 2554 2552
f 8954 8935 8943
f 8954 8943 8956
f 7263 7257 7256
f 7263 7256 7259
f 7263 7259 7255
f 7263 7255 7258
f 7263 7258 7254
f 7263 7254 7260
f 7263 7260 7763
f 2448 2434 2424
f 2448 2424 2442
f 7058 7074 7055
f 1625 1637 1645
f 1835 1832 1839
f 1835 1839 1853
f 1835 1853 1857
f 1835 1857 1852
f 1835 1852 1848
f 1835 1848 9665
f 9013 9014 4411
f 9013 4411 9011
f 9013 9011 9012
f 9013 9012 9022
f 11 154 153
f 11 153 152
f 6802 6800 10329
f 6802 10329 10589
f 6802 10589 10335
f 7478 486 485
f 7478 485 487
f 7478 487 7476
f 7478 7476 7447
f 8529 8383 8536
f 1837 1836 1855
f 1837 1855 1859
f 1837 1859 1858
f 1837 1858 1853
f 1837 1853 1839
f 8546 8532 8531
f 8546 8531 8534
f 8546 8534 8541
f 8546 8541 8549
f 6815 6816 6593
f 6815 6593 6582
f 3611 3577 3576
f 3611 3576 3609
f 3611 3609 3610
f 3611 3610 3613
f 8385 8390 8527
f 282 283 544
f 282 544 545
f 2685 2632 2559
f 2685 2559 2629
f 2685 2629 2694
f 2685 2694 2695
f 2685 2695 2704
f 2685 2704 2735
f 2685 2735 2688
f 715 694 122
f 715 122 125
f 8527 8513 8474
f 8527 8474 8529
f 8527 8529 8536
f 8527 8536 8535
f 1373 1366 1297
f 1373 1297 1295
f 3659 3655 3654
f 3659 3654 3636
f 3659 3636 3635
f 3659 3635 3645
f 8247 8249 8245
f 9869 9863 9866
f 9869 9866 9941
f 3586 3588 3589
f 9731 9742 9743
f 9731 9743 9732
f 3904 3898 3893
f 3904 3893 3894
f 3904 3894 3905
f 6668 6730 6667
f 6668 6667 6666
f 1726 1809 1810
f 6302 6220 6217
f 6302 6217 6229
f 8439 8445 8437
f 6015 6014 6008
f 6015 6008 6012
f 6015 6012 8869
f 7280 7281 7274
f 7280 7274 7272
f 9502 9503 9526
f 9502 9526 9534
f 3008 3016 3052
f 3008 3052 3009
f 3635 3641 3644
f 3635 3644 3645
f 6301 6292 2429
f 6301 2429 6291
f 7858 7863 8097
f 7858 8097 7856
f 1262 1236 1232
f 1262 1232 1696
f 3319 3360 3333
f 3319 3333 3269
f 7162 7163 7161
f 7162 7161 7160
f 10067 10058 10052
f 10067 10052 10049
f 10067 10049 10039
f 7427 7420 7423
f 7427 7423 7431
f 7427 7431 7445
f 7427 7445 7441
f 3697 3693 3691
f 3697 3691 3696
f 3697 3696 3698
f 724 725 719
f 724 719 705
f 3584 3581 3605
f 3584 3605 3606
f 3584 3606 3602
f 8614 7902 7900
f 8614 7900 7901
f 2659 2656 2685
f 2659 2685 2682
f 3599 3598 3591
f 3599 3591 3590
f 3599 3590 3589
f 3599 3589 3588
f 3599 3588 3595
f 3599 3595 3597
f 5724 5718 5735
f 5724 5735 5733
f 5724 5733 5725
f 4070 4086 2427
f 4070 2427 2208
f 4070 2208 4066
f 7248 7241 7239
f 7248 7239 7244
f 7248 7244 7251
f 4932 2220 2211
f 4932 2211 2212
f 5306 5301 5299
f 5306 5299 5288
f 5306 5288 5286
f 3604 3601 3600
f 2334 2348 2322
f 2334 2322 2332
f 5354 5351 5353
f 5354 5353 5355
f 5610 2787 9294
f 5610 9294 9295
f 1455 1452 1449
f 1455 1449 1448
f 3951 3931 3944
f 3951 3944 3948
f 4919 5622 5623
f 4919 5623 4920
f 642 646 647
f 642 647 640
f 5744 10020 9993
f 5744 9993 5746
f 726 602 604
f 726 604 730
f 726 730 733
f 4385 4396 4400
f 4385 4400 4371
f 3125 3127 3126
f 3125 3126 3124
f 5986 3095 3083
f 5986 3083 3081
f 6083 6084 8882
f 6083 8882 10554
f 10479 10483 10482
f 10479 10482 10481
f 10479 10481 10480
f 2227 2234 2233
f 2234 8700 2233
f 2234 2227 2230
f 8767 8755 8726
f 8767 8726 8764
f 8767 8764 8763
f 8767 8763 8783
f 8767 8783 8766
f 8767 8766 8768
f 5845 5842 5844
f 3760 3771 3774
f 3760 3774 3777
f 3760 3777 3750
f 8805 8793 8804
f 8805 8804 8808
f 5039 5044 5031
f 5039 5031 5028
f 5039 5028 5026
f 5039 5026 5032
f 2261 2259 2258
f 2237 2238 2241
f 2789 2749 2731
f 2789 2731 2742
f 2789 2742 2762
f 4500 4507 4508
f 4500 4508 4803
f 4500 4803 4793
f 4500 4793 4800
f 4500 4800 4499
f 2744 2747 2771
f 2744 2771 2778
f 2744 2778 2786
f 10251 10255 10253
f 2393 2396 2372
f 2393 2372 2357
f 2393 2357 2324
f 2393 2324 2315
f 10256 10257 10252
f 2118 2114 2116
f 2118 2116 2109
f 2118 2109 2091
f 2118 2091 2115
f 2118 2115 2136
f 2118 2136 2145
f 2118 2145 2147
f 3699 3701 3704
f 3699 3704 3705
f 3699 3705 3709
f 1100 1113 1159
f 1100 1159 1161
f 1100 1161 1174
f 10290 10292 10289
f 7378 6668 7376
f 7378 7376 4524
f 2705 2639 2643
f 10289 10292 10288
f 2260 8808 10293
f 2261 10288 2259
f 2231 2229 2237
f 2258 2237 2241
f 8091 8080 8072
f 8091 8072 8077
f 8561 8582 6431
f 8561 6431 8557
f 1279 1278 1282
f 1279 1282 1274
f 1279 1274 1280
f 10241 10242 10283
f 6427 6430 8582
f 6427 8582 8580
f 6427 8580 9744
f 7022 7023 7021
f 7022 7021 7020
f 9588 9584 9585
f 9588 9585 9591
f 9588 9591 9586
f 1695 1699 1527
f 1695 1527 1526
f 7442 7484 7487
f 7442 7487 7441
f 7442 7441 7445
f 8241 8242 8234
f 8241 8234 8235
f 4754 4769 4781
f 4754 4781 4773
f 8103 8111 8099
f 3275 3292 3368
f 3275 3368 3369
f 3275 3369 3448
f 3275 3448 3271
f 3275 3271 3263
f 3275 3263 3272
f 3275 3272 3273
f 3275 3273 3274
f 4349 4460 4400
f 4349 4400 4351
f 7865 7868 8017
f 7865 8017 7869
f 7865 7869 7854
f 7865 7854 7852
f 7865 7852 7853
f 7865 7853 8032
f 7865 8032 7864
f 3780 3778 3772
f 3780 3772 3771
f 3780 3771 3785
f 3780 3785 3781
f 3220 5298 3221
f 1130 1239 10126
f 1130 10126 1233
f 1130 1233 1123
f 9448 9441 9444
f 8739 8738 8736
f 8739 8736 8735
f 8739 8735 8737
f 9914 9913 9915
f 9914 9915 9916
f 670 666 677
f 670 677 671
f 1829 1828 1830
f 1829 1830 1831
f 9009 2829 2830
f 9009 2830 9007
f 9009 9007 9008
f 8429 8351 8428
f 8429 8428 8427
f 8429 8427 8431
f 8429 8431 8430
f 25 30 29
f 25 29 26
f 8411 8422 8421
f 8411 8421 8405
f 8411 8405 8420
f 9469 9470 9474
f 9471 8714 9472
f 8900 8897 8893
f 8900 8893 8892
f 9550 9547 9563
f 9547 8710 9563
f 496 495 510
f 496 510 509
f 496 509 506
f 4615 4601 4620
f 4615 4620 4619
f 4615 4619 3856
f 7506 7577 7601
f 7506 7601 7578
f 7506 7578 7575
f 7506 7575 7574
f 9252 9278 9305
f 9252 9305 9281
f 2317 4088 4091
f 2317 4091 2316
f 3876 3882 3899
f 3876 3899 3878
f 8717 9561 8712
f 8713 9472 8714
f 8713 8697 8712
f 8712 8697 8698
f 8712 8698 8715
f 8696 8695 8697
f 8760 8752 8756
f 8760 8756 8786
f 8760 8786 8793
f 8760 8793 8790
f 3223 3326 3523
f 3223 3523 3487
f 3223 3487 3475
f 3223 3475 3227
f 3223 3227 3218
f 3223 3218 3222
f 3223 3222 3211
f 8698 2234 2230
f 9561 8713 8712
f 9473 9472 8713
f 8714 8697 8713
f 7109 7134 7147
f 7109 7147 7146
f 8715 8698 2546
f 8786 8756 8788
f 4378 4412 4409
f 4378 4409 4376
f 9658 9486 9482
f 282 546 259
f 282 259 258
f 839 840 836
f 839 836 835
f 839 835 838
f 10196 10224 10186
f 10196 10186 10184
f 8333 8350 8351
f 8333 8351 8429
f 8333 8429 8326
f 10135 10136 10134
f 7332 7333 7329
f 7332 7329 7330
f 9260 9425 9422
f 9260 9422 9259
f 10137 10139 10136
f 1620 1622 1623
f 1620 1623 1624
f 1504 1442 1440
f 1504 1440 1441
f 2917 2912 2913
f 2917 2913 2924
f 6179 6183 6177
f 6179 6177 6169
f 6179 6169 6170
f 6179 6170 6166
f 10486 10594 10504
f 10486 10504 10604
f 10486 10604 10485
f 10486 10485 10484
f 10486 10484 10500
f 10486 10500 10590
f 9596 9597 9602
f 4831 4829 4846
f 5333 5327 5328
f 5333 5328 5329
f 10136 10139 10161
f 10583 10573 10367
f 10583 10367 10368
f 10583 10368 10410
f 10583 10410 10411
f 10583 10411 10378
f 10583 10378 10400
f 10583 10400 10402
f 10136 10161 10140
f 10140 10161 10118
f 3991 3990 3972
f 3991 3972 3964
f 3991 3964 3978
f 3991 3978 3988
f 7225 7204 4983
f 7225 4983 4982
f 10143 10144 10147
f 3262 3289 3334
f 4720 4718 4727
f 4720 4727 7450
f 4720 7450 7451
f 6514 6518 10023
f 6514 10023 6513
f 8525 8524 8509
f 8525 8509 8515
f 8525 8515 8507
f 8525 8507 8505
f 8525 8505 8506
f 8525 8506 8510
f 8525 8510 8479
f 8525 8479 8476
f 8525 8476 8483
f 8525 8483 8408
f 58 86 90
f 58 90 89
f 58 89 52
f 947 942 932
f 947 932 1661
f 947 1661 1657
f 10142 10146 10145
f 10142 10145 10129
f 10142 10129 10130
f 8795 8763 8762
f 8809 8795 8810
f 8762 8761 8794
f 8795 8794 8810
f 8810 8794 10291
f 10291 8794 8800
f 8800 10290 10291
f 2517 5499 5502
f 2517 5502 5505
f 8790 8793 8805
f 10292 8806 8805
f 10234 10168 10178
f 8809 8810 10284
f 7539 7546 7637
f 7539 7637 7609
f 7539 7609 7612
f 7539 7612 7631
f 8762 8794 8795
f 2262 2265 2268
f 2262 2268 2253
f 10291 10284 8810
f 10291 10277 10284
f 10291 10290 10277
f 8753 8754 8758
f 8760 8790 8765
f 8804 8793 8786
f 8804 8786 8788
f 8804 8788 2547
f 3531 3101 3351
f 3531 3351 3346
f 3531 3346 3414
f 3531 3414 3405
f 7160 7159 7175
f 7160 7175 7172
f 10284 10277 10256
f 10157 10158 10153
f 6190 6183 6179
f 6190 6179 6188
f 6190 6188 9740
f 5896 5894 5920
f 5896 5920 5916
f 479 480 7475
f 479 7475 7486
f 1285 1267 1254
f 1285 1254 1688
f 1285 1688 1380
f 9148 9147 9135
f 1818 1800 1799
f 1818 1799 1823
f 1818 1823 1840
f 1818 1840 1844
f 1818 1844 1827
f 9783 9773 9787
f 9783 9787 9797
f 9783 9797 9796
f 4944 5010 4950
f 4944 4950 4935
f 9837 4235 9774
f 9837 9774 9820
f 4243 4259 4257
f 4243 4257 4241
f 293 296 294
f 293 294 295
f 8999 8987 9006
f 8999 9006 9009
f 10145 10137 10136
f 10145 10136 10135
f 10145 10135 10128
f 10145 10128 10129
f 7764 7488 7568
f 7764 7568 482
f 9674 9636 9627
f 4871 4867 5826
f 4516 4519 4811
f 4516 4811 4764
f 6012 6017 8865
f 6012 8865 8866
f 6012 8866 8869
f 10130 10124 10131
f 1160 1158 1207
f 1160 1207 1208
f 5119 5122 5113
f 5119 5113 5112
f 2025 1898 2026
f 2025 2026 2024
f 2025 2024 2023
f 2025 2023 2022
f 2025 2022 2019
f 2025 2019 2020
f 2025 2020 2017
f 2025 2017 2015
f 2025 2015 2016
f 2025 2016 2030
f 2025 2030 2029
f 3796 3775 3789
f 3973 3984 3999
f 4005 4006 4007
f 4005 4007 4002
f 4005 4002 4004
f 4005 4004 4003
f 3772 3775 3796
f 1319 1009 1023
f 1319 1023 1326
f 1319 1326 1325
f 1319 1325 1314
f 9887 9905 9962
f 9887 9962 9900
f 9887 9900 9889
f 3750 3749 3738
f 6106 6107 6105
f 6106 6105 6104
f 8879 8871 8868
f 8879 8868 8867
f 8879 8867 8875
f 8879 8875 8880
f 1135 1129 1235
f 1135 1235 1253
f 1135 1253 1136
f 9280 9324 9313
f 9280 9313 9276
f 9245 9242 9246
f 9245 9246 9267
f 3818 3794 3795
f 4690 3818 3795
f 5545 5518 5513
f 5545 5513 5536
f 5545 5536 5543
f 5545 5543 5552
f 1666 1671 1679
f 1666 1679 1680
f 1666 1680 1677
f 1666 1677 1672
f 3801 3799 3803
f 3741 3749 3763
f 3741 3763 3747
f 3804 669 3834
f 3070 3080 3081
f 3070 3081 3079
f 9809 9805 9808
f 9809 9808 9812
f 2798 2805 2802
f 2798 2802 2803
f 4036 4035 5520
f 4036 5520 4059
f 5042 5049 5050
f 5042 5050 5045
f 4497 4498 4495
f 4497 4495 4496
f 7755 7739 7810
f 7755 7810 7848
f 7755 7848 8091
f 7755 8091 8082
f 1188 1233 10126
f 9718 9719 9720
f 9718 9720 9715
f 9718 9715 9716
f 5674 5682 5681
f 5674 5681 5670
f 3182 3173 3176
f 3182 3176 3183
f 7497 7493 7494
f 7497 7494 7492
f 7497 7492 7491
f 402 397 348
f 402 348 377
f 402 377 394
f 6369 6371 6383
f 5198 5190 5187
f 5198 5187 5200
f 5198 5200 5208
f 4091 4088 4089
f 4091 4089 4090
f 1179 1188 10126
f 1179 10126 10125
f 1179 10125 1183
f 1179 1183 1182
f 1179 1182 1180
f 7033 7017 6604
f 7033 6604 6628
f 3185 3181 8182
f 3185 8182 8183
f 523 531 522
f 523 522 511
f 4477 4464 4817
f 4477 4817 2323
f 8689 8681 8680
f 8689 8680 8688
f 7358 6638 7367
f 7358 7367 7364
f 10542 10541 10401
f 10542 10401 8951
f 10542 8951 8933
f 7201 7200 7204
f 7201 7204 7205
f 15 6 10
f 15 10 14
f 15 14 17
f 4845 4825 4838
f 3340 3341 3405
f 3340 3405 3414
f 7824 7811 7812
f 7824 7812 7789
f 7824 7789 7777
f 7824 7777 7782
f 7101 7099 5095
f 7101 5095 5098
f 7101 5098 7103
f 8283 8284 8273
f 8283 8273 8265
f 8283 8265 8267
f 6110 2763 2781
f 6110 2781 6109
f 4709 4693 4694
f 4709 4694 4696
f 4709 4696 4706
f 8629 8608 8597
f 8629 8597 7886
f 8829 8826 3540
f 8829 3540 3545
f 5131 5133 5134
f 1574 1368 1377
f 1574 1377 1579
f 1574 1579 1580
f 1574 1580 1569
f 1574 1569 1568
f 5133 7093 7103
f 7090 7101 7103
f 7090 7103 7093
f 7090 7093 7079
f 8335 8336 8346
f 8335 8346 8347
f 8335 8347 8338
f 9367 9366 9368
f 9367 9368 9823
f 9367 9823 9821
f 4233 4229 9956
f 4233 9956 9955
f 4233 9955 9933
f 4233 9933 6174
f 4678 4675 4676
f 4678 4676 4654
f 4678 4654 4685
f 4678 4685 4691
f 10162 10159 10155
f 10162 10155 10154
f 10162 10154 10147
f 10162 10147 10144
f 10162 10144 10150
f 802 843 795
f 802 795 779
f 802 779 762
f 802 762 760
f 802 760 788
f 5338 5337 5331
f 5338 5331 5174
f 5338 5174 5182
f 5861 5766 5866
f 5861 5866 5865
f 1924 1933 1944
f 6718 6719 6715
f 6718 6715 6717
f 9546 4631 4612
f 9546 4612 4607
f 9546 4607 4605
f 9546 4605 4603
f 10598 10326 10324
f 5140 5155 5148
f 5140 5148 5147
f 5140 5147 5139
f 5147 5138 5139
f 2167 2168 2144
f 2167 2144 2165
f 2167 2165 2166
f 7037 7038 7039
f 7043 7064 7066
f 7043 7066 7067
f 7043 7067 7065
f 7038 7042 7039
f 3237 3186 3188
f 3237 3188 3229
f 3237 3229 3236
f 9666 1822 1820
f 9666 1820 1819
f 9666 1819 9685
f 9666 9685 9672
f 1529 8744 8745
f 5143 5160 5142
f 5152 5136 5137
f 5152 5137 5138
f 5152 5138 5147
f 5152 5147 5148
f 5152 5148 5149
f 5152 5149 5135
f 5152 5135 5106
f 5152 5106 5141
f 381 413 428
f 381 428 433
f 381 433 410
f 2440 2499 2426
f 2440 2426 2423
f 9760 9761 9790
f 9760 9790 4221
f 9760 4221 9775
f 5309 5312 5308
f 6190 9725 6186
f 6190 6186 6183
f 6592 6595 6599
f 6592 6599 6591
f 6592 6591 6586
f 5348 5346 5347
f 5348 5347 5349
f 332 336 292
f 332 292 349
f 332 349 351
f 10448 10595 10584
f 10448 10584 10597
f 10448 10597 10443
f 10448 10443 10451
f 10448 10451 10442
f 5253 5333 5334
f 5190 5253 5334
f 5330 5329 5328
f 5330 5328 5331
f 5329 5330 5332
f 5337 5338 5165
f 5337 5165 5261
f 5337 5261 5335
f 5337 5335 5336
f 9274 9216 9299
f 9274 9299 9304
f 5205 8180 5271
f 5205 5271 5228
f 5205 5228 5202
f 5132 5130 7093
f 5132 7093 5133
f 5323 5177 5178
f 2744 2730 2719
f 2744 2719 2720
f 2744 2720 2747
f 7080 7079 7069
f 7080 7069 7067
f 7080 7067 7066
f 7080 7066 7081
f 3382 3388 3389
f 3382 3389 3386
f 3793 3794 3791
f 3793 3791 3789
f 3793 3789 3790
f 1100 1174 1104
f 6005 3142 3141
f 6005 3141 6004
f 923 942 947
f 923 947 934
f 8951 8940 8937
f 8951 8937 8910
f 8951 8910 8904
f 8951 8904 8933
f 1956 1545 1535
f 1956 1535 1537
f 1956 1537 1538
f 1956 1538 1957
f 5260 5327 5333
f 5314 5327 5260
f 5260 5333 5253
f 2271 2270 2278
f 2271 2278 2272
f 1175 1103 1080
f 1175 1080 1173
f 6639 7358 7356
f 6639 7356 7355
f 6045 6046 6052
f 6045 6052 6053
f 5219 5190 5198
f 5211 5219 5198
f 8179 8175 8176
f 1492 1478 1460
f 1492 1460 1472
f 9544 9548 8710
f 9544 8710 9547
f 9544 9547 9545
f 4654 4676 4677
f 4654 4677 4672
f 4654 4672 4668
f 4654 4668 4669
f 4654 4669 4652
f 4654 4652 4641
f 4654 4641 4645
f 768 774 771
f 768 771 770
f 768 770 767
f 768 767 761
f 768 761 765
f 5227 5214 5213
f 5023 5021 4921
f 5023 4921 4922
f 5023 4922 5022
f 546 7564 7542
f 546 7542 7558
f 2407 2430 2408
f 2407 2408 2404
f 65 63 54
f 65 54 53
f 65 53 62
f 2741 5561 5567
f 2741 5567 2735
f 2741 2735 2704
f 6618 6624 8173
f 2213 2217 2216
f 2213 2216 2206
f 8165 5269 5268
f 3574 3575 3353
f 3574 3353 3357
f 3574 3357 3482
f 4324 4325 4323
f 4324 4323 4326
f 9852 9814 9840
f 5875 5866 5766
f 5875 5766 4918
f 2533 5065 5070
f 2533 5070 2541
f 8983 8992 8993
f 8983 8993 8985
f 1000 1004 1013
f 8159 3155 3156
f 3158 3159 3156
f 3156 3159 3184
f 8151 3156 3184
f 8159 3156 8151
f 8151 8155 8150
f 1398 1411 1410
f 1398 1410 1409
f 1398 1409 1399
f 5559 5567 5561
f 5559 5561 5568
f 5559 5568 5549
f 5559 5549 5551
f 8126 8144 8128
f 10261 10278 10254
f 10261 10254 10252
f 10261 10252 10257
f 8419 8418 8554
f 3910 3913 3912
f 3910 3912 3903
f 3910 3903 3902
f 3910 3902 3908
f 3184 5274 8154
f 3184 8154 8155
f 3184 8155 8151
f 10084 10090 10106
f 10084 10106 10105
f 10084 10105 10103
f 10084 10103 10097
f 10084 10097 10093
f 8127 8128 8133
f 8133 8128 8147
f 1735 2875 2876
f 1735 2876 2889
f 6189 9738 9739
f 6189 9739 6187
f 6589 6591 6602
f 5262 5270 8178
f 5262 8178 5266
f 4824 4826 4849
f 4824 4849 4848
f 4824 4848 4862
f 4824 4862 4863
f 5174 5167 5163
f 5174 5163 5175
f 5174 5175 5182
f 357 368 340
f 357 340 342
f 4145 4149 4120
f 4145 4120 4119
f 3401 3354 3317
f 3401 3317 3316
f 4523 4520 4514
f 4523 4514 4512
f 6614 8143 6619
f 9202 9194 9145
f 9202 9145 9180
f 9202 9180 9177
f 9202 9177 9184
f 5251 5158 5157
f 5251 5157 5181
f 6616 6602 6615
f 8130 8133 8135
f 6589 6602 6597
f 6602 6616 6597
f 2512 2496 2501
f 2512 2501 2515
f 8130 8135 8137
f 6578 6579 6571
f 7575 7578 7654
f 7575 7654 7770
f 6567 6571 6566
f 6566 6583 6565
f 6566 6571 6583
f 10567 10370 10369
f 10567 10369 10365
f 10567 10365 10366
f 10567 10366 10573
f 10567 10573 10583
f 6567 6578 6571
f 8136 8140 8141
f 8125 8136 8141
f 6365 6377 6375
f 6365 6375 6357
f 6365 6357 6353
f 1374 1351 1366
f 3149 3153 3151
f 8722 8725 8753
f 8722 8753 8726
f 8153 8140 8156
f 6310 6305 6296
f 6310 6296 6209
f 6310 6209 6265
f 6310 6265 6295
f 6310 6295 6312
f 6310 6312 6311
f 3155 3152 3154
f 5256 5273 5277
f 5277 5273 5278
f 5278 8172 8163
f 8163 8172 8166
f 3064 3070 3079
f 3064 3079 3082
f 7307 7302 7298
f 7307 7298 7297
f 7307 7297 7296
f 7307 7296 3441
f 7307 3441 3438
f 7307 3438 3492
f 1589 1591 1596
f 1589 1596 1595
f 1291 1289 1277
f 1291 1277 1287
f 9263 9279 9290
f 9263 9290 9268
f 2564 2606 2577
f 4209 4186 4187
f 4209 4187 4207
f 4209 4207 4218
f 8058 7634 7636
f 1174 1163 1165
f 1174 1165 1169
f 1174 1169 1176
f 1174 1176 1104
f 3517 3501 3444
f 3517 3444 3454
f 3517 3454 3516
f 4319 4322 4418
f 4319 4418 4320
f 3445 3402 3352
f 3445 3352 3349
f 6562 6559 6572
f 6562 6572 6569
f 6207 6214 6265
f 6207 6265 6209
f 6565 6614 6617
f 6565 6617 6608
f 6565 6608 6611
f 6565 6611 6555
f 6565 6555 6558
f 6565 6558 6560
f 8197 6911 6910
f 8197 6910 6912
f 5265 5229 5266
f 1730 1728 1733
f 2697 2705 2758
f 2697 2758 2698
f 3838 3703 3858
f 3838 3858 3850
f 6414 6413 6407
f 6414 6407 6406
f 9450 9445 9446
f 9450 9446 9655
f 9450 9655 9653
f 9450 9653 9456
f 6608 6617 6622
f 5199 5255 5206
f 4584 4577 4578
f 4584 4578 4585
f 4584 4585 4587
f 4584 4587 4590
f 7607 7609 7637
f 7607 7637 7617
f 3147 3148 3149
f 3147 3149 3150
f 7972 7969 7950
f 7972 7950 7957
f 3197 3196 3198
f 3190 3192 5241
f 3190 5241 5238
f 3190 5238 3198
f 8107 8108 8913
f 8107 8913 8937
f 8107 8937 8938
f 4743 7583 7581
f 4743 7581 7562
f 4743 7562 7545
f 4743 7545 7544
f 4743 7544 4736
f 4743 4736 7585
f 4525 4483 4484
f 4525 4484 9935
f 6421 6426 6432
f 6421 6432 6425
f 3550 3553 3554
f 3550 3554 3552
f 1678 1673 1672
f 1678 1672 1677
f 10259 10215 10230
f 10259 10230 10279
f 7336 7333 7332
f 7336 7332 7334
f 7336 7334 7337
f 9400 9417 9413
f 9400 9413 9410
f 9400 9410 9401
f 8461 8471 3682
f 6163 8578 6162
f 6163 6162 6147
f 5270 5262 5250
f 3532 3416 3452
f 3532 3452 3439
f 2617 2625 2620
f 2617 2620 2618
f 8410 8406 8407
f 6398 6395 6392
f 6398 6392 6399
f 2088 2089 2082
f 2088 2082 2079
f 2088 2079 2083
f 8715 2546 2545
f 8715 2545 8756
f 2236 2239 2240
f 2236 2240 2241
f 2236 2241 2238
f 2236 2238 2229
f 1661 1663 1665
f 1661 1665 1662
f 1661 1662 1656
f 4651 4650 4653
f 4651 4648 4650
f 4356 4386 4387
f 4356 4387 4361
f 8688 8680 8678
f 8688 8678 8676
f 8688 8676 8677
f 8688 8677 8682
f 8688 8682 8687
f 4648 4649 4650
f 4055 9258 9419
f 4055 9419 9398
f 4055 9398 4056
f 10079 1200 1211
f 10079 1211 1120
f 10079 1120 1197
f 10079 1197 1249
f 10079 1249 1228
f 10079 1228 10070
f 4644 4640 4639
f 4644 4639 4653
f 4644 4653 4650
f 4644 4650 4649
f 916 906 895
f 916 895 903
f 916 903 917
f 3968 3992 5586
f 3968 5586 5589
f 3968 5589 3981
f 3968 3981 3957
f 3968 3957 3955
f 3168 3184 3159
f 3168 3159 3165
f 9926 9920 9914
f 9926 9914 9916
f 4624 4629 4639
f 4624 4639 4640
f 2131 2165 2144
f 2131 2144 2132
f 2131 2132 2127
f 2131 2127 2126
f 6687 7083 7076
f 6687 7076 6685
f 7198 7197 7214
f 7198 7214 7203
f 9474 9470 9473
f 9474 9473 9475
f 3699 3698 3700
f 3699 3700 3701
f 6325 6367 6360
f 6325 6360 6352
f 6325 6352 6324
f 6325 6324 6321
f 6921 6922 6919
f 9813 9794 9779
f 3260 3265 3210
f 3260 3210 3215
f 3260 3215 3209
f 3260 3209 3208
f 3260 3208 3212
f 3260 3212 3217
f 3260 3217 3216
f 3260 3216 3203
f 3260 3203 3201
f 3260 3201 3183
f 3260 3183 3176
f 3260 3176 3174
f 3260 3174 3175
f 3260 3175 3161
f 3260 3161 3177
f 3260 3177 3178
f 3260 3178 3207
f 3260 3207 3205
f 3260 3205 3226
f 3260 3226 3187
f 3260 3187 3214
f 3260 3214 3213
f 3260 3213 3303
f 3260 3303 3301
f 2324 2303 2315
f 5275 5268 5259
f 5275 5259 5263
f 4049 4047 4598
f 4049 4598 4601
f 4049 4601 4615
f 2067 2069 2068
f 2067 2068 2071
f 2067 2071 2070
f 8657 8655 8409
f 8657 8409 8425
f 8657 8425 8423
f 8657 8423 8424
f 6978 6973 6974
f 6978 6974 473
f 6978 473 471
f 6978 471 6964
f 6978 6964 6966
f 6978 6966 6977
f 6978 6977 6976
f 6998 7000 6990
f 7191 7190 8209
f 7191 8209 8212
f 8466 8441 8514
f 5754 5777 5776
f 5754 5776 5767
f 6556 6558 6555
f 6556 6555 6557
f 8441 8466 8442
f 10273 10269 10270
f 10273 10270 10264
f 10273 10264 2326
f 10273 2326 2436
f 8441 8443 8514
f 5832 5829 5831
f 5832 5831 5770
f 5832 5770 5775
f 9359 9888 9379
f 9359 9379 9380
f 9359 9380 9298
f 9359 9298 9297
f 9359 9297 9304
f 5006 5008 2085
f 5006 2085 4987
f 2412 5367 2399
f 3710 3700 3698
f 3706 3700 3710
f 5494 5436 5437
f 5494 5437 5432
f 4871 4906 4853
f 4871 4853 4852
f 4794 4804 4494
f 4794 4494 4802
f 4794 4802 4788
f 8632 8619 8618
f 8632 8618 8615
f 8632 8615 8624
f 8632 8624 8636
f 3459 3461 3462
f 3459 3462 3460
f 3459 3460 3458
f 1231 1210 1278
f 1231 1278 1279
f 8424 8423 8318
f 8424 8318 8400
f 8737 8735 6956
f 8737 6956 6952
f 8737 6952 8748
f 747 746 745
f 747 745 743
f 747 743 744
f 3665 3682 3662
f 3665 3662 3657
f 3637 3631 3630
f 3637 3630 3646
f 2553 2548 2550
f 9462 9464 9476
f 9462 9476 9485
f 9462 9485 9494
f 9462 9494 9483
f 9118 9119 9126
f 9118 9126 9169
f 9118 9169 9125
f 10498 2774 2773
f 3674 3667 3666
f 3662 3661 3657
f 10104 10082 10088
f 10104 10088 10098
f 4844 4845 4838
f 4844 4838 4854
f 4153 4192 4226
f 4153 4226 4219
f 4153 4219 4205
f 3828 3685 3687
f 1642 1643 1639
f 1642 1639 1640
f 3687 3671 3650
f 3690 3689 3650
f 3690 3650 3686
f 3690 3686 3688
f 9106 9100 4542
f 9106 4542 4528
f 3058 3033 3017
f 3058 3017 3050
f 3698 3699 3697
f 3710 3698 3696
f 9623 9622 9608
f 9623 9608 9600
f 9623 9600 9599
f 9623 9599 9601
f 9508 9509 9511
f 9508 9511 9510
f 9508 9510 9512
f 3682 3673 3662
f 3828 3764 3685
f 3687 3650 3689
f 3711 3689 3694
f 3689 3690 3694
f 3674 3688 3675
f 9959 10002 9988
f 9959 9988 9943
f 9890 9878 9895
f 9890 9895 9894
f 9382 9387 9391
f 9382 9391 9388
f 9382 9388 9385
f 9382 9385 9383
f 446 493 491
f 446 491 445
f 4020 4021 4030
f 4020 4030 4034
f 4020 4034 4558
f 4020 4558 4566
f 3868 3874 3769
f 3868 3769 3825
f 851 796 3734
f 851 3734 702
f 851 702 794
f 4918 5766 5764
f 4918 5764 4905
f 3812 3827 4660
f 4658 4666 4655
f 6772 6746 6783
f 6772 6783 6825
f 3810 3846 3849
f 4647 4648 4651
f 3779 3782 3810
f 6223 6222 6230
f 6223 6230 6231
f 6223 6231 6245
f 6223 6245 6244
f 6223 6244 6224
f 9377 9363 10013
f 9377 10013 10006
f 6699 6701 6700
f 6699 6700 6698
f 6417 6410 6411
f 6417 6411 6416
f 1380 1688 1685
f 1380 1685 953
f 4766 4756 4797
f 4766 4797 4796
f 4766 4796 4806
f 9457 9455 9454
f 9457 9454 9452
f 9457 9452 9449
f 9457 9449 9450
f 9457 9450 9456
f 9457 9456 9458
f 6694 6697 6693
f 6694 6693 6692
f 3822 3873 3871
f 1455 1456 1465
f 8253 8249 8247
f 8253 8247 8251
f 8253 8251 8255
f 8253 8255 8254
f 8253 8254 8256
f 3129 3134 3139
f 3129 3139 3133
f 3129 3133 3128
f 1495 1493 1811
f 6804 6730 6873
f 6804 6873 6872
f 6064 6072 6067
f 6064 6067 6062
f 2520 4741 4725
f 2520 4725 4734
f 3723 3722 3721
f 3723 3721 3719
f 3723 3719 3718
f 3523 3518 3487
f 3346 3351 3350
f 3346 3350 3342
f 3346 3342 3340
f 5502 5499 5431
f 5502 5431 5439
f 3185 3234 3206
f 3185 3206 3180
f 7791 7790 7657
f 7791 7657 7781
f 7791 7781 7653
f 9315 9300 9357
f 9315 9357 9353
f 7001 6970 6992
f 7001 6992 7533
f 9763 9757 9751
f 9763 9751 9759
f 9763 9759 9773
f 7452 7458 7460
f 7452 7460 4732
f 6038 6043 3068
f 6038 3068 6033
f 8604 8606 8362
f 8604 8362 8605
f 8837 8824 8829
f 2347 2345 2346
f 10070 6920 10063
f 10070 10063 10064
f 10070 10064 10072
f 10070 10072 10080
f 10070 10080 10079
f 674 698 4
f 674 4 3
f 3126 8822 8821
f 3126 8821 8820
f 3126 8820 8817
f 8337 8335 8338
f 988 992 993
f 8335 8305 8336
f 9361 2791 2743
f 9361 2743 2749
f 9361 2749 9360
f 7374 6665 6659
f 7374 6659 7375
f 10435 10578 10433
f 10435 10433 10434
f 5316 5317 5315
f 4655 4647 4651
f 5008 5006 5004
f 5008 5004 4963
f 737 724 723
f 737 723 740
f 9408 7214 9396
f 1908 1897 1910
f 4151 4146 4147
f 4151 4147 4129
f 4151 4129 4115
f 4151 4115 4116
f 4151 4116 4122
f 4151 4122 4130
f 10399 6869 6861
f 1502 1501 1503
f 1502 1503 1509
f 1502 1509 2869
f 1502 2869 2870
f 4243 4245 4262
f 4243 4262 4263
f 8347 8353 8348
f 8347 8348 8338
f 4100 4094 4092
f 4100 4092 4089
f 4100 4089 4085
f 4100 4085 4071
f 4100 4071 4084
f 4100 4084 4095
f 5978 5972 5971
f 5978 5971 5977
f 3311 3434 3355
f 3311 3355 3310
f 5191 5195 5201
f 5191 5201 5193
f 6653 6647 7372
f 6653 7372 6654
f 6653 6654 6656
f 6653 6656 6655
f 2931 6382 6356
f 2931 6356 6352
f 2931 6352 6360
f 2931 6360 6378
f 2931 6378 2926
f 5817 5816 5815
f 5817 5815 5814
f 5817 5814 5813
f 5817 5813 5822
f 9828 9834 9833
f 9828 9833 9832
f 9828 9832 9822
f 3883 3884 3885
f 3883 3885 3890
f 803 3715 3714
f 803 3714 800
f 803 800 805
f 2619 2614 2618
f 6708 6713 6711
f 6708 6711 6700
f 6708 6700 6701
f 6708 6701 6704
f 6708 6704 6705
f 1193 1192 1703
f 4169 4171 4177
f 4169 4177 4161
f 4169 4161 4154
f 4169 4154 4138
f 8415 8416 8417
f 941 940 947
f 941 947 1657
f 941 1657 1655
f 941 1655 1653
f 941 1653 1647
f 941 1647 1648
f 941 1648 948
f 7223 7226 7213
f 7223 7213 7212
f 7223 7212 7216
f 9907 9896 9870
f 9907 9870 9869
f 8275 8282 8278
f 7097 7095 7098
f 2602 2642 2637
f 8004 7269 8005
f 8004 8005 8001
f 3817 3824 3797
f 3817 3797 3796
f 3817 3796 3789
f 3817 3789 3791
f 911 880 882
f 911 882 891
f 911 891 909
f 2075 2073 2085
f 2075 2085 2084
f 2760 2759 2785
f 2760 2785 2784
f 9745 9733 9746
f 3547 8841 3546
f 9533 9558 4636
f 9533 4636 9530
f 1917 1919 1933
f 1917 1933 1924
f 1917 1924 1925
f 1917 1925 1921
f 8640 8645 8646
f 8640 8646 8641
f 8640 8641 8634
f 8640 8634 8632
f 8640 8632 8636
f 8169 8174 3148
f 8169 3148 3147
f 2242 2245 2251
f 2242 2251 2170
f 193 7922 7920
f 687 757 753
f 687 753 758
f 687 758 787
f 687 787 693
f 2590 2624 2754
f 2590 2754 2668
f 2590 2668 2665
f 5243 5311 5210
f 5243 5210 5209
f 5243 5209 5223
f 166 150 149
f 4191 6552 6549
f 4191 6549 4142
f 7884 7885 7883
f 7884 7883 7882
f 7884 7882 7881
f 7884 7881 160
f 3327 3290 3442
f 3327 3442 3426
f 337 335 344
f 337 344 261
f 2881 2853 2894
f 2881 2894 2895
f 5266 5229 5250
f 5266 5250 5262
f 8596 8598 8601
f 8596 8601 8602
f 8596 8602 8599
f 8596 8599 8600
f 8601 8598 8609
f 7878 7877 7880
f 6164 6150 6151
f 6164 6151 6154
f 6164 6154 8573
f 8604 8602 8601
f 8609 8608 8628
f 8606 8604 8607
f 2823 7822 7821
f 2823 7821 2834
f 8648 8606 8607
f 4834 4843 4877
f 4834 4877 4855
f 4960 4961 4955
f 4960 4955 4954
f 4960 4954 4953
f 8607 8610 8611
f 7678 7670 7669
f 7678 7669 7668
f 4121 4112 4119
f 4121 4119 4120
f 7879 7880 7877
f 7892 7880 7879
f 2911 2921 2918
f 2911 2918 2923
f 2911 2923 2907
f 2911 2907 2909
f 6078 6080 6093
f 6078 6093 6094
f 4546 4545 7217
f 4546 7217 7208
f 4546 7208 7213
f 4546 7213 4562
f 4546 4562 4549
f 7891 7880 7892
f 9063 9058 4399
f 5067 5070 5065
f 5067 5065 5061
f 2503 4822 4823
f 2503 4823 2508
f 8621 8625 8627
f 8621 8627 8626
f 8621 8626 8622
f 8621 8622 8617
f 3920 3921 3919
f 3920 3919 3916
f 3920 3916 3917
f 10179 10250 10178
f 2323 4817 2308
f 2323 2308 2307
f 8634 8621 8632
f 8632 8621 8619
f 4697 4681 4693
f 4697 4693 4709
f 4697 4709 4712
f 8655 8641 8646
f 861 860 785
f 861 785 772
f 5941 5942 5958
f 5941 5958 5959
f 5941 5959 5955
f 10363 8957 8949
f 10363 8949 8931
f 10363 8931 8923
f 10363 8923 8929
f 10363 8929 8928
f 10363 8928 8936
f 10363 8936 10565
f 10363 10565 10519
f 8064 8070 8072
f 8064 8072 8071
f 4708 4695 4701
f 4708 4701 7471
f 4708 7471 7472
f 126 110 111
f 10466 10468 10469
f 10466 10469 10467
f 1457 1467 1486
f 1457 1486 1463
f 1457 1463 1452
f 33 24 19
f 33 19 20
f 33 20 31
f 33 31 8374
f 8381 33 8374
f 3777 3800 3804
f 3777 3804 3736
f 3777 3736 3735
f 3777 3735 3763
f 3777 3763 3749
f 3777 3749 3750
f 9980 9952 9978
f 9980 9978 9965
f 9980 9965 9964
f 3161 3175 3153
f 3161 3153 3160
f 3161 3160 3179
f 3294 3315 3440
f 3294 3440 3506
f 8339 8374 8605
f 8362 8339 8605
f 4674 4677 4676
f 4674 4676 4675
f 8267 8287 8283
f 194 209 192
f 7982 8000 7973
f 9410 9413 9414
f 9410 9414 9406
f 7986 7264 7982
f 7223 7216 7215
f 7223 7215 7224
f 8666 8664 8667
f 8666 8667 8668
f 567 564 572
f 567 572 570
f 6159 6141 4233
f 6159 4233 6174
f 6159 6174 6152
f 8659 8656 8649
f 3885 3895 4048
f 3885 4048 4050
f 3885 4050 3879
f 3885 3879 3875
f 3885 3875 3890
f 8656 8650 8649
f 9879 9875 9877
f 9879 9877 9878
f 8424 8400 8404
f 2246 8702 8701
f 2246 8701 8704
f 2246 8704 8706
f 2246 8706 8705
f 3072 3078 3043
f 3072 3043 3020
f 3072 3020 3007
f 3072 3007 3012
f 3072 3012 3042
f 1299 1300 1304
f 8647 8654 8678
f 8647 8678 8659
f 8647 8659 8649
f 9182 9191 9201
f 9182 9201 9185
f 9182 9185 9181
f 9182 9181 9174
f 6154 6144 6147
f 6154 6147 6162
f 2780 9336 9308
f 2780 9308 9291
f 2780 9291 9294
f 2780 9294 2787
f 8297 8316 8298
f 8354 8363 8547
f 8354 8547 8389
f 8354 8389 8375
f 8256 8254 8261
f 8261 8254 8258
f 2761 2809 2815
f 2761 2815 2769
f 7652 7644 7600
f 7652 7600 7548
f 7652 7548 7662
f 8286 8284 8400
f 8286 8400 8318
f 8286 8318 8331
f 8286 8331 8292
f 8331 8318 8423
f 8331 8423 8425
f 8424 8404 8652
f 8262 8271 8274
f 8274 8331 8299
f 8331 8425 8299
f 869 844 842
f 869 842 93
f 869 93 79
f 869 79 87
f 869 87 134
f 869 134 135
f 3217 3212 3221
f 3217 3221 5298
f 3217 5298 5297
f 3217 5297 5318
f 3217 5318 5319
f 3217 5319 5320
f 3217 5320 5322
f 8798 8797 10037
f 8798 10037 10036
f 8798 10036 10039
f 3369 3365 3363
f 3369 3363 3400
f 2879 1509 1503
f 2879 1503 1507
f 2879 1507 1508
f 2879 1508 2932
f 2879 2932 2891
f 8316 8409 8386
f 8316 8386 8307
f 8316 8307 8298
f 6539 6537 6433
f 6539 6433 6429
f 10524 6837 6836
f 10524 6836 10518
f 8928 8922 8926
f 8928 8926 8925
f 8928 8925 8932
f 8928 8932 8936
f 4471 3445 3533
f 4471 3533 5981
f 2831 7746 7806
f 2831 7806 2809
f 2831 2809 2794
f 8284 8283 8304
f 8304 8400 8284
f 1664 1628 1646
f 1664 1646 1670
f 1986 1975 1937
f 1986 1937 1952
f 1986 1952 1965
f 1986 1965 1966
f 1986 1966 1977
f 8273 8284 8286
f 8272 8250 8260
f 8272 8260 8285
f 3718 3714 3716
f 3718 3716 3723
f 1877 1890 1878
f 1877 1878 1867
f 1877 1867 1876
f 2929 2941 2943
f 2929 2943 5388
f 2929 5388 2944
f 10269 10273 10272
f 10269 10272 10268
f 2868 2888 2887
f 2868 2887 2876
f 2868 2876 2864
f 2868 2864 2860
f 2664 2775 2773
f 2664 2773 2604
f 7165 7167 7173
f 7165 7173 7174
f 7165 7174 7175
f 4634 4635 4642
f 5805 5804 2066
f 5805 2066 5806
f 5798 5797 5796
f 5798 5796 5789
f 1152 1146 1147
f 1152 1147 1149
f 1152 1149 1151
f 1152 1151 1172
f 1152 1172 1171
f 1152 1171 1170
f 6985 6974 6973
f 946 1751 1755
f 6982 6994 6973
f 6991 458 457
f 5191 5188 5194
f 5191 5194 5195
f 5034 5035 5032
f 5034 5032 5026
f 5034 5026 5027
f 1807 2024 1905
f 1807 1905 1845
f 4329 4332 4331
f 4329 4331 4330
f 4682 4679 4665
f 4682 4665 4680
f 4682 4680 4681
f 7131 7130 7129
f 7131 7129 7117
f 7131 7117 7106
f 9627 9628 9672
f 9627 9672 9685
f 9627 9685 9682
f 5487 5490 5498
f 5487 5498 2542
f 3807 3806 3838
f 3807 3838 3850
f 4100 4095 4101
f 4100 4101 4107
f 4100 4107 4106
f 9162 9160 9161
f 9162 9161 9163
f 7411 7421 7425
f 7411 7425 7422
f 7411 7422 7410
f 9364 9375 10010
f 9364 10010 10013
f 4778 4775 4776
f 4778 4776 4777
f 4778 4777 4784
f 7579 7589 7541
f 1114 1127 1131
f 1114 1131 1115
f 144 748 752
f 144 752 148
f 144 148 142
f 144 142 138
f 5649 4933 5668
f 5649 5668 5728
f 6286 6250 6251
f 6286 6251 6252
f 6286 6252 6255
f 6286 6255 6290
f 6286 6290 6289
f 6286 6289 6287
f 8496 2653 8495
f 8496 8495 8494
f 9243 9242 9245
f 9243 9245 9244
f 1424 1610 1614
f 1424 1614 1616
f 6693 6695 6703
f 6693 6703 6690
f 6693 6690 6688
f 6693 6688 6692
f 2328 4814 4815
f 2328 4815 2449
f 2328 2449 2318
f 7474 7426 7475
f 7421 7426 7425
f 7487 7427 7441
f 6408 6409 6397
f 6408 6397 6400
f 7483 7484 7444
f 7432 7431 7412
f 7419 7484 7442
f 7401 7412 7402
f 8849 8848 8858
f 8849 8858 8864
f 8849 8864 8865
f 8849 8865 8820
f 8849 8820 8821
f 8849 8821 8842
f 8849 8842 8845
f 8849 8845 8847
f 7401 7432 7412
f 7403 7413 7411
f 7405 7419 7442
f 7440 7434 7415
f 6710 6706 6705
f 6710 6705 6704
f 7400 7403 7404
f 7397 7401 7390
f 8377 8382 8391
f 8377 8391 8390
f 8377 8390 8385
f 8377 8385 8387
f 8377 8387 8378
f 8884 8834 8833
f 8884 8833 8872
f 7488 7764 7486
f 8293 8300 8294
f 7423 7420 7413
f 7483 7568 7484
f 3808 3776 3797
f 3808 3797 3824
f 10343 10360 10379
f 10343 10379 10378
f 10343 10378 10411
f 7444 7484 7419
f 7405 7442 7432
f 7405 7432 7401
f 7403 7411 7410
f 7415 7434 7409
f 7397 7405 7401
f 7394 7409 7397
f 6750 10511 10545
f 6750 10545 6752
f 4678 4703 4704
f 4678 4704 4684
f 9300 9292 9325
f 9300 9325 9374
f 9300 9374 9357
f 4482 4480 4476
f 4482 4476 4474
f 3587 3586 3579
f 3587 3579 3580
f 3587 3580 3583
f 3587 3583 3593
f 3587 3593 3592
f 1692 1691 1690
f 1692 1690 1260
f 1692 1260 1248
f 7476 7440 7428
f 7428 7440 7415
f 7406 7399 7394
f 7406 7394 7389
f 7406 7389 7393
f 7393 7392 7395
f 5226 5228 5256
f 5226 5256 5258
f 5226 5258 3169
f 5226 3169 3170
f 5226 3170 5233
f 5226 5233 5232
f 2473 2468 2470
f 2473 2470 2500
f 4532 4501 4504
f 4532 4504 4503
f 3500 3459 3458
f 3500 3458 3323
f 3500 3323 3418
f 6981 6989 6997
f 6986 6969 6988
f 7406 7415 7399
f 1865 1873 1887
f 1865 1887 1884
f 1865 1884 1888
f 1865 1888 1871
f 1865 1871 1868
f 7264 209 208
f 7264 208 217
f 554 578 580
f 554 580 576
f 554 576 558
f 6969 6975 6981
f 6969 6961 6967
f 6969 6981 6988
f 6986 6968 6969
f 3818 3847 3808
f 3818 3808 3824
f 3818 3824 3817
f 7252 7253 7656
f 7252 7656 7569
f 7252 7569 7646
f 5379 2417 2419
f 5379 2419 5376
f 6983 6993 486
f 6983 486 7478
f 6983 7478 7435
f 6983 7435 7439
f 6983 7439 7004
f 7719 7684 7682
f 7719 7682 7683
f 7719 7683 7690
f 8239 8231 8240
f 8239 8240 8243
f 2182 2191 2209
f 2182 2209 2200
f 7004 7437 6998
f 7004 6998 6984
f 7004 6984 6983
f 6976 6977 6996
f 7430 7414 7417
f 9231 9236 9259
f 9231 9259 9424
f 2580 2582 2581
f 2580 2581 2574
f 6977 6966 6970
f 608 610 607
f 608 607 605
f 5993 5992 5995
f 5993 5995 5996
f 5993 5996 6003
f 5993 6003 6001
f 5993 6001 6000
f 7001 6977 6970
f 6996 6977 7001
f 7001 7533 7532
f 4433 4432 4425
f 4433 4425 4426
f 4433 4426 4429
f 5407 5408 5411
f 5407 5411 5410
f 7391 7390 7398
f 1448 1449 1447
f 1448 1447 1445
f 1448 1445 1446
f 5555 5580 5573
f 5555 5573 5546
f 7396 7400 7404
f 7408 7410 7418
f 7429 7422 7438
f 7195 7194 7198
f 7195 7198 7199
f 1617 1601 1703
f 1617 1703 984
f 635 637 642
f 635 642 640
f 2669 2649 2648
f 2669 2648 8503
f 2669 8503 8539
f 2669 8539 8530
f 797 802 788
f 1982 1990 1988
f 2706 2707 2729
f 7832 7261 7259
f 8923 8931 8930
f 8923 8930 8927
f 8923 8927 8921
f 118 90 115
f 118 115 123
f 1406 1411 1398
f 2952 2953 2951
f 2952 2951 2950
f 2952 2950 2955
f 2952 2955 2954
f 2729 2707 2725
f 7845 7841 7839
f 7845 7839 7838
f 7845 7838 7844
f 529 514 521
f 9183 9178 9179
f 9183 9179 9193
f 9183 9193 9187
f 3659 3660 3656
f 3659 3656 3655
f 9803 9802 9807
f 9803 9807 9804
f 8252 8267 8265
f 8252 8265 8257
f 4321 4415 4322
f 4321 4322 4319
f 4321 4319 4291
f 4321 4291 4273
f 5062 5059 5061
f 5062 5061 5065
f 9917 9928 9939
f 9917 9939 8244
f 9917 8244 9940
f 3413 3569 3570
f 1218 1217 1215
f 1218 1215 1213
f 1218 1213 1237
f 1218 1237 1245
f 1218 1245 1224
f 6195 6153 8577
f 6195 8577 6554
f 9657 9646 9642
f 47 44 66
f 47 66 64
f 2864 2876 2875
f 2864 2875 2862
f 4831 4846 4840
f 4831 4840 4833
f 7610 7604 7609
f 7610 7609 7607
f 7610 7607 7605
f 4853 4859 4830
f 4853 4830 4828
f 4853 4828 4852
f 5420 5417 5418
f 5420 5418 5424
f 7332 4489 4505
f 7332 4505 7334
f 9613 9614 9619
f 578 579 586
f 578 586 580
f 2219 2216 2217
f 2219 2217 6501
f 2219 6501 6468
f 2219 6468 6470
f 8027 8041 8029
f 8027 8029 8025
f 3364 3363 3365
f 3364 3365 3366
f 9361 9360 9341
f 9361 9341 9347
f 3292 3275 3293
f 3292 3293 3373
f 4273 4264 4255
f 4273 4255 4266
f 1695 1694 1693
f 1695 1693 1262
f 802 848 815
f 802 815 808
f 802 808 843
f 2878 2891 2928
f 2878 2928 2916
f 8017 7868 7991
f 8017 7991 8015
f 8571 8562 8564
f 8571 8564 8573
f 5160 5164 5161
f 5160 5161 5142
f 287 290 283
f 287 283 276
f 5035 5036 5039
f 5035 5039 5032
f 9618 9693 1856
f 9618 1856 9616
f 9618 9616 9615
f 1999 2032 2034
f 1999 2034 2038
f 1999 2038 1996
f 6254 6245 6237
f 6254 6237 6267
f 4961 4965 4966
f 4961 4966 4956
f 3082 3079 3083
f 3082 3083 3088
f 5417 5412 5410
f 5417 5410 5414
f 5417 5414 5418
f 4644 4649 4642
f 4644 4642 4643
f 1669 1624 1676
f 1669 1676 1675
f 6603 5186 6613
f 6603 6613 6574
f 1151 1149 1150
f 10392 10382 10383
f 10392 10383 10384
f 10392 10384 10393
f 10392 10393 10526
f 10392 10526 10527
f 7067 7069 7068
f 7067 7068 7065
f 612 613 616
f 612 616 615
f 2426 2413 2331
f 2426 2331 2423
f 7475 480 489
f 7475 489 492
f 7475 492 7473
f 7475 7473 7474
f 7047 7048 7057
f 7047 7057 7053
f 926 915 1421
f 926 1421 1422
f 3637 3638 3634
f 3637 3634 3631
f 6842 6840 6839
f 6842 6839 6841
f 7450 4727 4726
f 7450 4726 7449
f 932 945 950
f 932 950 1663
f 932 1663 1661
f 7550 7536 7537
f 7550 7537 7551
f 5414 5423 5421
f 5414 5421 5418
f 10239 10234 10225
f 10239 10225 10224
f 3651 3643 3614
f 3651 3614 3615
f 7967 7969 7984
f 7967 7984 7989
f 7967 7989 8018
f 7967 8018 7996
f 7967 7996 7978
f 7967 7978 7964
f 3999 3984 3985
f 3999 3985 3993
f 3999 3993 3997
f 3999 3997 4000
f 3999 4000 4029
f 3999 4029 4037
f 3999 4037 3995
f 1449 1452 1463
f 1449 1463 1612
f 1449 1612 1464
f 1449 1464 1447
f 7804 7596 7665
f 7859 7855 7857
f 7859 7857 2836
f 7859 2836 7866
f 6534 6531 6533
f 6534 6533 6535
f 6534 6535 6536
f 4626 4614 4621
f 4626 4621 4630
f 8210 8208 8191
f 8210 8191 8187
f 3571 3556 3421
f 3571 3421 3557
f 2151 2133 2159
f 2151 2159 2179
f 10253 10255 10283
f 10253 10283 10242
f 9461 9455 9457
f 9461 9457 9460
f 7521 7523 7522
f 3069 4410 3080
f 3069 3080 3070
f 7536 7549 7548
f 7549 7536 7550
f 7523 7521 7524
f 2467 2462 2468
f 2467 2468 2469
f 4114 4109 4117
f 4114 4117 4150
f 4114 4150 4168
f 4114 4168 4155
f 9851 9942 9932
f 9851 9932 9847
f 2790 2755 2698
f 2790 2698 2758
f 2790 2758 2676
f 488 476 478
f 4417 4411 9014
f 4417 9014 9016
f 8402 8396 8395
f 8025 8029 7995
f 8025 7995 7983
f 3005 3032 3144
f 3005 3144 3042
f 8395 8394 8393
f 8395 8393 8399
f 10397 10396 10382
f 10397 10382 10398
f 10397 10398 10381
f 10397 10381 10360
f 10397 10360 10359
f 10397 10359 10539
f 10397 10539 10412
f 8020 7981 7999
f 8020 7999 8036
f 618 556 555
f 618 555 562
f 5590 9272 9270
f 5590 9270 5587
f 5590 5587 5560
f 2458 2457 2459
f 2458 2459 2460
f 9829 9831 9826
f 9829 9826 9825
f 3936 3929 3932
f 3936 3932 3949
f 3936 3949 3950
f 8684 8681 8689
f 8684 8689 8690
f 5817 5825 5835
f 5817 5835 5834
f 5817 5834 5820
f 4307 4289 4311
f 4307 4311 4318
f 4307 4318 4305
f 7308 7382 7301
f 7308 7301 7303
f 7308 7303 7310
f 3728 853 3729
f 3728 3729 3726
f 3992 3968 3972
f 3992 3972 3990
f 3992 3990 3996
f 2181 2189 2190
f 2181 2190 2175
f 2181 2175 2157
f 2181 2157 2156
f 2181 2156 2164
f 9109 9112 9115
f 9109 9115 9110
f 3055 3047 3002
f 3055 3002 3003
f 8686 8685 8684
f 8679 8686 8684
f 8679 8684 8690
f 8679 8690 8687
f 8679 8687 8682
f 2129 2123 2125
f 2129 2125 2128
f 1807 1845 1847
f 1807 1847 1798
f 9730 6417 6428
f 9730 6428 9734
f 5126 5127 3459
f 5126 3459 3500
f 5126 3500 5123
f 5126 5123 5125
f 6723 6699 6696
f 6723 6696 6693
f 6723 6693 6697
f 466 467 437
f 466 437 439
f 6749 6731 6795
f 5134 5133 7103
f 5134 7103 5098
f 5134 5098 5099
f 8420 8405 8402
f 7196 7195 7200
f 7196 7200 7201
f 7196 7201 7202
f 2289 2290 2283
f 2289 2283 2281
f 5524 5514 5512
f 5524 5512 5519
f 5524 5519 5525
f 8407 8406 8403
f 7361 7314 7308
f 7361 7308 7310
f 7361 7310 7359
f 7910 7908 7917
f 7910 7917 7913
f 6073 6096 6099
f 6073 6099 6085
f 2732 8642 8638
f 2732 8638 2785
f 2732 2785 2759
f 4320 4312 4272
f 4320 4272 4291
f 4320 4291 4319
f 8291 8277 8280
f 8291 8280 8289
f 783 3719 3721
f 783 3721 3720
f 783 3720 784
f 783 784 777
f 783 777 762
f 783 762 779
f 6752 10545 10534
f 6752 10534 10533
f 6752 10533 10532
f 6752 10532 6756
f 6579 6586 6591
f 6579 6591 6589
f 10116 10107 10100
f 10116 10100 10101
f 10116 10101 10113
f 8285 8293 8279
f 8285 8279 8272
f 7069 7093 5130
f 7069 5130 7068
f 5136 5153 5159
f 9225 9242 9243
f 9277 9251 9244
f 9277 9244 9245
f 2560 2604 2595
f 2560 2595 2629
f 2560 2629 2559
f 1150 1153 1238
f 1150 1238 1151
f 8148 8152 8142
f 2413 2420 2414
f 2413 2414 2395
f 4991 4995 4996
f 4991 4996 4975
f 4991 4975 4976
f 4991 4976 4983
f 9976 10025 9926
f 9976 9926 9929
f 8333 8326 8322
f 5434 5403 5415
f 5434 5415 5436
f 10014 10017 10016
f 4241 4252 4256
f 4241 4256 4246
f 4241 4246 4242
f 136 8288 146
f 6028 6044 3143
f 6028 3143 6005
f 6028 6005 6020
f 8291 8296 8325
f 8291 8325 8312
f 8291 8312 8309
f 8291 8309 113
f 8291 113 114
f 8291 114 8277
f 3233 3232 3225
f 3233 3225 3224
f 8268 133 8246
f 8648 8652 8404
f 8648 8404 8606
f 8674 8506 8505
f 8674 8505 8679
f 8674 8679 8682
f 8674 8682 8677
f 8674 8677 8675
f 7283 7282 7285
f 1400 1404 1397
f 1400 1397 1396
f 10470 10469 6091
f 10470 6091 10554
f 10449 10434 10433
f 10449 10433 10452
f 6492 6507 6508
f 6492 6508 6504
f 6492 6504 6495
f 4111 4075 4073
f 4111 4073 4080
f 4111 4080 6485
f 4111 6485 6484
f 4111 6484 6489
f 7286 7370 7371
f 7370 6640 7371
f 1751 1750 1748
f 1751 1748 1746
f 1751 1746 1752
f 1751 1752 1765
f 1751 1765 1756
f 1751 1756 1757
f 1890 1877 1902
f 1890 1902 1909
f 1890 1909 2033
f 1890 2033 1907
f 1890 1907 1900
f 1890 1900 1892
f 3500 7290 5123
f 7292 3335 7293
f 5121 7286 7312
f 6231 6233 6238
f 6231 6238 6237
f 6231 6237 6245
f 7290 5120 5123
f 7286 7371 7312
f 3325 3418 3323
f 5123 5117 5125
f 8303 8332 8306
f 10312 10301 10315
f 10312 10315 10313
f 53 54 55
f 53 55 51
f 53 51 49
f 173 171 162
f 173 162 167
f 173 167 168
f 173 168 170
f 5123 5120 5117
f 5263 5252 5257
f 5263 5257 5276
f 7312 6641 7377
f 2242 2170 2117
f 2242 2117 2247
f 5911 2408 5912
f 7867 7816 7829
f 7867 7829 7787
f 7867 7787 7847
f 5325 5324 7045
f 7076 7083 7075
f 678 3803 657
f 678 657 656
f 5306 7056 7050
f 5305 5306 7050
f 9754 9775 9778
f 9754 9778 9758
f 5324 7050 7049
f 3883 3889 3888
f 3883 3888 3887
f 3235 3230 3231
f 3235 3231 3213
f 3235 3213 3189
f 875 873 868
f 875 868 852
f 875 852 836
f 875 836 840
f 875 840 844
f 875 844 869
f 875 869 864
f 875 864 863
f 5305 7050 5324
f 4099 4093 4092
f 6477 6485 4080
f 6477 4080 4083
f 6477 4083 6478
f 5122 7377 7091
f 5124 5117 5116
f 5508 2532 2538
f 5508 2538 5494
f 5508 5494 5500
f 5116 5112 5115
f 6548 6552 6553
f 6548 6553 6551
f 6548 6551 6547
f 9644 9640 9645
f 9644 9645 9647
f 9644 9647 9641
f 9644 9641 9642
f 9644 9642 9646
f 9644 9646 9643
f 9644 9643 1812
f 9644 1812 1813
f 9644 1813 1841
f 9644 1841 1849
f 9644 1849 9652
f 9644 9652 9651
f 1477 1481 1721
f 1477 1721 1480
f 1477 1480 1472
f 1477 1472 1475
f 101 33 8381
f 101 8381 8334
f 5282 5284 5283
f 5282 5283 5281
f 5282 5281 5114
f 3876 3878 3872
f 3876 3872 3866
f 3876 3866 3863
f 2887 2899 1733
f 2887 1733 2889
f 6883 6889 6888
f 6883 6888 6878
f 9135 9127 9128
f 9135 9128 9134
f 9135 9134 9146
f 9135 9146 9148
f 7059 7074 7058
f 3428 3373 3293
f 3428 3293 3397
f 3428 3397 3444
f 3428 3444 3424
f 7091 7087 7092
f 6649 6683 6691
f 5291 5285 5290
f 7092 7087 7086
f 1942 1936 1935
f 1942 1935 1939
f 1942 1939 1941
f 1597 1593 1595
f 1597 1595 1596
f 1597 1596 1700
f 8772 8770 8775
f 8772 8775 8773
f 8738 8739 8740
f 8738 8740 8741
f 2893 2886 2912
f 2893 2912 2917
f 7077 7060 7061
f 7077 7061 7078
f 9198 9203 9190
f 9198 9190 9161
f 9198 9161 9158
f 9198 9158 9157
f 7077 7076 7074
f 8997 8983 8990
f 8997 8990 8998
f 6702 6669 6691
f 3862 3863 3866
f 3862 3866 3864
f 5171 5325 5326
f 7052 7070 7051
f 2304 2431 2424
f 2304 2424 2314
f 8171 8167 5275
f 8171 5275 5263
f 8171 5263 5276
f 4888 4884 4889
f 148 752 744
f 148 744 743
f 9769 9771 9768
f 9806 9818 9820
f 9806 9820 9774
f 9806 9774 9785
f 9806 9785 9795
f 1378 1543 1541
f 1378 1541 1374
f 1378 1374 1366
f 1378 1366 1373
f 8269 8262 8274
f 8269 8274 8299
f 8269 8299 8297
f 6229 6217 6219
f 6229 6219 6227
f 3842 3854 4619
f 3842 4619 3855
f 9941 9866 9868
f 9941 9868 9957
f 4074 4081 4102
f 4074 4102 4097
f 4074 4097 4096
f 4074 4096 4082
f 9483 9494 9679
f 9483 9679 9448
f 4259 4268 4274
f 4259 4274 4260
f 4259 4260 4257
f 1156 1167 1157
f 1156 1157 1155
f 1156 1155 1154
f 1562 1560 1557
f 1562 1557 1556
f 7871 7874 7873
f 7871 7873 7872
f 5996 6016 6077
f 5996 6077 6076
f 5996 6076 6003
f 5302 5316 5315
f 5302 5315 5300
f 4187 4186 4174
f 4187 4174 4175
f 10165 10179 10178
f 10165 10178 10168
f 9699 9684 9688
f 4087 4088 2317
f 5725 5734 5686
f 5725 5686 5678
f 5166 7041 5173
f 5166 5168 7041
f 7044 7041 5168
f 5170 5168 5169
f 5167 5168 5166
f 5303 5304 5307
f 547 541 542
f 547 542 289
f 547 289 286
f 547 286 279
f 547 279 421
f 547 421 422
f 547 422 7556
f 6200 6199 6198
f 1505 1506 1507
f 1507 1506 6200
f 4460 4390 4370
f 4460 4370 4371
f 4460 4371 4400
f 6200 6198 6202
f 1735 2889 1733
f 1735 1733 1728
f 6260 6258 6257
f 6260 6257 6259
f 6208 6200 6207
f 6207 6200 6202
f 6214 6207 6202
f 7780 7803 7694
f 6372 6210 6209
f 6296 6372 6209
f 6210 6372 2949
f 6210 2949 2947
f 6210 2947 2948
f 8172 5278 5273
f 8172 5273 5272
f 8172 5272 8166
f 6295 6265 6339
f 6295 6339 6351
f 9946 9951 9931
f 9946 9931 9924
f 9946 9924 9947
f 2949 6372 6370
f 962 960 987
f 6206 970 6236
f 987 960 6201
f 4073 4069 4078
f 4073 4078 4083
f 4073 4083 4080
f 2992 2994 2991
f 2992 2991 2985
f 2992 2985 2986
f 2992 2986 2987
f 2992 2987 2988
f 2992 2988 2993
f 9572 9578 1731
f 2887 2889 2876
f 1735 1728 1500
f 1735 1500 2875
f 2862 2875 1502
f 6220 6214 6205
f 6220 6205 6213
f 6220 6213 6216
f 6220 6302 6339
f 6220 6339 6265
f 6220 6265 6214
f 2859 2851 2869
f 1866 1863 1869
f 4634 4642 4646
f 4634 4646 3826
f 4634 3826 3849
f 4634 3849 3855
f 4634 3855 4619
f 4634 4619 4620
f 4634 4620 4633
f 5581 5585 5565
f 5581 5565 5579
f 6215 6280 6338
f 6338 6298 6215
f 12 7 6
f 12 6 15
f 5554 5572 2745
f 5554 2745 2700
f 5554 2700 2737
f 5554 2737 5563
f 6338 6337 6298
f 1279 1280 1281
f 1279 1281 1256
f 1279 1256 1234
f 1279 1234 1231
f 10154 10156 10147
f 2241 2240 2244
f 2241 2244 2248
f 8909 8906 8907
f 523 511 369
f 523 369 360
f 9528 9511 9509
f 9528 9509 9513
f 9528 9513 9514
f 9528 9514 9515
f 9528 9515 9523
f 9528 9523 9520
f 9528 9520 9525
f 9528 9525 9527
f 9528 9527 9521
f 9528 9521 9519
f 9528 9519 9516
f 9528 9516 9517
f 9528 9517 9522
f 9528 9522 9529
f 9528 9529 9530
f 6382 6326 6356
f 397 409 380
f 397 380 348
f 10564 10328 10327
f 10564 10327 10339
f 10564 10339 10365
f 10564 10365 10369
f 2799 2797 2800
f 2799 2800 2801
f 1924 1952 1937
f 1924 1937 1925
f 6352 6356 6316
f 4324 5903 5915
f 4324 5915 4413
f 6635 6634 6639
f 6635 6639 6643
f 1050 1055 1051
f 1050 1051 1047
f 1050 1047 1044
f 1050 1044 1046
f 5741 5837 5731
f 5741 5731 5722
f 5950 5952 5974
f 5950 5974 5971
f 1598 1594 1593
f 1598 1593 1597
f 8081 8074 8093
f 8081 8093 8092
f 9968 9998 10018
f 9968 10018 9999
f 9968 9999 9969
f 7945 7909 7910
f 7945 7910 7954
f 7945 7954 7958
f 646 638 636
f 646 636 641
f 646 641 645
f 3601 3604 3609
f 3601 3609 3576
f 3601 3576 3578
f 3601 3578 3590
f 9034 9039 9065
f 9034 9065 9102
f 4946 2203 2199
f 4946 2199 2186
f 4946 2186 2169
f 4946 2169 2174
f 4946 2174 2196
f 4946 2196 2215
f 4220 4221 4178
f 4220 4178 4184
f 4220 4184 4223
f 2585 2660 2661
f 2585 2661 2586
f 3536 3534 3066
f 3536 3066 3055
f 3536 3055 3073
f 3536 3073 3086
f 3536 3086 3087
f 7058 7055 7056
f 7058 7056 5284
f 7058 5284 7059
f 7098 7102 5097
f 7098 5097 5095
f 7098 5095 7099
f 7098 7099 7100
f 7098 7100 7097
f 5206 5255 5264
f 1140 1154 1105
f 1140 1105 1115
f 1140 1115 1131
f 1140 1131 1121
f 1140 1121 1126
f 1140 1126 1133
f 1140 1133 1134
f 1140 1134 1141
f 7943 7935 7929
f 7943 7929 7928
f 10318 10308 6785
f 10318 6785 10520
f 6765 6766 6767
f 6765 6767 6764
f 7829 7816 7752
f 7829 7752 7750
f 6367 6378 6360
f 3016 3008 2959
f 3016 2959 3000
f 6546 6554 8576
f 6546 8576 6550
f 9595 9596 9602
f 9595 9602 9609
f 3042 3144 3145
f 3042 3145 3072
f 8481 8493 8497
f 8481 8497 8494
f 8481 8494 8495
f 6320 6329 6328
f 6322 6320 6328
f 5913 2405 2404
f 5913 2404 2408
f 5913 2408 5911
f 4811 4805 4810
f 4811 4810 4762
f 4811 4762 4761
f 4811 4761 4764
f 298 302 316
f 298 316 318
f 298 318 355
f 298 355 323
f 298 323 326
f 298 326 297
f 2886 2877 2885
f 7995 8031 8014
f 7995 8014 7992
f 2886 2880 2877
f 10120 10109 10108
f 10120 10108 10115
f 10120 10115 10169
f 7507 7502 7530
f 7507 7530 7506
f 5678 5672 5661
f 5678 5661 5679
f 9571 2920 2919
f 8989 8979 8978
f 8989 8978 8988
f 5973 5979 5976
f 5973 5976 5974
f 3014 3021 3119
f 3014 3119 3122
f 7924 7906 7898
f 7924 7898 7897
f 7924 7897 7879
f 7042 7043 7065
f 7042 7065 7068
f 7042 7068 5128
f 7042 5128 7040
f 7042 7040 7039
f 10236 10206 10204
f 10236 10204 10217
f 6870 10552 6867
f 6870 6867 6868
f 3276 3331 3420
f 3485 3377 3375
f 3485 3375 3402
f 3485 3402 3512
f 3485 3512 3486
f 3271 3287 3288
f 3271 3288 3286
f 3271 3286 3263
f 2894 2925 2935
f 2885 2877 2874
f 6702 6691 6683
f 6702 6683 6682
f 6702 6682 6681
f 6204 6213 6205
f 2884 2874 2867
f 504 399 418
f 504 418 444
f 6341 6368 6340
f 4513 4515 4759
f 4513 4759 4753
f 4513 4753 4791
f 6343 6334 6342
f 6344 6343 6342
f 7893 7900 7902
f 7893 7902 8617
f 7893 8617 8622
f 6343 6341 6334
f 2872 2853 2881
f 6343 6344 6345
f 6344 6347 6345
f 2867 2866 2872
f 2885 2874 2884
f 6347 6348 6345
f 5376 5373 6348
f 5376 6348 6307
f 5376 6307 6349
f 5376 6349 6279
f 5376 6279 5379
f 10313 10316 10330
f 10313 10330 10325
f 10313 10325 10322
f 10313 10322 10519
f 10313 10519 10377
f 10313 10377 10562
f 10313 10562 8948
f 10313 8948 8953
f 10313 8953 10321
f 6346 6345 6363
f 6975 6969 6967
f 6975 6967 6965
f 10231 10230 10228
f 10231 10228 10229
f 6278 6277 6279
f 5380 5379 6283
f 8769 8767 8768
f 8769 8768 8770
f 3247 3251 3266
f 3247 3266 3361
f 3247 3361 3255
f 7579 7541 7540
f 7579 7540 7494
f 7579 7494 7495
f 7579 7495 7003
f 7579 7003 6996
f 7579 6996 7001
f 7579 7001 7532
f 4799 4760 4762
f 4799 4762 4798
f 9377 10006 10004
f 9377 10004 10003
f 3607 3624 868
f 3607 868 873
f 5930 5934 5908
f 5930 5908 5917
f 4994 4967 4968
f 4994 4968 4997
f 5755 5756 5758
f 5755 5758 5750
f 5755 5750 5751
f 1491 1440 1442
f 8825 3538 3542
f 8825 3542 3540
f 8825 3540 8826
f 8825 8826 8827
f 4530 4541 4528
f 4530 4528 4518
f 4530 4518 4520
f 7952 7921 7920
f 7952 7920 7922
f 7987 7962 7961
f 7987 7961 7963
f 7987 7963 7981
f 1026 1092 1016
f 3484 3366 3503
f 9502 9501 9503
f 9501 9502 9498
f 1180 1182 1186
f 1180 1186 1184
f 1180 1184 1181
f 272 265 271
f 9510 9493 9497
f 9510 9497 9531
f 9510 9531 9526
f 9510 9526 9512
f 6132 6134 6135
f 6132 6135 6133
f 6132 6133 6131
f 9525 9532 9527
f 1564 1543 1378
f 1564 1378 1375
f 1564 1375 1376
f 1564 1376 1573
f 7593 7646 7569
f 7593 7569 7559
f 6156 6157 6146
f 6156 6146 6138
f 10132 10134 10144
f 10132 10144 10143
f 10132 10143 10138
f 10132 10138 10133
f 2548 2553 2348
f 2548 2348 2343
f 2548 2343 2344
f 10160 10152 10142
f 10160 10142 10130
f 10160 10130 10131
f 2040 2062 2060
f 2040 2060 2061
f 8083 7813 7802
f 8083 7802 8069
f 3477 3470 3471
f 3477 3471 3474
f 6716 6719 6721
f 6716 6721 7088
f 6716 7088 7084
f 6716 7084 6711
f 4690 3795 3840
f 4690 3840 4688
f 2309 2302 2268
f 2309 2268 2265
f 2309 2265 2319
f 4336 4406 4338
f 4336 4338 4328
f 3318 3313 3329
f 3318 3329 3437
f 3318 3437 3450
f 10149 10239 10224
f 10149 10224 10196
f 5484 5482 5496
f 5484 5496 5495
f 9733 9719 9722
f 9733 9722 9738
f 8691 8692 8693
f 8691 8693 8694
f 4139 4137 4135
f 4139 4135 4140
f 4139 4140 4143
f 1218 1224 1219
f 7874 8053 8034
f 7874 8034 7797
f 7874 7797 8045
f 7874 8045 7759
f 7874 7759 7757
f 7874 7757 7698
f 7874 7698 7692
f 7874 7692 8055
f 7874 8055 7873
f 8536 8364 8359
f 8536 8359 8372
f 8536 8372 8378
f 8536 8378 8387
f 8536 8387 8535
f 1649 1652 955
f 1649 955 952
f 5235 5234 3171
f 9897 9898 9883
f 9897 9883 9884
f 7051 7046 7047
f 7051 7047 7052
f 2212 2203 4946
f 2212 4946 4937
f 2212 4937 4896
f 2212 4896 4932
f 8587 8099 8111
f 8587 8111 8114
f 8587 8114 8585
f 9342 9343 2789
f 9342 2789 9370
f 9342 9370 9352
f 8583 8589 8584
f 4893 4898 4896
f 4893 4896 4891
f 8870 8104 8106
f 8870 8106 8855
f 8106 8104 8098
f 3465 3466 3504
f 3465 3504 3440
f 3465 3440 3315
f 3465 3315 3322
f 727 712 611
f 727 611 718
f 1132 1089 1099
f 1132 1099 1103
f 1132 1103 1194
f 7357 7347 7345
f 7357 7345 7352
f 1965 1566 1572
f 1965 1572 1966
f 3239 3232 3244
f 8116 3239 3244
f 8113 3239 8116
f 3225 3232 3229
f 3232 3233 8184
f 3232 8184 3244
f 4722 4692 4704
f 4722 4704 4721
f 1858 1859 1861
f 1858 1861 1852
f 1858 1852 1857
f 743 745 749
f 743 749 140
f 743 140 139
f 3213 3214 3189
f 10521 10445 10440
f 10521 10440 10444
f 1165 1164 1178
f 1165 1178 1177
f 1165 1177 1205
f 1165 1205 1169
f 8118 8834 8835
f 8118 8835 8836
f 8118 8836 8120
f 8870 8832 8104
f 8884 8835 8834
f 2081 2086 2090
f 2081 2090 2076
f 8831 8117 8115
f 946 954 1750
f 946 1750 1751
f 3639 3643 3651
f 3639 3651 3642
f 3639 3642 3640
f 4967 4953 4954
f 4967 4954 4957
f 4967 4957 4959
f 4967 4959 4968
f 8113 8112 3239
f 2989 2974 2962
f 2989 2962 2957
f 2989 2957 2956
f 9968 9961 9985
f 9968 9985 9998
f 4571 4572 4581
f 4571 4581 4586
f 4571 4586 4585
f 4571 4585 4578
f 8898 8910 8899
f 8915 8933 8904
f 8915 8904 8903
f 8915 8903 8902
f 8894 8898 8891
f 954 949 955
f 954 955 1707
f 954 1707 957
f 8904 8910 8898
f 8003 8011 8012
f 8003 8012 8009
f 8003 8009 7979
f 8003 7979 7977
f 8003 7977 7985
f 7807 7767 7779
f 2306 2276 2273
f 2306 2273 2305
f 5869 5865 5872
f 5869 5872 5873
f 2220 2223 2213
f 2220 2213 2211
f 8630 8610 8609
f 8630 8609 8628
f 4484 4483 4474
f 4484 4474 4475
f 4484 4475 4473
f 9939 8243 8240
f 9939 8240 8244
f 4183 4180 6499
f 4183 6499 4210
f 2866 2867 2874
f 2866 2874 2863
f 2866 2863 2857
f 6713 6708 6709
f 6713 6709 6714
f 6136 6134 6142
f 6136 6142 6143
f 10231 10248 10246
f 10231 10246 10230
f 5705 5702 5701
f 5705 5701 5706
f 1966 1572 1969
f 1966 1969 1977
f 9099 9105 4533
f 9099 4533 9098
f 7315 7370 7286
f 7315 7286 7282
f 7315 7282 7281
f 8373 8360 8369
f 6034 6038 6033
f 6034 6033 6027
f 9487 9484 9466
f 9487 9466 9489
f 9487 9489 9492
f 7188 7190 7187
f 7188 7187 7186
f 528 518 520
f 528 520 532
f 2989 2990 2998
f 2989 2998 2978
f 2989 2978 2979
f 2989 2979 2974
f 7171 7172 7178
f 7171 7178 7179
f 8908 8905 8896
f 8908 8896 8901
f 8905 8895 8896
f 3959 3951 3948
f 3959 3948 3966
f 3959 3966 3965
f 8893 8890 8889
f 8590 8885 8591
f 8906 8908 8901
f 8906 8901 8890
f 8906 8890 8897
f 8897 8890 8893
f 8813 8590 8593
f 8930 8934 8927
f 151 153 156
f 151 156 160
f 151 160 7881
f 5696 5700 5699
f 5696 5699 5726
f 5696 5726 5727
f 5696 5727 5741
f 5696 5741 5722
f 5696 5722 5703
f 1225 1228 1249
f 1225 1249 1250
f 1225 1250 1199
f 6091 6090 6093
f 6091 6093 6080
f 6091 6080 6083
f 6091 6083 10554
f 2326 2261 2258
f 2326 2258 2264
f 1971 1912 1970
f 1971 1970 1972
f 1097 1102 1101
f 1097 1101 1090
f 1097 1090 1088
f 9386 9385 9388
f 9386 9388 9392
f 9386 9392 9393
f 9386 9393 9390
f 8083 8068 8067
f 8083 8067 8085
f 10553 10453 10458
f 10553 10458 10566
f 10553 10566 10509
f 10553 10509 10507
f 10553 10507 10508
f 10553 10508 10506
f 10581 10418 10575
f 10581 10575 6823
f 10581 6823 6784
f 10581 6784 6745
f 10581 6745 6744
f 10581 6744 6793
f 330 328 320
f 330 320 319
f 330 319 321
f 4455 4456 4393
f 4455 4393 4458
f 2905 2907 2923
f 2905 2923 4733
f 2933 6374 6368
f 2933 6368 6341
f 2933 6341 2925
f 2933 2925 2894
f 2933 2894 2853
f 2933 2853 2871
f 2933 2871 2882
f 2933 2882 2916
f 2933 2916 2931
f 2933 2931 2926
f 6470 6479 6497
f 6470 6497 2219
f 2274 2276 2306
f 2274 2306 2282
f 6312 6295 6355
f 436 426 402
f 436 402 394
f 436 394 416
f 436 416 430
f 436 430 453
f 5770 5831 5772
f 6026 6024 5994
f 6026 5994 5999
f 8886 8888 8887
f 8886 8887 8891
f 8886 8891 8583
f 4356 4359 4399
f 4356 4399 4386
f 5883 5884 5885
f 5883 5885 5893
f 5883 5893 5901
f 5883 5901 5889
f 3018 3030 3015
f 3018 3015 2993
f 8059 7772 7773
f 8059 7773 7775
f 8059 7775 8042
f 8905 8915 8902
f 6915 7133 7137
f 6915 7137 6898
f 6915 6898 6896
f 8905 8902 8895
f 3446 3287 3271
f 9167 9153 9155
f 9167 9155 9159
f 9167 9159 9168
f 6173 6155 6152
f 6173 6152 6174
f 2543 2528 2518
f 2543 2518 2544
f 8594 8183 8182
f 6534 4137 4139
f 6534 4139 6530
f 2353 6285 6287
f 2353 6287 6288
f 7098 7095 7094
f 7098 7094 7016
f 7098 7016 7102
f 517 525 524
f 517 524 516
f 517 516 501
f 517 501 506
f 517 506 509
f 4059 5538 4041
f 4059 4041 4036
f 5921 5923 2437
f 5921 2437 5910
f 5921 5910 5907
f 10439 10578 10435
f 10439 10435 10436
f 8294 8300 8319
f 8294 8319 8302
f 4902 4921 4930
f 4902 4930 4898
f 6596 6581 6577
f 6596 6577 6590
f 849 850 845
f 849 845 841
f 10339 10327 10331
f 10339 10331 10326
f 10339 10326 10598
f 10339 10598 10330
f 10339 10330 10374
f 10339 10374 10586
f 10339 10586 10335
f 10339 10335 10589
f 10339 10589 6736
f 10339 6736 10358
f 10339 10358 10340
f 10339 10340 10367
f 10339 10367 10573
f 10339 10573 10366
f 3475 3473 3472
f 3475 3472 3228
f 3475 3228 3219
f 3475 3219 3227
f 8667 8664 8661
f 8667 8661 8660
f 8667 8660 8386
f 8667 8386 8409
f 8667 8409 8655
f 8667 8655 8656
f 8667 8656 8659
f 8667 8659 8669
f 8667 8669 8668
f 5886 5898 5892
f 5886 5892 5891
f 5886 5891 5882
f 5886 5882 5883
f 975 972 980
f 975 980 1704
f 4334 4333 1
f 4334 1 4337
f 6749 6795 10385
f 6749 10385 6750
f 6749 6750 6752
f 6749 6752 6756
f 6749 6756 6671
f 6749 6671 6677
f 7205 7204 7225
f 7205 7225 7222
f 7205 7222 7206
f 7038 7037 5161
f 7038 5161 5164
f 157 178 180
f 157 180 155
f 1547 1536 1528
f 1547 1528 1530
f 1547 1530 1534
f 7322 3514 3360
f 7322 3360 3521
f 7322 3521 3495
f 7322 3495 3509
f 6695 6693 6696
f 6258 6260 6262
f 6258 6262 6303
f 6736 6689 6674
f 3377 3379 3378
f 3377 3378 3376
f 3377 3376 3375
f 7628 7630 7629
f 7628 7629 7626
f 7628 7626 7627
f 7313 7318 7316
f 7313 7316 7311
f 6828 6827 6802
f 3137 3403 3295
f 3137 3295 3140
f 3137 3140 3131
f 3112 3105 6013
f 3112 6013 3120
f 3112 3120 3118
f 6799 6849 6850
f 8785 8792 8757
f 8785 8757 8751
f 8785 8751 8755
f 5019 5017 5014
f 5019 5014 5018
f 10437 10525 10602
f 10437 10602 10447
f 6670 7091 7377
f 6670 7377 6641
f 3229 3232 3239
f 3229 3239 3236
f 527 513 516
f 527 516 524
f 527 524 595
f 6755 6798 6739
f 2621 2620 2625
f 2621 2625 2635
f 2621 2635 2672
f 2621 2672 2622
f 3676 3759 3684
f 3676 3684 3679
f 3676 3679 3653
f 3676 3653 3652
f 10477 10471 10474
f 6732 6710 6704
f 6732 6704 6701
f 6732 6701 6699
f 6732 6699 6724
f 6699 6738 6724
f 296 293 297
f 296 297 299
f 10173 10176 10162
f 10173 10162 10150
f 10173 10150 10164
f 6060 6058 6059
f 6060 6059 6057
f 4260 4252 4241
f 4260 4241 4257
f 6772 6741 6746
f 6743 6741 6772
f 4351 4346 4347
f 4351 4347 4350
f 4351 4350 4349
f 6755 10429 6798
f 4046 4045 4047
f 4046 4047 4049
f 1574 1565 1573
f 1574 1573 1371
f 4141 4136 4124
f 4141 4124 4148
f 6845 6844 6842
f 2117 2108 2109
f 2117 2109 2116
f 6845 6842 10426
f 10427 10426 10431
f 10428 6846 6845
f 6845 6846 6844
f 10563 6846 10428
f 10430 10563 10428
f 7310 7303 7307
f 7310 7307 7311
f 8186 5266 8178
f 8186 8178 8185
f 6035 6036 6037
f 6035 6037 6034
f 690 660 659
f 690 659 669
f 690 669 3804
f 6448 6441 6449
f 6449 6441 6445
f 6463 6507 6492
f 6519 6117 6520
f 6520 6117 6118
f 6121 6125 6118
f 10051 8784 8757
f 10051 8757 8792
f 10051 8792 8789
f 10051 8789 8779
f 10051 8779 8781
f 5023 6510 6509
f 1413 1414 1412
f 1413 1412 1406
f 6123 6117 6519
f 6517 6123 6519
f 6118 6521 6520
f 6118 6125 6521
f 5676 5688 6120
f 4832 4834 4855
f 7538 6992 6986
f 7538 6986 6988
f 7538 6988 6981
f 7538 6981 7002
f 4834 4835 4841
f 4843 4834 4841
f 5012 4930 4921
f 1650 1660 1036
f 1650 1036 1035
f 7133 7127 7136
f 7133 7136 7137
f 9729 6417 9730
f 9729 9730 9717
f 4940 4920 5016
f 5018 4940 5016
f 2757 2817 7840
f 2757 7840 2783
f 5018 5016 5019
f 6381 6254 6267
f 6381 6267 6268
f 6381 6268 6376
f 6381 6376 6386
f 6381 6386 6387
f 4900 4855 4941
f 4894 4900 4892
f 4941 4949 4892
f 4900 4941 4892
f 5015 5018 5014
f 5015 5014 4897
f 4835 4833 4840
f 7963 7976 7999
f 7963 7999 7981
f 4841 4842 4857
f 2280 2281 2283
f 2280 2283 2287
f 765 766 775
f 765 775 769
f 765 769 768
f 9225 9222 9224
f 9225 9224 9226
f 4894 4899 4900
f 4836 4832 4855
f 3814 3837 3825
f 3814 3825 3769
f 3814 3769 3766
f 3814 3766 3762
f 8949 8957 10600
f 8949 10600 10579
f 8949 10579 10541
f 8949 10541 10542
f 5644 5639 5663
f 275 281 280
f 5645 5644 5680
f 5680 5644 5689
f 6122 5680 5689
f 5644 5663 5689
f 6123 6122 5689
f 6123 5689 6119
f 6123 6119 6117
f 5639 5655 5663
f 5663 5655 5673
f 389 385 417
f 389 417 441
f 389 441 404
f 6523 6515 6512
f 6523 6512 6125
f 6523 6125 6130
f 5620 5617 5618
f 5598 5597 5585
f 5625 5624 5626
f 5626 5627 5625
f 1775 1768 1767
f 1775 1767 1776
f 5616 5628 5619
f 5647 5716 5715
f 5647 5715 5648
f 5643 5647 5648
f 2910 2904 2906
f 2910 2906 2936
f 8718 8716 8725
f 8718 8725 8722
f 8718 8722 8721
f 6033 6042 6032
f 6033 6032 6029
f 6033 6029 6025
f 5503 2540 5492
f 5503 5492 5489
f 5503 5489 5501
f 5638 5648 5651
f 5641 5642 5654
f 3790 3789 3775
f 3790 3775 3773
f 3790 3773 3787
f 978 981 982
f 978 982 979
f 4914 4933 5626
f 4933 5649 5626
f 5649 5656 5646
f 5656 5647 5646
f 5625 5627 5628
f 5630 5643 5638
f 39 45 46
f 39 46 42
f 5643 5648 5638
f 5631 5630 5637
f 5630 5638 5637
f 5648 5664 5651
f 3541 3097 3531
f 3541 3531 3404
f 5641 5654 5653
f 6516 5022 6522
f 5692 5657 5666
f 5645 5634 5632
f 5016 5623 5019
f 5022 6128 6522
f 5666 5645 5680
f 6124 6123 6517
f 6124 6122 6123
f 9083 9091 5084
f 9083 5084 9094
f 237 236 238
f 237 238 196
f 237 196 176
f 5697 5708 5709
f 5697 5709 5698
f 9153 9140 9141
f 9153 9141 9154
f 9153 9154 9155
f 4745 4768 4769
f 4745 4769 4754
f 1589 1593 1594
f 1589 1594 1588
f 5716 5699 5715
f 9041 5449 9043
f 9041 9043 9044
f 9041 9044 9040
f 5717 5718 5724
f 2934 2935 2925
f 2934 2925 6341
f 2934 6341 6346
f 7466 4706 7461
f 7697 7742 7734
f 7697 7734 7679
f 7472 530 601
f 7472 601 599
f 7472 599 590
f 7472 590 4708
f 4905 5760 4903
f 4905 4903 4856
f 6930 6928 6923
f 6930 6923 6924
f 6930 6924 6926
f 857 862 116
f 857 116 858
f 258 259 255
f 258 255 250
f 1273 1291 1287
f 5821 4871 5826
f 5821 5826 5823
f 5821 5823 5818
f 5821 5818 5816
f 5821 5816 5817
f 5821 5817 5820
f 4453 4454 4465
f 4453 4465 4461
f 4865 5763 4866
f 2152 2171 2164
f 2152 2164 2156
f 2152 2156 2140
f 2152 2140 2138
f 8727 8728 8724
f 4853 4906 4859
f 4830 4859 4860
f 4859 5824 5836
f 2417 5379 5380
f 2417 5380 2428
f 2583 2596 2608
f 2583 2608 2612
f 2583 2612 2584
f 5821 5820 5824
f 51 55 38
f 5834 5838 5668
f 4624 4628 4632
f 4624 4632 4625
f 4624 4625 4610
f 4624 4610 4600
f 4624 4600 4608
f 4624 4608 4614
f 4624 4614 4626
f 4624 4626 4629
f 4377 4374 4375
f 4377 4375 5980
f 9949 9950 9987
f 9949 9987 9990
f 7343 7342 7341
f 7343 7341 7344
f 2904 2910 2902
f 2904 2902 2903
f 7942 7951 7940
f 7942 7940 7937
f 7942 7937 7936
f 6687 6690 6703
f 6687 6703 7082
f 6687 7082 7073
f 6687 7073 7075
f 6687 7075 7083
f 5693 9997 10030
f 6470 6460 6457
f 6470 6457 6469
f 6470 6469 6479
f 9967 9986 9997
f 9966 9934 9967
f 10030 9997 10024
f 10029 10030 10024
f 5218 5204 5194
f 5218 5194 5203
f 5218 5203 5335
f 5218 5335 5261
f 5654 5661 5672
f 5654 5672 5671
f 5662 5654 5671
f 4999 5007 5005
f 508 515 510
f 508 510 495
f 508 495 497
f 5672 5678 5686
f 9133 9168 9159
f 9133 9159 9160
f 9133 9160 9162
f 5686 5734 5746
f 5671 5672 5685
f 1432 1429 1427
f 1432 1427 1433
f 1432 1433 1434
f 5211 5260 5219
f 5686 9992 5685
f 9995 9958 5686
f 5686 9954 9992
f 9995 9981 9958
f 5686 9958 9954
f 11 9 161
f 11 161 158
f 11 158 154
f 1861 1859 1855
f 1861 1855 1860
f 9990 9984 9949
f 5112 5116 5117
f 5112 5117 5120
f 5112 5120 7287
f 5112 7287 7286
f 5112 7286 5121
f 5112 5121 5119
f 5672 5686 5685
f 9958 9937 9936
f 7169 7153 7146
f 7169 7146 7147
f 5675 5683 5677
f 6405 6390 6391
f 6405 6391 6402
f 6405 6402 6404
f 5687 5693 5695
f 5695 5693 10030
f 10026 10029 10018
f 5665 5675 5677
f 5681 5693 5687
f 5681 5691 5693
f 5725 5733 5734
f 5621 5622 4916
f 5621 4916 4915
f 9991 9963 10020
f 9991 10020 10021
f 4114 4155 4156
f 4114 4156 4148
f 4114 4148 4124
f 4114 4124 4118
f 4114 4118 4113
f 4912 5946 5957
f 4912 5957 5956
f 1604 1612 1590
f 1604 1590 1603
f 1604 1603 1602
f 6491 6494 6483
f 6491 6483 6482
f 4988 4990 7222
f 4988 7222 4989
f 1020 999 1323
f 1020 1323 1330
f 3854 3856 4619
f 7928 7941 7944
f 7928 7944 7943
f 10067 10039 10035
f 10067 10035 10044
f 10067 10044 10045
f 9900 9901 9902
f 9900 9902 9380
f 4033 4008 4004
f 4033 4004 4002
f 4033 4002 4010
f 8754 8752 8760
f 8754 8760 8765
f 8754 8765 8759
f 8754 8759 8758
f 1643 1642 1651
f 1643 1651 1684
f 4597 4594 4600
f 4597 4600 4610
f 4597 4610 4602
f 4597 4602 4599
f 628 60 675
f 628 675 661
f 4211 4189 4183
f 4211 4183 4210
f 4211 4210 6502
f 4211 6502 4213
f 5815 5819 5814
f 7824 7798 7849
f 7824 7849 7811
f 8631 8630 8628
f 8631 8628 8627
f 8631 8627 8625
f 8720 8719 8717
f 8720 8717 8718
f 8720 8718 8721
f 696 792 695
f 696 695 673
f 10560 10476 10582
f 10560 10582 10561
f 10560 10561 8883
f 10560 8883 10408
f 6125 6127 6130
f 5688 5683 5694
f 5683 5687 5694
f 5694 5687 5695
f 6127 6129 6130
f 6130 6129 10026
f 6129 10029 10026
f 5676 5667 5688
f 10417 6848 10575
f 10417 10575 10418
f 6121 6126 6125
f 6125 6126 6127
f 6439 6443 6442
f 6439 6442 6441
f 6439 6441 6440
f 4441 4451 4467
f 4192 4200 4224
f 4192 4224 4226
f 9133 9132 9130
f 9133 9130 9131
f 7826 8054 7853
f 7826 7853 7852
f 1888 1884 1904
f 1888 1904 1910
f 1888 1910 1897
f 1888 1897 1882
f 7719 7808 7860
f 7719 7860 7847
f 7719 7847 7787
f 4982 4979 4980
f 4982 4980 4981
f 4982 4981 4984
f 8115 3245 3238
f 8115 3238 3243
f 2893 2890 2886
f 1399 1409 1408
f 1399 1408 1402
f 440 408 378
f 440 378 386
f 440 386 393
f 440 393 415
f 4007 4568 4569
f 4007 4569 4011
f 4007 4011 4012
f 4007 4012 4010
f 4007 4010 4002
f 9067 9066 9092
f 9067 9092 9099
f 9067 9099 9098
f 9067 9098 9093
f 9067 9093 9088
f 9067 9088 4399
f 9067 4399 9058
f 5614 5636 5632
f 5614 5632 5613
f 2717 2714 2733
f 2765 2764 2739
f 4362 4348 4346
f 4362 4346 4351
f 2725 2753 2782
f 2725 2782 2729
f 7912 7914 7915
f 8616 8613 7938
f 3791 3794 3818
f 3791 3818 3817
f 8620 8615 8616
f 7946 8616 7938
f 3687 3689 3713
f 3687 3713 3841
f 3687 3841 3829
f 3687 3829 3828
f 5054 5058 5073
f 5054 5073 5077
f 5054 5077 5078
f 5054 5078 5082
f 5054 5082 5053
f 5054 5053 5051
f 7903 7904 7912
f 1082 1077 1085
f 1082 1085 1086
f 1082 1086 1090
f 1082 1090 1101
f 1082 1101 1246
f 464 453 430
f 464 430 470
f 7895 7894 7897
f 7895 7897 7898
f 1362 1365 1347
f 1362 1347 1336
f 1362 1336 1333
f 1362 1333 1349
f 7904 7899 7898
f 7904 7898 7906
f 7904 7906 7908
f 7904 7908 7910
f 7904 7910 7909
f 7904 7909 7911
f 7904 7911 7907
f 7904 7907 7914
f 7904 7914 7912
f 104 100 102
f 104 102 103
f 6424 6426 6421
f 6424 6421 6409
f 6424 6409 6408
f 3734 796 853
f 3734 853 3728
f 3734 3728 3732
f 3734 3732 3733
f 4327 4328 4338
f 4327 4338 4339
f 4327 4339 4333
f 5500 5494 5432
f 5500 5432 5431
f 8662 8661 8664
f 8624 8615 8620
f 7658 7738 7737
f 7658 7737 7663
f 2364 2362 2365
f 2364 2365 5362
f 4543 5083 5072
f 4543 5072 5076
f 7759 7758 7757
f 4512 4510 4509
f 4512 4509 4511
f 4512 4511 4523
f 9657 9680 1790
f 9657 1790 1479
f 9657 1479 1493
f 9657 1493 1495
f 9657 1495 9643
f 9657 9643 9646
f 10214 10228 10230
f 10214 10230 10215
f 2037 2038 2034
f 2037 2034 2014
f 3472 3471 3470
f 3472 3470 3228
f 984 982 981
f 984 981 1617
f 8961 10379 10380
f 5982 4375 4380
f 5982 4380 4404
f 941 948 949
f 941 949 939
f 941 939 936
f 6416 6411 6415
f 6416 6415 6420
f 3711 3712 3697
f 3711 3697 3699
f 3711 3699 3709
f 8949 8934 8931
f 7351 7338 7340
f 7351 7340 7350
f 7994 7972 7957
f 7994 7957 7974
f 7994 7974 7998
f 9921 9924 9931
f 9921 9931 9919
f 967 971 972
f 967 972 973
f 967 973 969
f 967 969 965
f 1168 1140 1141
f 1168 1141 1204
f 1168 1204 1693
f 1168 1693 1248
f 7522 7520 7521
f 6385 6255 6252
f 6385 6252 6384
f 4624 4640 4644
f 4624 4644 4643
f 4624 4643 4628
f 3648 3618 3677
f 3648 3677 3644
f 208 209 194
f 208 194 200
f 1639 1636 1635
f 1639 1635 1638
f 1639 1638 1640
f 2803 2820 2821
f 2803 2821 2808
f 2803 2808 2798
f 4167 4174 4186
f 4167 4186 4209
f 4167 4209 4200
f 4167 4200 4192
f 8609 8598 8597
f 8609 8597 8608
f 7652 7645 425
f 7652 425 424
f 7652 424 419
f 7652 419 7597
f 5097 5102 5101
f 5097 5101 5096
f 7964 7958 7954
f 7964 7954 7948
f 7964 7948 7967
f 2735 5567 5570
f 2735 5570 5569
f 2735 5569 2737
f 2735 2737 2701
f 2735 2701 2688
f 5783 9117 9113
f 5783 9113 5782
f 5783 5782 5780
f 5630 5631 5628
f 5630 5628 5627
f 10517 10309 10520
f 6463 6462 6455
f 6463 6455 6449
f 6463 6449 6445
f 9796 9798 9795
f 9796 9795 9784
f 9796 9784 9783
f 9173 9189 9191
f 9173 9191 9182
f 5462 5465 5464
f 5462 5464 5456
f 8843 8837 8839
f 8843 8839 8840
f 8843 8840 8844
f 1478 1466 1459
f 1478 1459 1460
f 8126 8128 8127
f 8126 8127 8123
f 5468 5475 5491
f 5468 5491 5481
f 7645 7662 7548
f 7645 7548 7557
f 7991 7868 7865
f 7270 7269 8004
f 7270 8004 7267
f 7270 7267 7248
f 7923 7906 7965
f 7339 7338 7336
f 7339 7336 7337
f 5259 5230 5227
f 5259 5227 5252
f 5259 5252 5263
f 7971 8015 7991
f 7906 7991 7965
f 7865 7864 7990
f 8392 8373 8369
f 8392 8369 8384
f 8392 8384 3619
f 8392 3619 3626
f 8392 3626 8414
f 8392 8414 8413
f 7484 7568 7488
f 7484 7488 7487
f 1053 1052 1057
f 1053 1057 1066
f 1053 1066 1060
f 1053 1060 1061
f 991 998 999
f 991 999 1020
f 1330 1269 1288
f 1330 1288 1290
f 7975 7992 8014
f 7955 7966 7975
f 7879 7949 7924
f 5049 5042 5041
f 5049 5041 5048
f 10049 8796 8784
f 10049 8784 10051
f 10049 10051 10050
f 5977 6904 6905
f 5977 6905 5978
f 8642 2732 2720
f 8642 2720 2718
f 8642 2718 2728
f 8642 2728 8643
f 5514 5533 5536
f 5514 5536 5513
f 4739 2536 2439
f 4739 2439 2526
f 4739 2526 5937
f 4739 5937 7875
f 4739 7875 4743
f 5605 5609 5601
f 5605 5601 5583
f 5605 5583 5571
f 5605 5571 5591
f 4662 4657 4659
f 4662 4659 4664
f 3089 3087 3086
f 3089 3086 3090
f 7479 7457 7450
f 7479 7450 7449
f 7479 7449 7448
f 7479 7448 7436
f 7479 7436 7433
f 7479 7433 7446
f 2840 2772 2786
f 2766 2730 2772
f 531 733 730
f 531 730 597
f 2621 2624 2619
f 2621 2619 2620
f 1606 1600 1598
f 1606 1598 1702
f 1606 1702 1193
f 1606 1193 1703
f 1606 1703 1601
f 3108 3114 3117
f 3108 3117 6006
f 3108 6006 6007
f 8637 8623 2839
f 8637 2839 2785
f 8637 2785 8638
f 3519 3488 3518
f 3519 3518 3523
f 3881 3870 3859
f 3881 3859 3861
f 3881 3861 3869
f 4110 4103 4102
f 4110 4102 4081
f 4110 4081 4072
f 4110 4072 4075
f 4110 4075 4111
f 7478 7447 7435
f 1314 1309 1313
f 1314 1313 1319
f 4339 4338 4367
f 4339 4367 4366
f 795 800 783
f 795 783 779
f 2747 2760 2771
f 2720 2732 2747
f 9082 9081 9076
f 9082 9076 9074
f 9082 9074 9075
f 4244 4247 4258
f 4244 4258 4255
f 4244 4255 4245
f 2824 2778 2771
f 1458 1453 1445
f 1458 1445 1461
f 1521 1487 1511
f 1521 1511 1513
f 58 56 80
f 58 80 82
f 58 82 86
f 10547 10465 10464
f 10547 10464 10460
f 10547 10460 10459
f 10547 10459 10457
f 10547 10457 10571
f 5967 5959 5968
f 5967 5968 8207
f 34 30 32
f 34 32 74
f 6628 6627 7034
f 6628 7034 7033
f 2645 2646 2644
f 2645 2644 2641
f 3028 3031 3027
f 3028 3027 3024
f 10515 10523 10419
f 2119 2120 2121
f 4390 4393 4456
f 4390 4456 4394
f 4390 4394 4391
f 2565 2575 2597
f 2565 2597 2598
f 6904 5977 5976
f 6904 5976 6908
f 9741 9734 6428
f 9741 6428 9744
f 4276 3034 4279
f 4276 4279 4280
f 10465 10547 10546
f 10465 10546 10540
f 10465 10540 10484
f 10465 10484 10485
f 8398 8389 8547
f 8398 8547 8525
f 8398 8525 8408
f 4725 4741 4740
f 4725 4740 4724
f 5063 5064 5059
f 5063 5059 5062
f 6079 6019 6084
f 6079 6084 6083
f 6079 6083 6080
f 6627 5185 5183
f 6627 5183 7034
f 3626 3627 8552
f 9069 9068 9055
f 9069 9055 9057
f 8316 8297 8299
f 8316 8299 8425
f 2299 2297 2320
f 2299 2320 2436
f 2299 2436 2326
f 2299 2326 2264
f 7015 7014 7016
f 7015 7016 7094
f 8269 8270 8263
f 8269 8263 8261
f 6818 6598 6816
f 6598 6819 6592
f 6818 6816 10577
f 10314 10321 8964
f 10317 10314 6820
f 443 418 429
f 443 429 442
f 443 442 452
f 443 452 457
f 443 457 449
f 4028 4024 4038
f 4028 4038 4054
f 4028 4054 4052
f 4028 4052 4030
f 4162 4147 4146
f 4162 4146 4159
f 7849 7983 7916
f 7849 7916 7925
f 7849 7925 7956
f 7849 7956 7812
f 7849 7812 7811
f 344 343 381
f 344 381 366
f 4806 2491 4820
f 4806 4820 4795
f 8372 8348 8353
f 8372 8353 8361
f 8372 8361 8377
f 8372 8377 8378
f 333 332 352
f 333 352 328
f 7511 7510 7507
f 7511 7507 7508
f 7511 7508 7509
f 10503 10504 10594
f 8122 8129 8124
f 4205 4219 4225
f 4205 4225 4227
f 9935 4484 4236
f 9935 4236 4228
f 9935 4228 9839
f 8962 8963 6599
f 2842 2784 2838
f 2842 2838 2846
f 2807 2808 2821
f 2807 2821 2823
f 2807 2823 2834
f 2807 2834 2804
f 6599 8963 6610
f 6587 6592 6586
f 3222 3208 3211
f 4932 4898 4930
f 4932 4930 2220
f 9564 9492 9489
f 9564 9489 1849
f 9564 1849 1841
f 9564 1841 1725
f 9564 1725 1727
f 6877 6878 6876
f 6877 6876 6880
f 6877 6880 6879
f 1881 1878 1890
f 1881 1890 1892
f 4716 4714 4720
f 4716 4720 7452
f 4716 7452 4732
f 5427 5431 5432
f 5427 5432 5425
f 8813 8593 8812
f 8982 8980 4279
f 8982 4279 4287
f 9085 9053 9059
f 9085 9059 5480
f 9085 5480 5486
f 5212 5154 5145
f 6217 6220 6216
f 8928 8929 8922
f 8929 8923 8922
f 3696 3691 3692
f 3696 3692 8519
f 3696 8519 3710
f 8920 8927 8914
f 7689 7688 7683
f 7689 7683 7687
f 9413 9422 9414
f 1904 1884 1887
f 8921 8927 8920
f 8697 8695 2234
f 8697 2234 8698
f 2022 2023 1795
f 8930 8931 8934
f 5857 5779 5778
f 5857 5778 5773
f 1150 10094 10100
f 1150 10100 1153
f 4012 4045 4033
f 4012 4033 4010
f 9329 9328 9313
f 9329 9313 9324
f 9329 9324 9306
f 7464 7467 7470
f 7464 7470 7466
f 7464 7466 7461
f 7464 7461 7460
f 3831 3761 3841
f 3831 3841 3705
f 3204 3199 3195
f 3204 3195 3202
f 3201 3182 3183
f 1834 1842 1855
f 1834 1855 1836
f 2462 2460 2461
f 2561 2613 2662
f 2561 2662 2630
f 6389 6380 6388
f 6380 6389 6379
f 7871 7870 8048
f 8158 8161 8157
f 8158 8157 8149
f 8158 8149 8142
f 8158 8142 8152
f 5408 5399 5416
f 5408 5416 5411
f 6323 6315 6314
f 8806 10292 10290
f 8806 10290 8800
f 6423 6422 6437
f 6423 6437 6434
f 3894 3893 3884
f 3894 3884 3883
f 3894 3883 3887
f 3894 3887 3886
f 6326 6310 6313
f 4153 4165 4158
f 4153 4158 4166
f 4153 4166 4192
f 5137 5139 5138
f 1225 1199 1196
f 1225 1196 1198
f 1225 1198 1212
f 1225 1212 1214
f 2683 2701 2737
f 2683 2737 2700
f 2683 2700 2662
f 2940 2942 5387
f 2940 5387 2941
f 2940 2941 2938
f 6284 6228 6234
f 6350 6284 6234
f 2814 9010 9005
f 2814 9005 2830
f 7901 7899 7904
f 7901 7904 7903
f 3136 3137 3113
f 3136 3113 3111
f 6247 6248 6269
f 6247 6269 6243
f 6247 6243 6241
f 6247 6241 6239
f 7046 7042 7041
f 7046 7041 7044
f 3123 3125 3124
f 3123 3124 3117
f 3123 3117 3116
f 645 644 643
f 645 643 617
f 645 617 620
f 645 620 621
f 645 621 623
f 645 623 625
f 645 625 655
f 645 655 662
f 645 662 634
f 645 634 648
f 645 648 649
f 645 649 632
f 645 632 631
f 645 631 639
f 5125 5117 5124
f 5125 5124 5126
f 6196 6197 6553
f 6196 6553 6552
f 1259 1222 1221
f 1259 1221 1353
f 8248 8264 8267
f 8248 8267 8252
f 2498 2484 2476
f 2498 2476 2472
f 2498 2472 2487
f 947 940 934
f 5380 6283 6299
f 9584 9588 9587
f 6744 6787 6793
f 6235 6264 6253
f 9183 9213 9275
f 9183 9275 9219
f 9183 9219 9202
f 9183 9202 9184
f 206 207 233
f 206 233 203
f 9793 9813 9779
f 9793 9779 9782
f 7987 7748 7800
f 4576 4583 4011
f 4576 4011 4569
f 4576 4569 4571
f 4576 4571 4578
f 4576 4578 4577
f 9692 8738 8741
f 9692 8741 9709
f 9692 9709 9700
f 9981 9947 9937
f 9981 9937 9958
f 6235 6233 6232
f 5310 5243 5246
f 7217 4545 4544
f 7217 4544 9389
f 1130 10127 1239
f 9044 9051 9059
f 9044 9059 9053
f 9044 9053 9045
f 6301 6291 6289
f 6301 6289 6290
f 2359 2353 2354
f 2359 2354 2358
f 2359 2358 2375
f 2353 2352 2351
f 2391 2358 2355
f 2390 2391 2392
f 3481 3454 3444
f 3481 3444 3397
f 3481 3397 3398
f 3481 3398 3480
f 6094 10472 10471
f 6094 10471 10477
f 6094 10477 10473
f 6094 10473 6081
f 6094 6081 6078
f 6286 6287 6285
f 2359 6285 2353
f 6266 6285 2359
f 6266 2359 6299
f 2353 6288 2352
f 2358 2354 2355
f 2353 2351 2354
f 2391 2355 2392
f 1974 1979 1419
f 1974 1419 1992
f 4439 4428 4427
f 4439 4427 4437
f 4439 4437 4440
f 9397 9404 9408
f 9397 9408 9396
f 9397 9396 9394
f 9397 9394 9395
f 6251 6249 6304
f 6444 6441 6448
f 9529 9533 9530
f 7111 7112 7113
f 7111 7113 7110
f 7111 7110 7107
f 5661 5654 5642
f 5661 5642 5651
f 800 795 843
f 800 843 808
f 800 808 805
f 6304 6269 6381
f 6304 6381 6387
f 6304 6387 6384
f 6304 6384 6252
f 6304 6252 6251
f 9751 9752 9750
f 9751 9750 9749
f 9751 9749 9759
f 10478 10479 6096
f 10478 6096 6086
f 10562 10565 8936
f 10562 8936 8948
f 1156 1154 1140
f 10151 10120 10169
f 10151 10169 10160
f 6071 6089 6100
f 6071 6100 6068
f 6071 6068 6066
f 876 865 866
f 10276 2261 2326
f 10276 2326 10264
f 6221 6222 6223
f 2320 2321 10273
f 2320 10273 2436
f 9824 9826 9827
f 9824 9827 9828
f 10170 10106 10123
f 10170 10173 10164
f 6124 6439 6440
f 6124 6440 6446
f 6124 6446 6510
f 6124 6510 6516
f 6124 6516 6522
f 6124 6522 6128
f 4929 4928 4874
f 4929 4874 4863
f 10094 1150 1149
f 10094 1149 1147
f 10094 1147 10080
f 10094 10080 10081
f 219 220 216
f 219 216 218
f 6098 6082 6095
f 6098 6095 6114
f 8143 8137 8135
f 8143 8135 8142
f 8143 8142 8149
f 1308 1309 1314
f 1308 1314 1340
f 1308 1340 1341
f 7073 7082 7071
f 7073 7071 7072
f 7189 7151 7153
f 7189 7153 7180
f 1604 1605 1609
f 1604 1609 1464
f 1604 1464 1612
f 3899 3857 3853
f 3899 3853 3878
f 3338 3317 3354
f 6871 6868 6860
f 6871 6860 6853
f 6871 6853 6852
f 6871 6852 6821
f 6871 6821 6804
f 4099 4453 4093
f 2666 2671 2674
f 2666 2674 2588
f 2666 2588 2592
f 2666 2592 2628
f 9753 9754 9750
f 9753 9750 9752
f 8077 8072 8070
f 10431 10425 10422
f 2753 2725 2722
f 6403 6401 6398
f 6403 6398 6399
f 164 163 27
f 164 27 165
f 8815 8138 8134
f 8815 8134 8124
f 8815 8124 8129
f 8815 8129 8132
f 8815 8132 8816
f 2707 2709 2710
f 2707 2710 2717
f 2707 2717 2722
f 2707 2722 2725
f 8787 8803 10055
f 8787 10055 10054
f 7703 7707 7720
f 7703 7720 7746
f 7703 7746 7744
f 7703 7744 7779
f 7703 7779 7767
f 7703 7767 7749
f 7703 7749 7711
f 651 650 652
f 230 229 228
f 230 228 224
f 1306 1300 1311
f 1306 1311 1307
f 3861 3860 3875
f 3861 3875 3879
f 3861 3879 3869
f 5933 5935 5914
f 5933 5914 2430
f 8228 5805 5806
f 8228 5806 8238
f 5697 5698 5699
f 5697 5699 5700
f 2579 2582 2578
f 9821 9823 9825
f 9821 9825 9824
f 9821 9824 9828
f 9821 9828 9822
f 615 630 612
f 10219 10238 10260
f 4101 4095 4084
f 4101 4084 4082
f 4101 4082 4096
f 4035 4039 5520
f 6623 8162 6622
f 6623 6622 6617
f 7018 7025 7032
f 7018 7032 6831
f 569 589 590
f 569 590 588
f 569 588 592
f 569 592 552
f 569 552 560
f 569 560 559
f 569 559 561
f 8790 8805 8806
f 8790 8806 8800
f 8790 8800 8765
f 9799 9798 9801
f 9307 9322 9321
f 9307 9321 9799
f 9307 9799 9801
f 9307 9801 9800
f 9307 9800 9802
f 9307 9802 9803
f 9307 9803 9334
f 9798 9796 9797
f 9798 9356 9795
f 9784 9795 9785
f 6357 6354 6306
f 9549 9548 9544
f 9549 9544 9543
f 9549 9543 9552
f 9549 9552 9553
f 9549 9553 9554
f 9549 9554 9556
f 5566 5591 5575
f 7010 7024 7022
f 7010 7022 7008
f 9819 9821 9822
f 9298 9311 9196
f 9298 9196 9195
f 9770 9772 9792
f 9795 9356 9806
f 9356 9367 9817
f 9356 9326 9367
f 9764 9766 9768
f 9367 9821 9817
f 9767 9774 9772
f 10537 10527 10536
f 9820 9819 9837
f 660 664 679
f 660 679 677
f 660 677 666
f 660 666 644
f 660 644 645
f 660 645 641
f 660 641 632
f 660 632 649
f 660 649 668
f 660 668 691
f 660 691 663
f 660 663 658
f 5905 5919 5901
f 5905 5901 5893
f 5868 5841 5840
f 5868 5840 5862
f 5654 5662 5658
f 5654 5658 5653
f 5289 5291 5290
f 9770 9769 9768
f 9770 9768 9767
f 9770 9767 9772
f 9757 9764 9762
f 10181 10183 10192
f 10181 10192 10194
f 10181 10194 10195
f 10181 10195 10218
f 9789 9758 9778
f 2206 2192 2183
f 2206 2183 2186
f 2206 2186 2199
f 2206 2199 2211
f 2206 2211 2213
f 9758 9750 9754
f 4465 4454 4459
f 4465 4459 4477
f 4465 4477 4478
f 9307 9289 9322
f 5609 5605 5596
f 5609 5596 5607
f 5609 5607 5611
f 7603 7632 7631
f 7603 7631 7612
f 6322 6328 6329
f 6322 6329 6330
f 6529 6543 6526
f 429 403 398
f 429 398 388
f 429 388 410
f 8742 8741 8740
f 8742 8740 6943
f 6538 6541 6545
f 6538 6545 6542
f 4113 4104 4109
f 4113 4109 4114
f 8370 8369 8360
f 9055 9064 9066
f 9055 9066 9067
f 9055 9067 9056
f 9055 9056 9048
f 9055 9048 9050
f 9055 9050 9054
f 9055 9054 9057
f 2295 2298 2252
f 2295 2252 2253
f 2295 2253 2268
f 2295 2268 2302
f 9464 9468 9481
f 9464 9481 9480
f 9464 9480 9620
f 9464 9620 9634
f 9464 9634 9637
f 9464 9637 9482
f 9464 9482 9486
f 9464 9486 9476
f 9431 9435 5868
f 9431 5868 5877
f 6408 6419 6424
f 2039 2042 2054
f 2039 2054 2058
f 5460 5461 5457
f 5460 5457 5459
f 6206 6201 960
f 6206 960 961
f 6434 6539 6429
f 6397 6395 6400
f 9073 9072 9057
f 9073 9057 9054
f 6530 4139 4143
f 6437 4134 6536
f 6437 4204 4134
f 4143 6544 6529
f 6534 6530 6531
f 4836 4870 4851
f 4836 4851 4837
f 5932 5928 7666
f 5932 7666 7587
f 6396 4170 4172
f 6394 4170 6396
f 6531 6527 6533
f 6971 6972 6965
f 6971 6965 6962
f 6968 6986 6992
f 6968 6992 6970
f 7087 6669 6702
f 7087 6702 7085
f 8575 8580 8561
f 2513 2528 2529
f 2513 2529 2524
f 3844 3616 3582
f 3844 3582 3614
f 3844 3614 3643
f 3844 3643 3672
f 3844 3672 3680
f 4182 4141 4181
f 4182 4142 4141
f 4132 4135 4137
f 4181 4191 4182
f 4140 4142 4143
f 4132 4137 4134
f 10023 10019 4231
f 10023 4231 4239
f 10023 4239 6513
f 1590 1585 1586
f 1590 1586 1588
f 1590 1588 1603
f 4182 4191 4142
f 4143 4142 6544
f 4133 4134 4204
f 4138 4131 4133
f 6549 6552 6548
f 4170 4169 4138
f 6396 4172 6399
f 6399 4172 6403
f 6393 6394 6396
f 6396 6399 6392
f 4442 3485 3486
f 4442 3486 4450
f 6436 6542 8567
f 8567 8566 6436
f 1127 1128 1122
f 1127 1122 1121
f 1127 1121 1131
f 6438 6425 6432
f 3138 3009 3052
f 3138 3052 3067
f 6820 10314 8964
f 6820 8964 6865
f 6820 6865 6819
f 6431 6425 6438
f 6735 6779 6770
f 6735 6770 6773
f 6735 6773 6781
f 6735 6781 6776
f 6735 6776 6775
f 6735 6775 6785
f 6735 6785 6789
f 6735 6789 6811
f 6735 6811 6806
f 6735 6806 6805
f 6735 6805 6790
f 8582 6430 6431
f 8580 8582 8561
f 5234 5233 3170
f 5234 3170 3171
f 1659 1658 1654
f 1659 1654 1656
f 1659 1656 1662
f 4232 4223 4216
f 1457 1452 1455
f 1457 1455 1465
f 1457 1465 1474
f 1457 1474 1473
f 4194 4193 4160
f 4194 4160 4161
f 4194 4161 4177
f 3692 8471 8463
f 3692 8463 8519
f 9556 8707 8709
f 9556 8709 9549
f 4196 4195 4170
f 4195 4197 4171
f 4238 9737 4237
f 9732 9737 9727
f 9727 9737 4238
f 6407 4238 4196
f 5037 5036 5035
f 5037 5035 5034
f 5037 5034 5038
f 6581 6813 6814
f 6581 6814 6582
f 4791 4753 4748
f 4791 4748 4782
f 6402 6397 6409
f 6402 6409 6415
f 4789 4812 2449
f 4789 2449 4815
f 4789 4815 4784
f 4789 4784 4777
f 6411 6402 6415
f 4170 4171 4169
f 4170 4195 4171
f 4196 4170 6394
f 4238 4237 4195
f 4196 4238 4195
f 4238 6407 6413
f 6402 6391 6397
f 633 632 641
f 633 641 636
f 9732 9743 9737
f 4126 4130 4122
f 4163 4151 4130
f 4163 4130 4164
f 9344 9349 9345
f 1989 2013 1967
f 10551 10570 6856
f 10551 6856 6858
f 10551 6858 6859
f 10551 6859 6867
f 10551 6867 10552
f 10551 10552 10550
f 10551 10550 10549
f 3540 3542 3530
f 3540 3530 3526
f 3540 3526 3491
f 7420 7427 7426
f 7420 7426 7421
f 7801 7673 7675
f 9446 9445 9443
f 9446 9443 9442
f 4354 4353 4343
f 6827 6828 6830
f 6827 6830 6829
f 6684 6680 6681
f 6684 6681 6682
f 6684 6682 6664
f 6684 6664 6663
f 6684 6663 6728
f 6684 6728 6674
f 6684 6674 6689
f 5468 5459 5458
f 5468 5458 5467
f 7576 7573 7575
f 1668 1667 1674
f 1668 1674 1064
f 1668 1064 1032
f 6999 6997 6989
f 6999 6989 6990
f 6999 6990 7000
f 2642 2602 8480
f 2642 8480 8481
f 2642 8481 8495
f 5126 5291 5289
f 5126 5289 5293
f 5126 5293 5127
f 7889 7896 7878
f 9186 9175 9181
f 9186 9181 9192
f 4178 4190 4159
f 7600 7522 7548
f 6442 6463 6445
f 6442 6445 6441
f 4221 4190 4178
f 9761 9777 9790
f 9291 9293 9289
f 9291 9289 9285
f 9291 9285 9288
f 9291 9288 9279
f 9291 9279 9284
f 9291 9284 9286
f 9291 9286 9294
f 9753 9756 9760
f 9753 9760 9775
f 9753 9775 9754
f 9756 9761 9760
f 9769 9770 9776
f 9850 9789 9778
f 5432 5437 5422
f 5432 5422 5425
f 201 211 212
f 201 212 210
f 2366 2363 2364
f 2366 2364 2367
f 1385 1381 1694
f 1385 1694 1695
f 1385 1695 1526
f 4559 4554 4560
f 4559 4560 4563
f 7940 7951 7963
f 7940 7963 7961
f 4472 4447 4152
f 4472 4152 4473
f 2556 2552 2551
f 2556 2551 2557
f 6341 6340 6331
f 6341 6331 6333
f 6341 6333 6334
f 4230 4208 4188
f 4230 4188 4203
f 5608 8548 5606
f 5608 5606 5601
f 3304 3331 3276
f 1719 1717 1716
f 1719 1716 1713
f 1719 1713 1714
f 1719 1714 1715
f 1719 1715 9581
f 6849 6799 6801
f 6849 6801 6827
f 4809 4780 4783
f 4809 4783 4807
f 8061 7261 8060
f 8040 8061 8060
f 8040 8060 8056
f 8040 8056 8057
f 8040 8057 8035
f 8060 7261 8056
f 9083 9080 9078
f 9083 9078 9077
f 10570 10569 6854
f 10570 6854 6856
f 239 254 253
f 239 253 241
f 9696 9698 9704
f 6718 6717 6751
f 6718 6751 6778
f 6061 6059 6058
f 2908 2884 2883
f 2908 2883 2897
f 9660 9645 9640
f 7570 7599 7643
f 7570 7643 7560
f 7570 7560 7526
f 1253 1235 1700
f 1253 1700 1596
f 9705 8734 8736
f 9705 8736 8738
f 9705 8738 9692
f 212 257 7830
f 7830 7804 7249
f 9401 9410 9406
f 9401 9406 9405
f 4117 4109 4103
f 4117 4103 4110
f 4117 4110 4123
f 9809 9357 9374
f 9809 9374 9805
f 7245 7249 7240
f 10089 10082 10104
f 3412 3511 3510
f 7268 7250 7246
f 9236 9240 9260
f 9236 9260 9259
f 221 220 7242
f 2322 2319 2265
f 2322 2265 2267
f 2322 2267 2333
f 2322 2333 2332
f 7139 7134 7109
f 7139 7109 7110
f 7139 7110 7113
f 9286 9284 9287
f 5537 5526 5527
f 5537 5527 5531
f 2811 2818 2828
f 2811 2828 9009
f 2811 9009 9006
f 660 658 659
f 2663 2762 2742
f 2663 2742 2694
f 2663 2694 2629
f 2663 2629 2595
f 7599 7570 7598
f 7598 7570 7571
f 7096 6721 6726
f 6461 6456 6451
f 6461 6451 6454
f 6461 6454 6455
f 7567 7574 7572
f 7567 7572 7517
f 7567 7517 7514
f 217 221 7264
f 7623 7506 7622
f 7506 7623 7577
f 7507 7506 7508
f 7574 7567 7506
f 7771 7575 7770
f 2031 2001 2039
f 5577 5574 5582
f 5577 5582 5576
f 5577 5576 5564
f 5577 5564 5548
f 5577 5548 5547
f 3413 3570 3311
f 3413 3311 3310
f 3413 3310 3314
f 3413 3314 3356
f 3413 3356 3554
f 3413 3554 3553
f 3413 3553 3451
f 3413 3451 3298
f 3413 3298 3275
f 3413 3275 3274
f 3413 3274 3277
f 3413 3277 3281
f 8004 7268 7267
f 10354 10353 10351
f 10354 10351 10352
f 10354 10352 10522
f 6559 6562 6561
f 6559 6561 6560
f 6559 6560 6558
f 6559 6558 6556
f 6559 6556 6564
f 6559 6564 6563
f 5928 5932 5923
f 5928 5923 5921
f 1471 1451 1454
f 1471 1454 1462
f 1471 1462 1470
f 7818 7768 7831
f 7818 7831 9019
f 8013 8010 8024
f 4495 4492 4491
f 4495 4491 4502
f 8005 7269 8006
f 5094 5088 5091
f 5094 5091 5491
f 2697 2638 2639
f 2697 2639 2705
f 2370 2367 2371
f 2370 2371 2392
f 2370 2392 2355
f 7533 7534 7565
f 7533 7565 7532
f 6740 6753 6754
f 6740 6754 6732
f 6740 6732 6724
f 10069 10068 10073
f 10069 10073 10084
f 8809 8807 8783
f 8809 8783 8799
f 8809 8799 8795
f 4573 4567 4574
f 4573 4574 4575
f 4573 4575 4579
f 5206 5196 5199
f 5780 5782 5784
f 5780 5784 5781
f 5311 5200 5210
f 5210 5200 5192
f 51 56 48
f 51 48 49
f 6984 6998 6990
f 6984 6990 6979
f 4006 4005 4019
f 4006 4019 4018
f 4006 4018 4014
f 9693 9690 9632
f 9693 9632 1844
f 9693 1844 1840
f 9693 1840 1843
f 9693 1843 1856
f 8653 8658 8671
f 151 152 153
f 5208 5200 5311
f 7783 2833 2764
f 7783 2764 2765
f 7783 2765 2812
f 5192 5205 5202
f 2680 2819 2825
f 2680 2825 2790
f 2680 2790 2684
f 5209 5210 5192
f 9501 9500 9507
f 9501 9507 9504
f 1863 1862 1868
f 1863 1868 1869
f 7068 5130 5129
f 7068 5129 5128
f 6784 6823 6826
f 6784 6826 6783
f 3536 3087 3089
f 3536 3089 3544
f 3536 3544 3535
f 3536 3535 3499
f 6196 6148 6149
f 6196 6149 6197
f 3066 3065 3048
f 3066 3048 3047
f 3066 3047 3055
f 8404 8400 8304
f 8404 8304 8308
f 8456 8455 8457
f 8456 8457 8458
f 3505 3529 3481
f 3505 3481 3480
f 5204 5218 5154
f 5204 5154 5212
f 5204 5212 5207
f 1104 1176 1189
f 1104 1189 1142
f 5453 5447 5397
f 5453 5397 5438
f 5453 5438 5472
f 8088 8087 8085
f 8088 8085 8084
f 6793 6794 10581
f 10558 6837 10524
f 10423 10512 10516
f 542 541 540
f 542 540 290
f 542 290 288
f 1997 1998 1996
f 8010 8013 8003
f 8010 8003 7985
f 8010 7985 7973
f 8010 7973 8000
f 8010 8000 8007
f 2833 7743 7765
f 3667 3663 3658
f 3667 3658 3657
f 3667 3657 3661
f 3667 3661 3666
f 379 386 345
f 379 345 338
f 7688 7689 8055
f 7688 8055 7692
f 7429 7418 7410
f 7429 7410 7422
f 21 25 26
f 21 26 12
f 21 12 15
f 2638 2601 2600
f 2638 2600 2636
f 2638 2636 2637
f 2638 2637 2639
f 878 872 862
f 878 862 870
f 6056 6054 6055
f 6056 6055 6063
f 5048 5040 5052
f 5048 5052 5071
f 1738 1739 1740
f 1738 1740 1737
f 1738 1737 1736
f 10349 10352 10351
f 10349 10351 6734
f 10349 6734 10350
f 3337 3343 3345
f 3337 3345 3344
f 3686 3650 3646
f 3686 3646 3630
f 3686 3630 3629
f 3686 3629 3628
f 3686 3628 3647
f 4982 4983 4976
f 4982 4976 4979
f 3254 3255 3361
f 3254 3361 3515
f 3254 3515 3435
f 3249 3255 3254
f 3507 3435 3515
f 5651 5664 5679
f 5651 5679 5661
f 3247 3255 3249
f 6364 6355 6295
f 6364 6295 6351
f 627 661 654
f 627 654 625
f 3266 3506 3361
f 3294 3506 3266
f 3425 3526 3530
f 3425 3530 3427
f 3504 3466 3469
f 5963 5970 5965
f 5963 5965 5954
f 2905 2897 2909
f 2905 2909 2907
f 150 152 151
f 150 151 149
f 3766 3769 3768
f 3766 3768 3751
f 1347 1346 1226
f 1347 1226 1335
f 1801 1777 1775
f 1801 1775 1776
f 1801 1776 1802
f 10263 10265 10274
f 10263 10274 10262
f 2773 2775 10496
f 2773 10496 10497
f 8913 8108 8891
f 8913 8891 8898
f 8913 8898 8899
f 10123 10106 10090
f 10123 10090 10077
f 10123 10077 10177
f 9655 9654 9651
f 9655 9651 9652
f 9655 9652 9653
f 7514 7517 7512
f 7514 7512 7509
f 7514 7509 7508
f 7382 7308 7383
f 7382 7383 7380
f 7382 7380 7306
f 9137 9136 9124
f 9137 9124 9123
f 9463 9458 9459
f 9652 9463 9459
f 9652 9459 9456
f 9652 9456 9653
f 4015 4574 4567
f 4015 4567 4570
f 5279 8176 8175
f 5279 8175 5276
f 6275 6294 6222
f 6275 6222 6221
f 6275 6221 6211
f 6275 6211 6215
f 1782 1779 1780
f 1782 1780 1781
f 1782 1781 1783
f 4980 4978 4999
f 4980 4999 4993
f 4980 4993 4985
f 8963 8943 8944
f 8963 8944 6610
f 7439 7435 7430
f 28 63 165
f 28 165 27
f 6434 6437 6536
f 6434 6536 6535
f 6434 6535 6539
f 6392 6395 6397
f 6392 6397 6391
f 117 90 118
f 117 118 119
f 3709 3713 3689
f 3709 3689 3711
f 6063 6000 6001
f 6063 6001 6073
f 5666 5657 5633
f 5666 5633 5634
f 5666 5634 5645
f 5330 5331 5337
f 5330 5337 5336
f 5330 5336 5332
f 8446 8449 8451
f 8446 8451 8452
f 8446 8452 8439
f 8446 8439 8434
f 8446 8434 8440
f 1424 980 985
f 1424 985 1423
f 9978 9922 9710
f 9978 9710 9920
f 9978 9920 9926
f 9978 9926 10025
f 9978 10025 9996
f 9978 9996 9962
f 9978 9962 9905
f 9978 9905 9906
f 9978 9906 9903
f 9978 9903 9898
f 9978 9898 9897
f 9978 9897 10001
f 7180 7153 7169
f 7180 7169 7170
f 6716 6715 6719
f 3514 7322 7313
f 3514 7313 3492
f 399 395 398
f 399 398 403
f 4332 4334 4335
f 4332 4335 4331
f 3694 3695 3712
f 3694 3712 3711
f 6523 6130 10026
f 6523 10026 10027
f 6523 10027 6518
f 5202 5228 5226
f 5202 5226 5223
f 5202 5223 5209
f 5202 5209 5192
f 7995 7992 7975
f 7995 7975 7966
f 7995 7966 7983
f 1871 1888 1882
f 7989 7984 7993
f 7989 7993 8022
f 7989 8022 8021
f 4885 4883 4925
f 4885 4925 4938
f 4885 4938 4926
f 5509 5507 5440
f 5509 5440 5441
f 2207 2191 2184
f 2207 2184 2178
f 2207 2178 2183
f 2207 2183 2192
f 5104 5105 5107
f 5104 5107 5106
f 5104 5106 5135
f 5104 5135 5100
f 10260 10203 10219
f 6721 6720 6726
f 6720 6725 6726
f 7095 7096 7029
f 5805 8227 5839
f 5805 5839 5804
f 7096 6726 7029
f 7029 6726 6727
f 7029 6727 7032
f 2659 2613 2561
f 2659 2561 2559
f 2659 2559 2607
f 2659 2607 2656
f 6727 6791 6831
f 5269 8165 8166
f 5269 8166 5270
f 7028 7029 7032
f 5097 7102 5102
f 7028 7032 7025
f 7014 7015 7012
f 7018 7006 7005
f 7018 7030 7006
f 7019 7020 7021
f 7019 7021 5102
f 10584 10595 10438
f 10584 10438 10445
f 10584 10445 10521
f 5107 5105 5109
f 7005 7006 7007
f 5109 5110 5107
f 291 741 349
f 291 349 292
f 7007 7036 6875
f 7021 7023 7026
f 6152 6155 6156
f 6152 6156 6138
f 7102 7019 5102
f 7032 6727 6831
f 7018 7005 7012
f 7018 7012 7015
f 7018 7015 7025
f 1719 1724 1720
f 1719 1720 1717
f 5103 5105 5104
f 7018 6831 7030
f 7005 7007 7008
f 899 898 893
f 899 893 890
f 899 890 892
f 7009 7017 7010
f 7022 7024 7023
f 1329 1018 1247
f 1329 1247 1337
f 4882 4891 4896
f 4882 4896 4901
f 4882 4901 4883
f 6768 6771 6776
f 6768 6776 6781
f 6768 6781 6777
f 2653 2648 2645
f 2653 2645 2640
f 6792 6767 6770
f 6773 6777 6781
f 9205 9280 9276
f 9205 9276 9213
f 6875 6874 7035
f 6874 6812 6605
f 6874 6605 6601
f 6817 6790 6805
f 7017 7011 7035
f 7009 7011 7017
f 8209 8207 8204
f 8195 8203 8200
f 5968 5959 5958
f 8188 8195 8194
f 7937 7940 7939
f 7937 7939 7934
f 8203 5961 8200
f 8205 8209 8204
f 8205 8198 8191
f 8205 8204 8198
f 5195 5207 5215
f 5195 5215 5201
f 5951 5942 5943
f 5953 5963 5954
f 5391 5406 5409
f 5391 5409 5392
f 803 804 3715
f 4791 4782 4793
f 4791 4793 4803
f 9932 9942 9930
f 9791 9788 9841
f 9841 9788 9846
f 822 818 820
f 822 820 826
f 10000 9969 9999
f 1623 1622 1621
f 1623 1621 1177
f 1623 1177 1178
f 9130 9129 9131
f 7648 7654 7611
f 2141 2119 2129
f 2141 2129 2128
f 2141 2128 2130
f 9804 9807 9811
f 9793 9816 9813
f 9816 9815 9813
f 1611 1423 1425
f 1611 1425 1427
f 1611 1427 1429
f 1611 1429 1430
f 1611 1430 1431
f 8877 8873 8881
f 8877 8881 8883
f 8877 8883 8860
f 9808 9811 9815
f 6173 6172 6155
f 6141 6159 6140
f 6185 6192 6180
f 6141 6139 4222
f 6176 6166 6172
f 1913 1915 1906
f 1913 1906 1901
f 6180 6187 6179
f 6166 6170 6165
f 6179 6187 6188
f 6819 6598 6818
f 6819 6818 10317
f 6819 10317 6820
f 6180 6189 6187
f 6172 6166 6155
f 9739 9740 6187
f 6140 6138 6137
f 6187 9740 6188
f 6156 6165 6157
f 4598 4591 4597
f 4598 4597 4599
f 6146 6157 6161
f 4233 6141 4222
f 4191 4222 6552
f 6177 6183 6186
f 2252 2250 2241
f 2252 2241 2248
f 6167 6168 6178
f 4699 4707 4700
f 4699 4700 4703
f 4699 4703 4678
f 4699 4678 4691
f 6194 6193 8581
f 4202 4233 4222
f 6552 4222 6196
f 4222 6148 6196
f 6168 6177 6178
f 6178 6191 6184
f 2479 2453 2455
f 2479 2455 2456
f 2479 2456 2457
f 2479 2457 2458
f 2479 2458 2475
f 6193 9736 9741
f 6193 9741 8581
f 8575 8581 8580
f 9739 9738 9722
f 9739 9722 9724
f 9720 9731 9732
f 9720 9732 9727
f 9740 9739 9724
f 9726 9727 4238
f 1927 1925 1937
f 1927 1937 1938
f 9724 9722 9718
f 9718 9722 9719
f 8438 8433 8432
f 8438 8432 8436
f 8438 8436 8443
f 8438 8443 8441
f 8438 8441 8442
f 8438 8442 8448
f 8438 8448 8444
f 8967 8969 8971
f 8967 8971 8972
f 8967 8972 8970
f 4352 4356 4361
f 4352 4361 4347
f 6410 6405 6404
f 9713 9712 9714
f 9711 9712 9713
f 1401 1406 1398
f 1401 1398 1397
f 8944 8943 8935
f 8944 8935 8911
f 5622 5621 5615
f 5622 5615 5617
f 5622 5617 5620
f 5622 5620 5623
f 9744 6428 6427
f 9733 9731 9719
f 9719 9731 9720
f 4238 6413 9726
f 9723 9716 9712
f 626 627 625
f 626 625 623
f 626 623 624
f 9714 9715 9721
f 9721 6414 6412
f 9729 6412 6410
f 9713 9714 9717
f 7652 7662 7645
f 9729 6410 6417
f 6184 6191 9735
f 9713 9717 9728
f 4855 4877 4923
f 4855 4923 4949
f 4855 4949 4941
f 9735 9728 9736
f 10427 10428 6845
f 10427 6845 10426
f 241 249 211
f 241 211 240
f 916 905 906
f 127 96 872
f 127 872 878
f 3856 3857 4615
f 6412 9729 9717
f 6412 9717 9714
f 6412 9714 9721
f 3843 3854 3842
f 3848 3853 3857
f 3848 3857 3856
f 3848 3856 3854
f 3848 3854 3843
f 3848 3843 3835
f 2008 2013 1989
f 6782 6786 6851
f 6782 6851 6803
f 3899 3882 4049
f 6670 6669 7087
f 6670 7087 7091
f 6282 6242 6250
f 6282 6250 6286
f 6282 6286 6285
f 6282 6285 6266
f 6282 6266 6276
f 6282 6276 6277
f 6282 6277 6278
f 6282 6278 6293
f 6282 6293 6271
f 8954 8964 10321
f 8954 10321 8953
f 5255 5224 5229
f 5255 5229 5265
f 5255 5265 5280
f 5255 5280 5264
f 9987 9950 9934
f 9987 9934 9966
f 9987 9966 9989
f 7835 7836 7837
f 7835 7837 7842
f 7835 7842 7834
f 7835 7834 7827
f 6946 6950 6951
f 6946 6951 6932
f 2224 6505 6501
f 2224 6501 2217
f 8490 8489 8502
f 8490 8502 8500
f 8981 8980 8976
f 8981 8976 8977
f 8981 8977 8991
f 8981 8991 8990
f 8981 8990 8983
f 8981 8983 8984
f 9560 9567 9566
f 9560 9566 9536
f 9560 9536 9523
f 9560 9523 9515
f 9566 9535 9536
f 9565 9535 9566
f 6224 6244 6218
f 1794 1793 1784
f 1794 1784 1789
f 1794 1789 1797
f 5739 5740 5732
f 5739 5732 5719
f 9452 9454 9451
f 527 519 512
f 527 512 513
f 458 6991 6987
f 458 6987 7518
f 458 7518 451
f 458 451 450
f 9830 9827 9826
f 9830 9826 9831
f 6225 6226 6219
f 6225 6219 6218
f 10450 10449 10451
f 9515 9514 9560
f 5947 5952 5950
f 5947 5950 5949
f 5947 5949 5944
f 4258 4247 4265
f 4258 4265 4267
f 10599 10572 10457
f 10599 10457 10459
f 3893 3898 3901
f 3893 3901 3895
f 3893 3895 3885
f 3893 3885 3884
f 748 861 772
f 7678 7697 7679
f 7678 7679 7685
f 7678 7685 7676
f 7678 7676 7670
f 9560 9573 9567
f 4212 4211 4213
f 4212 4213 4240
f 4212 4240 4239
f 4212 4239 4231
f 8872 8870 8855
f 8872 8855 8846
f 8095 8092 8093
f 8095 8093 8090
f 8095 8090 8089
f 8095 8089 7792
f 8095 7792 7794
f 8095 7794 7828
f 3456 7320 3528
f 3456 3528 3517
f 4216 4223 4184
f 4216 4184 4179
f 6164 8573 8569
f 6164 8569 8572
f 8590 8591 8592
f 8590 8592 8593
f 6636 6642 6641
f 6636 6641 6640
f 788 760 776
f 788 776 786
f 788 786 798
f 788 798 797
f 5339 5215 5340
f 685 686 628
f 685 628 626
f 4812 4821 2444
f 4812 2444 2445
f 4812 2445 2449
f 5945 5948 5947
f 5945 5947 5944
f 5945 5944 5940
f 3151 3153 3175
f 3151 3175 3157
f 7888 7884 7887
f 7888 7887 7889
f 7888 7889 7878
f 7888 7878 7880
f 7888 7880 7890
f 2916 2928 6382
f 2916 6382 2931
f 6807 6810 6809
f 6809 6596 6590
f 4109 4104 4097
f 4109 4097 4102
f 4109 4102 4103
f 10558 10523 10515
f 10558 10515 10421
f 10558 10421 10555
f 10558 10555 6797
f 10558 6797 10427
f 10558 10427 10431
f 10558 10431 10422
f 10558 10422 10420
f 9211 9260 9240
f 9211 9240 9214
f 6808 6807 6809
f 6808 6590 6585
f 9735 9736 6193
f 9735 6193 6184
f 7035 6601 6604
f 6874 6601 7035
f 6808 6809 6590
f 6585 6576 6594
f 6585 6575 6576
f 8342 8314 8312
f 8342 8312 8325
f 6581 6810 6813
f 7017 7035 6604
f 867 871 870
f 6604 6612 6620
f 6377 6365 6364
f 6377 6364 6351
f 6377 6351 6339
f 6377 6339 6369
f 10320 10297 10298
f 10335 10586 10559
f 10335 10559 6838
f 10335 6838 6832
f 10335 6832 6830
f 10335 6830 6828
f 10335 6828 6802
f 10298 10297 10295
f 10319 10299 10303
f 9390 9389 9384
f 9390 9384 9386
f 6814 6815 6582
f 8278 8282 8281
f 8278 8281 8276
f 6816 6598 6593
f 3067 3052 3048
f 3067 3048 3065
f 6582 6593 6584
f 888 890 893
f 888 893 887
f 9661 9675 9648
f 9661 9648 9644
f 9661 9644 9673
f 7028 7025 7015
f 7028 7015 7029
f 2375 2377 2388
f 2375 2388 2410
f 2375 2410 2359
f 6577 6573 6580
f 6580 6573 6570
f 10376 10332 10593
f 10376 10593 10331
f 10376 10331 10327
f 10376 10327 10328
f 10376 10328 10334
f 10376 10334 10336
f 645 639 647
f 645 647 646
f 6561 6566 6565
f 6561 6565 6560
f 10284 10256 10179
f 10284 10179 8809
f 8122 8131 8132
f 8122 8132 8129
f 9679 9494 9648
f 9679 9648 9675
f 9679 9675 9681
f 9679 9681 9678
f 10117 10122 10163
f 10117 10163 10141
f 10520 10300 10318
f 1714 1713 1711
f 1714 1711 1709
f 7827 7740 8097
f 7827 8097 7863
f 3990 3991 4001
f 3990 4001 3996
f 2064 2065 2066
f 2065 2064 5799
f 5795 5797 2065
f 5801 2064 5802
f 5802 2064 2066
f 2066 2065 5806
f 5803 2066 5804
f 5801 5799 2064
f 5803 5804 5807
f 5807 5804 5743
f 8530 8521 8673
f 8530 8673 8672
f 2118 2133 2151
f 2118 2151 2148
f 2118 2148 2114
f 5805 8228 8215
f 5731 5742 5721
f 5805 8215 8227
f 5743 5738 5729
f 2496 2478 2477
f 2496 2477 2492
f 2496 2492 2501
f 5721 5729 5706
f 5706 5729 5720
f 8230 8218 8220
f 5798 2065 5797
f 6827 6846 6849
f 2066 5803 5809
f 5800 5799 5801
f 4914 5626 5624
f 4914 5624 5629
f 9374 9803 9804
f 9374 9804 9805
f 5839 8227 8230
f 5839 8230 5738
f 5738 8230 5736
f 7953 2842 2846
f 7953 2846 7939
f 7464 7465 7469
f 7464 7469 7467
f 5706 5720 5705
f 5736 8239 5730
f 5720 5719 5705
f 2179 2269 2270
f 2179 2270 2271
f 5720 5730 5719
f 8239 8220 8231
f 5705 5719 5711
f 5719 5730 5739
f 5723 5719 5732
f 5989 5987 5991
f 5989 5991 5994
f 5989 5994 6023
f 8243 9939 9979
f 5740 9979 9983
f 5720 5736 5730
f 5723 5711 5719
f 9939 9928 9979
f 4265 4261 4355
f 4265 4355 4353
f 3365 3369 3368
f 3365 3368 3367
f 6848 10417 6788
f 1746 1745 1741
f 1746 1741 1740
f 5807 5743 5742
f 5807 5742 5833
f 10417 10517 6788
f 6817 6822 7036
f 6817 7036 7030
f 6817 7030 6831
f 6817 6831 6791
f 6038 6041 3074
f 6038 3074 6043
f 6757 6759 6769
f 6909 6900 6910
f 6909 6910 6911
f 6714 6748 6747
f 1615 1613 1606
f 1615 1606 1601
f 1615 1601 1617
f 9688 9650 9636
f 9688 9636 9674
f 9688 9674 9682
f 9688 9682 9685
f 9688 9685 9699
f 4480 4505 4489
f 4480 4489 4445
f 6546 6551 6554
f 6528 6546 6541
f 6149 6143 6153
f 6541 6546 6550
f 6153 6143 6150
f 8576 6554 8577
f 8577 6153 6150
f 8614 8612 8617
f 8614 8617 7902
f 6178 6184 6171
f 6178 6171 6167
f 7785 7788 7821
f 7785 7821 7822
f 7785 7822 7738
f 7785 7738 7658
f 6735 6725 6720
f 6735 6720 6722
f 6735 6722 6779
f 6551 6195 6554
f 6541 6550 6545
f 5812 5813 5814
f 5812 5814 5819
f 10028 10022 10031
f 10028 10031 10034
f 6914 6916 6915
f 6914 6915 6895
f 6914 6895 6894
f 8569 8573 8564
f 8563 8556 8559
f 8573 6154 8571
f 10017 10546 10547
f 10017 10547 10548
f 6160 6171 6175
f 9087 9091 9077
f 9087 9077 9076
f 8562 8560 8556
f 9135 9147 9145
f 9135 9145 9143
f 9135 9143 9127
f 8578 6163 6181
f 5713 5714 5664
f 5713 5664 5648
f 5713 5648 5715
f 8574 8579 8575
f 8575 8561 8560
f 8579 6181 6194
f 6131 6145 6132
f 5597 5595 5580
f 5597 5580 5555
f 5597 5555 5565
f 5597 5565 5585
f 8569 8564 8563
f 8571 8574 8562
f 7271 8061 8040
f 7090 7080 7081
f 9121 9218 9204
f 9121 9204 9122
f 9121 9122 9120
f 6667 6672 6679
f 6667 6679 6677
f 6667 6677 6671
f 6667 6671 6673
f 6667 6673 6729
f 6667 6729 6733
f 6667 6733 6712
f 6667 6712 6658
f 6667 6658 6665
f 6667 6665 6666
f 1539 1540 1537
f 1539 1537 1535
f 1539 1535 1532
f 1539 1532 1533
f 7090 7089 7101
f 7101 7100 7099
f 7079 7080 7090
f 8836 3548 8120
f 7090 7081 7084
f 7090 7084 7088
f 7090 7088 7089
f 4856 4864 4865
f 4856 4865 4866
f 4856 4866 4867
f 4856 4867 4871
f 4856 4871 4852
f 4856 4852 4828
f 4856 4828 4839
f 2964 3014 3135
f 2964 3135 3040
f 6628 6604 6620
f 6620 6612 6613
f 3865 3860 3862
f 3865 3862 3864
f 457 452 473
f 457 473 6974
f 457 6974 6985
f 457 6985 6987
f 457 6987 6991
f 7024 7031 7027
f 5111 7027 5183
f 7027 7034 5183
f 9985 9961 9994
f 9985 9994 10019
f 6627 5186 5185
f 6627 6613 5186
f 7031 7017 7033
f 6603 6625 5186
f 5185 5186 5184
f 5184 5186 6625
f 6588 6568 6574
f 6577 6580 6570
f 3319 3309 3367
f 3319 3367 3371
f 3319 3371 3490
f 2525 2536 4739
f 2525 4739 4740
f 2525 4740 4741
f 2525 4741 2520
f 2525 2520 2519
f 6492 6495 6481
f 6492 6481 6466
f 6492 6466 6462
f 6492 6462 6463
f 5813 5811 5833
f 5813 5833 5827
f 5813 5827 5828
f 5813 5828 5822
f 5220 5201 5215
f 5220 5215 5339
f 5220 5339 5156
f 3841 3713 3709
f 3841 3709 3705
f 3858 3977 3914
f 3858 3914 3850
f 6707 6709 6708
f 831 827 819
f 831 819 817
f 831 817 818
f 831 818 822
f 831 822 833
f 831 833 832
f 982 984 983
f 982 983 979
f 10016 10548 10549
f 10016 10549 10550
f 9893 9867 9862
f 9893 9862 9871
f 9114 9110 9115
f 9114 9115 9118
f 3970 3946 3958
f 3970 3958 3973
f 3970 3973 3989
f 3970 3989 3980
f 9062 9063 4399
f 9062 4399 4401
f 6671 6756 10532
f 6671 10532 10531
f 6671 10531 10530
f 6671 10530 10528
f 8186 5280 5265
f 8186 5265 5266
f 1773 1770 1771
f 1773 1771 1798
f 1773 1798 1850
f 4989 4984 4981
f 4989 4981 4986
f 3502 7331 7330
f 3502 7330 3524
f 2699 2767 2794
f 2699 2794 2809
f 2699 2809 2761
f 6626 8179 6625
f 6603 6600 6606
f 6625 6606 6626
f 6603 6606 6625
f 10533 10585 10588
f 10533 10588 10537
f 10533 10537 10536
f 5179 5184 5180
f 5184 8179 5180
f 6625 8179 5184
f 5179 5183 5185
f 5179 5185 5184
f 1990 2010 2012
f 1990 2012 1988
f 5064 5066 2500
f 5064 2500 5069
f 5064 5069 5060
f 5895 5908 5922
f 5895 5922 5894
f 8898 8894 8903
f 8898 8903 8904
f 8168 8169 3147
f 8168 3147 8156
f 4779 4780 4804
f 4779 4804 4794
f 10062 10065 10075
f 10062 10075 10074
f 10062 10074 10072
f 10062 10072 10064
f 8814 8138 8815
f 8814 8815 8900
f 8814 8900 8892
f 5162 5157 5141
f 5141 5108 5162
f 5107 5108 5106
f 5106 5108 5141
f 7026 7027 5111
f 5162 5179 5180
f 2841 2827 2805
f 2841 2805 2806
# 10604 vertices
# 0 texture params
# 0 normals
# 21204 facets

# 1 groups
